{"tag": "repository_Template", "attributes": {"activated": "false", "date": "2021-01-04 10_26_29.975", "description": "", "domainid": "1743", "id": "25807", "isPlugin": "false", "lastFunctionDate": "2021-01-04 10_26_30.006", "lastFunctionParent": "30", "lastFunctionUser": "1", "name": "TestCalc1", "resdescid": "20949", "subtypes": "63", "version": "1.5"}, "children": [{"tag": "CONTENT", "attributes": {"debugMode": "0", "maxIdTemplate": "6", "messageFilter": "", "monoDataLoader": "true", "tagVersion": "E_P3_1_1_5_2q17"}, "children": [{"tag": "repository_TextStyle", "attributes": {"hidden": "true", "resdescid": "20947"}, "is_external": true, "used_time": 2, "resdescid": "20947", "children": []}, {"tag": "repository_DataManager", "attributes": {"default": "true", "name": "client", "resdescid": "4199"}, "is_external": true, "used_time": 24, "resdescid": "4199", "children": []}, {"tag": "inputData", "attributes": {"current": "client.dat", "filter": ""}, "is_external": false, "used_time": 1, "children": []}, {"tag": "PageContext", "attributes": {"description": "", "expanded": "true", "idTemplate": "2", "name": "Default Letter"}, "is_external": false, "used_time": 1, "children": [{"tag": "CONTENT", "attributes": {"bottomMargin": "5669", "breakPageEnd": "false", "column": "1", "heightFooter": "5669", "heightHeader": "11338", "interColumn": "0", "leftMargin": "5669", "mainSection": "true", "orientation": "Portrait", "pageFormat": "A4", "pageHeight": "84188", "pageName": "1_1_1", "pageWidth": "59527", "resetNumbering": "false", "rightMargin": "5669", "sectionRule": "continue", "startNumber": "1", "startPageRule": "none", "topMargin": "5669", "unit": "100p"}, "is_external": false, "used_time": 1, "children": [{"tag": "Header", "attributes": {"VBalancing": "Top", "active": "false", "bottomMargin": "0", "height": "11338", "leftMargin": "0", "rightMargin": "0", "topMargin": "0"}, "is_external": false, "used_time": 1, "children": []}, {"tag": "Footer", "attributes": {"VBalancing": "Top", "active": "false", "bottomMargin": "0", "height": "5669", "leftMargin": "0", "rightMargin": "0", "topMargin": "0"}, "is_external": false, "used_time": 1, "children": []}, {"tag": "Body", "attributes": {"VBalancing": "NONE", "bottomMargin": "566", "column": "1", "columnWidth": "48189", "gauging": "false", "height": "-1", "interColumn": "0", "leftMargin": "0", "rightMargin": "0", "topMargin": "566"}, "is_external": false, "used_time": 1, "children": []}, {"tag": "FirstHeader", "attributes": {"VBalancing": "NONE", "active": "false", "bottomMargin": "0", "height": "-1", "leftMargin": "0", "rightMargin": "0", "topMargin": "0"}, "is_external": false, "used_time": 1, "children": []}, {"tag": "LastFooter", "attributes": {"VBalancing": "NONE", "active": "false", "bottomMargin": "0", "height": "-1", "leftMargin": "0", "rightMargin": "0", "topMargin": "0"}, "is_external": false, "used_time": 1, "children": []}]}, {"tag": "Body", "attributes": {"description": "", "expanded": "true", "idTemplate": "4", "name": "Body", "usage": "use"}, "is_external": false, "used_time": 1, "children": [{"tag": "repository_TemplateSubSet", "attributes": {"idTemplate": "6", "resdescid": "20948"}, "is_external": true, "used_time": 1, "resdescid": "20948", "children": []}]}]}]}]}