{"tag": "repository_Template", "attributes": {"activated": "false", "date": "2015-03-25 15_06_54.806", "description": "", "domainid": "235", "id": "1086", "isPlugin": "false", "lastFunctionDate": "2015-03-25 15_06_54.812", "lastFunctionParent": "30", "lastFunctionUser": "1", "name": "Letter Page", "resdescid": "506", "subtypes": "", "version": "1.4"}, "children": [{"tag": "CONTENT", "attributes": {"maxIdTemplate": "10", "messageFilter": "", "monoDataLoader": "true"}, "children": [{"tag": "repository_TextStyle", "attributes": {"hidden": "true", "resdescid": "23"}, "is_external": true, "used_time": 138, "resdescid": "23", "children": []}, {"tag": "repository_DataManager", "attributes": {"default": "true", "name": "sample", "resdescid": "444"}, "is_external": true, "used_time": 7, "resdescid": "444", "children": []}, {"tag": "inputData", "attributes": {"current": "samples.xml", "filter": ""}, "is_external": false, "used_time": 1, "children": []}, {"tag": "PageContext", "attributes": {"description": "", "expanded": "true", "idTemplate": "6", "name": "Default Letter"}, "is_external": false, "used_time": 1, "children": [{"tag": "CONTENT", "attributes": {"bottomMargin": "5669", "breakPageEnd": "false", "column": "1", "heightFooter": "5669", "heightHeader": "11338", "interColumn": "0", "leftMargin": "5669", "mainSection": "true", "orientation": "Portrait", "pageFormat": "Lettre US", "pageHeight": "79261", "pageName": "1_1_1", "pageWidth": "61363", "resetNumbering": "false", "rightMargin": "5669", "sectionRule": "nextpage", "startNumber": "1", "startPageRule": "none", "topMargin": "5669", "unit": "100p"}, "is_external": false, "used_time": 1, "children": [{"tag": "Header", "attributes": {"VBalancing": "false", "active": "true", "bottomMargin": "0", "height": "11338", "leftMargin": "0", "rightMargin": "0", "topMargin": "0"}, "is_external": false, "used_time": 1, "children": []}, {"tag": "Footer", "attributes": {"VBalancing": "false", "active": "true", "bottomMargin": "0", "height": "5669", "leftMargin": "0", "rightMargin": "0", "topMargin": "0"}, "is_external": false, "used_time": 1, "children": []}, {"tag": "Body", "attributes": {"VBalancing": "false", "bottomMargin": "566", "column": "1", "columnWidth": "50025", "gauging": "false", "height": "-1", "interColumn": "0", "leftMargin": "0", "rightMargin": "0", "topMargin": "566"}, "is_external": false, "used_time": 1, "children": []}, {"tag": "FirstHeader", "attributes": {"VBalancing": "false", "active": "false", "bottomMargin": "0", "height": "-1", "leftMargin": "0", "rightMargin": "0", "topMargin": "0"}, "is_external": false, "used_time": 1, "children": []}, {"tag": "LastFooter", "attributes": {"VBalancing": "false", "active": "false", "bottomMargin": "0", "height": "-1", "leftMargin": "0", "rightMargin": "0", "topMargin": "0"}, "is_external": false, "used_time": 1, "children": []}]}, {"tag": "Header", "attributes": {"description": "", "idTemplate": "7", "name": "Header", "usage": "use"}, "is_external": false, "used_time": 1, "children": []}, {"tag": "Body", "attributes": {"description": "", "idTemplate": "8", "name": "Body", "usage": "use"}, "is_external": false, "used_time": 1, "children": []}, {"tag": "Footer", "attributes": {"description": "", "idTemplate": "9", "name": "Footer", "usage": "use"}, "is_external": false, "used_time": 1, "children": []}]}]}]}