{"tag": "repository_Template", "attributes": {"activated": "false", "date": "2022-10-25 11_03_23.456", "description": "M\u00c3\u0083\u00c2\u0083\u00c3\u0082\u00c2\u00a9tamod\u00c3\u0083\u00c2\u0083\u00c3\u0082\u00c2\u00a8le GRC courriers standards - Courrier libre r\u00c3\u0083\u00c2\u0083\u00c3\u0082\u00c2\u00a9seau IARD", "domainid": "925", "id": "570269", "isPlugin": "false", "lastFunctionDate": "2022-10-25 11_03_23.456", "lastFunctionParent": "30", "lastFunctionUser": "5", "name": "MAGCIL101", "resdescid": "266033", "subtypes": "", "version": "1.10"}, "children": [{"tag": "CONTENT", "attributes": {"debugMode": "0", "indexingType": "Document", "maxIdTemplate": "62", "messageFilter": "", "monoDataLoader": "true", "tagVersion": "E_P3_1_2_2_1q23"}, "children": [{"tag": "repository_TextStyle", "attributes": {"hidden": "true", "resdescid": "204142"}, "is_external": true, "used_time": 259, "resdescid": "204142", "children": []}, {"tag": "repository_DataManager", "attributes": {"default": "true", "name": "trans_grc_cou", "resdescid": "19208"}, "is_external": true, "used_time": 20, "resdescid": "19208", "children": []}, {"tag": "inputData", "attributes": {"current": "xxxxxx-000007Y-GCIIL1N-A-130410103216_GCI_3_L1.xml", "filter": ""}, "is_external": false, "used_time": 1, "children": []}, {"tag": "indexData", "attributes": {"columnIndex": "2", "columnNamed": "-1", "indexingType": "Document"}, "is_external": false, "used_time": 1, "children": [{"tag": "repository_SimpleSubstitutionTable", "attributes": {"expanded": "true", "resdescid": "20968"}, "is_external": true, "used_time": 57, "resdescid": "20968", "children": []}]}, {"tag": "repository_TemplateClass", "attributes": {"expanded": "true", "idTemplate": "2", "resdescid": "265708"}, "is_external": true, "used_time": 17, "resdescid": "265708", "children": [{"tag": "CONTENT", "attributes": {}, "is_external": false, "used_time": 1, "children": []}, {"tag": "TemplateClass_Anchor", "attributes": {"description": "", "idAnchor": "6", "idOwner": "265708", "idTemplate": "3", "name": "Placement Premier ent\u00c3\u00aate", "usage": "use"}, "is_external": false, "used_time": 1, "children": []}, {"tag": "TemplateClass_Anchor", "attributes": {"description": "", "idAnchor": "10", "idOwner": "265708", "idTemplate": "4", "name": "ALIM_FLAG_MULTIDOC", "usage": "use"}, "is_external": false, "used_time": 1, "children": []}, {"tag": "TemplateClass_Anchor", "attributes": {"description": "", "idAnchor": "11", "idOwner": "265708", "idTemplate": "5", "name": "ALIM_VARIABLES_SURCHARGE", "usage": "use"}, "is_external": false, "used_time": 1, "children": []}, {"tag": "TemplateClass_Anchor", "attributes": {"description": "", "expanded": "true", "idAnchor": "13", "idOwner": "265708", "idTemplate": "6", "name": "REFERENCES", "usage": "use"}, "is_external": false, "used_time": 1, "children": [{"tag": "repository_TemplateSubSet", "attributes": {"idTemplate": "62", "resdescid": "5668"}, "is_external": true, "used_time": 19, "resdescid": "5668", "children": [{"tag": "CONTENT", "attributes": {"z_deltaY": "1500", "z_leftIndent": "0", "z_localCtxUnit": "100p", "z_rightIndent": "0", "z_type": "CtxDyn"}, "is_external": false, "used_time": 1, "children": []}]}]}, {"tag": "TemplateClass_Anchor", "attributes": {"description": "", "expanded": "true", "idAnchor": "12", "idOwner": "265708", "idTemplate": "7", "name": "ADRESSE_POSTAL", "usage": "use"}, "is_external": false, "used_time": 1, "children": [{"tag": "repository_TemplateSubSet", "attributes": {"idTemplate": "24", "resdescid": "265705"}, "is_external": true, "used_time": 11, "resdescid": "265705", "children": [{"tag": "CONTENT", "attributes": {}, "is_external": false, "used_time": 1, "children": []}]}]}, {"tag": "TemplateClass_Anchor", "attributes": {"description": "", "idAnchor": "7", "idOwner": "265708", "idTemplate": "8", "name": "Placement Ent\u00c3\u00aate", "usage": "use"}, "is_external": false, "used_time": 1, "children": []}, {"tag": "TemplateClass_Anchor", "attributes": {"description": "", "idAnchor": "19", "idOwner": "265708", "idTemplate": "9", "name": "Placement Corps de page", "usage": "use"}, "is_external": false, "used_time": 1, "children": []}, {"tag": "TemplateClass_Anchor", "attributes": {"description": "", "idAnchor": "33", "idOwner": "265708", "idTemplate": "10", "name": "RECOMMANDE", "usage": "use"}, "is_external": false, "used_time": 1, "children": []}, {"tag": "TemplateClass_Anchor", "attributes": {"description": "", "idAnchor": "14", "idOwner": "265708", "idTemplate": "11", "name": "ATTENTION", "usage": "use"}, "is_external": false, "used_time": 1, "children": []}, {"tag": "TemplateClass_Anchor", "attributes": {"description": "", "expanded": "true", "idAnchor": "18", "idOwner": "265708", "idTemplate": "12", "name": "OBJET", "usage": "use"}, "is_external": false, "used_time": 1, "children": [{"tag": "MessageLoop", "attributes": {"description": "", "expanded": "true", "idTemplate": "22", "messageName": "itenteteeditique", "name": "ForAll _ itenteteeditique"}, "is_external": false, "used_time": 1, "children": [{"tag": "CONTENT", "attributes": {}, "is_external": false, "used_time": 1, "children": []}, {"tag": "repository_TemplateSubSet", "attributes": {"idTemplate": "11", "resdescid": "234350"}, "is_external": true, "used_time": 13, "resdescid": "234350", "children": [{"tag": "CONTENT", "attributes": {}, "is_external": false, "used_time": 1, "children": []}]}]}, {"tag": "MessageLoop", "attributes": {"description": "", "idTemplate": "23", "messageName": "itinfovisite", "name": "ForAll _ itinfovisite"}, "is_external": false, "used_time": 1, "children": [{"tag": "CONTENT", "attributes": {}, "is_external": false, "used_time": 1, "children": []}]}, {"tag": "MessageLoop", "attributes": {"description": "", "idTemplate": "25", "messageName": "itcontrat", "name": "ForAll _ itcontrat"}, "is_external": false, "used_time": 1, "children": [{"tag": "CONTENT", "attributes": {}, "is_external": false, "used_time": 1, "children": []}]}, {"tag": "repository_TemplateSubSet", "attributes": {"idTemplate": "26", "resdescid": "234349"}, "is_external": true, "used_time": 9, "resdescid": "234349", "children": [{"tag": "CONTENT", "attributes": {}, "is_external": false, "used_time": 1, "children": []}]}, {"tag": "CustomObject", "attributes": {"description": "", "idTemplate": "27", "name": "ChgCasse"}, "is_external": false, "used_time": 1, "children": [{"tag": "CONTENT", "attributes": {"ChoixCasse": "entiere", "CusVar_CustomComponentName": "ChgCasse", "CusVar_CustomLibrary": "smacustoms", "VarFormCasse": "M", "VarListeChgCasse": "itcontrat_L_ContratType"}, "is_external": false, "used_time": 1, "children": [{"tag": "repository_CustomLibrary", "attributes": {"resdescid": "679"}, "is_external": true, "used_time": 365, "resdescid": "679", "children": [{"tag": "CustomObject", "attributes": {"name": "ChgCasse"}, "is_external": false, "used_time": 1, "children": []}]}]}]}, {"tag": "Paragraph", "attributes": {"description": "Objet  courrier libre projector", "idTemplate": "28", "name": "PE_OBJ_CourrierLibre"}, "is_external": false, "used_time": 1, "children": [{"tag": "CONTENT", "attributes": {"adjacentNextTextUse": "nonallowed", "breakPage": "nonallowed_always", "currentZoom": "100", "orphansNumber": "0", "productionPolicy": "editable_reviewable", "productionPolicyUse": "editable", "spellingLang": "FR", "widowsNumber": "0", "woLock": "false", "z_deltaY": "0", "z_leftIndent": "0", "z_localCtxUnit": "100p", "z_rightIndent": "0", "z_type": "CtxDyn"}, "is_external": false, "used_time": 1, "children": [{"tag": "LocalVars", "attributes": {}, "is_external": false, "used_time": 1, "children": []}, {"tag": "STYLE-AUTOMATIC", "attributes": {}, "is_external": false, "used_time": 1, "children": []}, {"tag": "TEXT", "attributes": {}, "is_external": false, "used_time": 1, "children": [{"tag": "repository_TextStyle", "attributes": {"resdescid": "266017"}, "is_external": true, "used_time": 13, "resdescid": "266017", "children": [{"tag": "repository_TextStyle", "attributes": {"resdescid": "266019"}, "is_external": true, "used_time": 14, "resdescid": "266019", "children": []}, {"tag": "TextStyle", "attributes": {}, "is_external": false, "used_time": 1, "children": [{"tag": "CONTENT", "attributes": {"category": "character"}, "is_external": false, "used_time": 1, "children": [{"tag": "PROPERTIES_FONT", "attributes": {"bold": "true"}, "is_external": false, "used_time": 1, "children": []}]}, {"tag": "repository_CustomFunc", "attributes": {"resdescid": "266031"}, "is_external": true, "used_time": 2, "resdescid": "266031", "children": []}]}]}]}]}]}]}, {"tag": "TemplateClass_Anchor", "attributes": {"description": "", "expanded": "true", "idAnchor": "17", "idOwner": "265708", "idTemplate": "13", "name": "DATE", "usage": "use"}, "is_external": false, "used_time": 1, "children": [{"tag": "repository_TemplateSubSet", "attributes": {"idTemplate": "29", "resdescid": "266009"}, "is_external": true, "used_time": 12, "resdescid": "266009", "children": [{"tag": "CONTENT", "attributes": {}, "is_external": false, "used_time": 1, "children": []}]}]}, {"tag": "TemplateClass_Anchor", "attributes": {"description": "", "expanded": "true", "idAnchor": "21", "idOwner": "265708", "idTemplate": "14", "name": "CORPS", "usage": "use"}, "is_external": false, "used_time": 1, "children": [{"tag": "repository_TemplateSubSet", "attributes": {"idTemplate": "30", "resdescid": "234352"}, "is_external": true, "used_time": 17, "resdescid": "234352", "children": [{"tag": "CONTENT", "attributes": {"z_automatic": "true", "z_deltaY": "1417", "z_leftIndent": "0", "z_localCtxUnit": "100p", "z_rightIndent": "0", "z_type": "CtxDyn"}, "is_external": false, "used_time": 1, "children": []}]}, {"tag": "repository_Paragraph", "attributes": {"idTemplate": "35", "resdescid": "266015"}, "is_external": true, "used_time": 5, "resdescid": "266015", "children": [{"tag": "CONTENT", "attributes": {"productionPolicyUse": "editable", "z_deltaY": "800", "z_leftIndent": "0", "z_localCtxUnit": "100p", "z_rightIndent": "0", "z_type": "CtxDyn"}, "is_external": false, "used_time": 1, "children": [{"tag": "EditableInProduction", "attributes": {"editable": "false"}, "is_external": false, "used_time": 1, "children": []}]}]}]}, {"tag": "TemplateClass_Anchor", "attributes": {"description": "", "idAnchor": "20", "idOwner": "265708", "idTemplate": "15", "name": "FORMULE_POLITESSE", "usage": "use"}, "is_external": false, "used_time": 1, "children": []}, {"tag": "TemplateClass_Anchor", "attributes": {"description": "", "expanded": "true", "idAnchor": "31", "idOwner": "265708", "idTemplate": "16", "name": "RENSEIGNEMENT COMPLEMENTAIRE", "usage": "use"}, "is_external": false, "used_time": 1, "children": [{"tag": "LocalContext", "attributes": {"description": "", "expanded": "true", "idTemplate": "39", "name": "Nouvelle zone de document"}, "is_external": false, "used_time": 1, "children": [{"tag": "CONTENT", "attributes": {"VBalancing": "NONE", "attachment": "false", "behavious": "noseperated", "deltaY": "0", "heightAfter": "0", "leftIndent": "0", "localCtxUnit": "100p", "publish": "false", "resetPos": "false", "rightIndent": "0", "standardUser": "false", "tagVersion": "E_P3_1_1_2_2q31", "type": "CtxDyn"}, "is_external": false, "used_time": 1, "children": []}, {"tag": "repository_TemplateSubSet", "attributes": {"idTemplate": "42", "resdescid": "266010"}, "is_external": true, "used_time": 7, "resdescid": "266010", "children": [{"tag": "CONTENT", "attributes": {"z_deltaY": "1000", "z_leftIndent": "0", "z_localCtxUnit": "100p", "z_rightIndent": "0", "z_type": "CtxDyn"}, "is_external": false, "used_time": 1, "children": []}]}]}]}, {"tag": "TemplateClass_Anchor", "attributes": {"description": "", "idAnchor": "16", "idOwner": "265708", "idTemplate": "17", "name": "PIECES_JOINTES", "usage": "use"}, "is_external": false, "used_time": 1, "children": []}, {"tag": "TemplateClass_Anchor", "attributes": {"description": "", "idAnchor": "32", "idOwner": "265708", "idTemplate": "18", "name": "DESTINATAIRES COPIES", "usage": "use"}, "is_external": false, "used_time": 1, "children": []}, {"tag": "TemplateClass_Anchor", "attributes": {"description": "", "idAnchor": "9", "idOwner": "265708", "idTemplate": "19", "name": "Placement Pied de page", "usage": "use"}, "is_external": false, "used_time": 1, "children": []}, {"tag": "TemplateClass_Anchor", "attributes": {"description": "", "idAnchor": "10", "idOwner": "265708", "idTemplate": "61", "name": "Placement Dernier pied de page", "usage": "use"}, "is_external": false, "used_time": 1, "children": []}]}, {"tag": "repository_Wizard", "attributes": {"idTemplate": "33", "resdescid": "266032"}, "is_external": true, "used_time": 1, "resdescid": "266032", "children": []}]}]}