{"tag": "repository_Template", "attributes": {"activated": "false", "date": "2022-05-17 11_26_02.608", "description": "Lettre daccompagnement du relev\u00c3\u0083\u00c2\u0083\u00c3\u0082\u00c2\u00a9 de compte", "domainid": "1942", "id": "444391", "isPlugin": "false", "lastFunctionDate": "2022-05-17 11_31_28.005", "lastFunctionParent": "30", "lastFunctionUser": "1", "name": "MRPPMLE01_MARQUE-02", "resdescid": "387590", "subtypes": "", "version": "1.2"}, "children": [{"tag": "CONTENT", "attributes": {"WZ_actionrule": "xsl/default", "WZ_viewname": "css/default", "currentZoom": "100", "defaultTextStyle": "23", "indexingType": "Document", "indexingVarList": "\"IndexList\"", "maxIdTemplate": "466", "messageFilter": "", "monoDataLoader": "true"}, "children": [{"tag": "repository_TextStyle", "attributes": {"hidden": "true", "resdescid": "4271"}, "is_external": true, "used_time": 185, "resdescid": "4271", "children": []}, {"tag": "repository_DataManager", "attributes": {"default": "true", "name": "derogation", "resdescid": "10434"}, "is_external": true, "used_time": 11, "resdescid": "10434", "children": []}, {"tag": "inputData", "attributes": {"current": "000000-266264T-DRGIMDN-x-180502120608-projector-1-PPM-LE-RC.xml", "filter": ""}, "is_external": false, "used_time": 1, "children": []}, {"tag": "indexData", "attributes": {"columnIndex": "0", "indexingType": "Document"}, "is_external": false, "used_time": 1, "children": [{"tag": "SimpleSubstitutionTable", "attributes": {"name": "Tableau local"}, "is_external": false, "used_time": 1, "children": [{"tag": "CONTENT", "attributes": {"nbCol": "1", "nbRow": "1"}, "is_external": false, "used_time": 1, "children": [{"tag": "Row", "attributes": {}, "is_external": false, "used_time": 1, "children": [{"tag": "CONTENT", "attributes": {"UID": "0"}, "is_external": false, "used_time": 1, "children": [{"tag": "Cell", "attributes": {}, "is_external": false, "used_time": 1, "children": [{"tag": "CONTENT", "attributes": {}, "is_external": false, "used_time": 1, "children": [{"tag": "XML_VALUE", "attributes": {"type": "expression"}, "is_external": false, "used_time": 1, "children": []}]}]}]}]}, {"tag": "Column", "attributes": {}, "is_external": false, "used_time": 1, "children": [{"tag": "CONTENT", "attributes": {"UID": "0", "category": "expression", "name": "Indexes"}, "is_external": false, "used_time": 1, "children": [{"tag": "name", "attributes": {}, "is_external": false, "used_time": 1, "children": [{"tag": "XML_VALUE", "attributes": {"type": "expression"}, "is_external": false, "used_time": 1, "children": []}]}]}]}]}]}]}, {"tag": "repository_PageContext", "attributes": {"expanded": "true", "idTemplate": "434", "resdescid": "55199"}, "is_external": true, "used_time": 61, "resdescid": "55199", "children": [{"tag": "CONTENT", "attributes": {"pageName": "1_1_1"}, "is_external": false, "used_time": 1, "children": []}, {"tag": "FirstHeader", "attributes": {"description": "", "expanded": "true", "idTemplate": "449", "name": "Premier en-t\u00c3\u00aate", "usage": "use"}, "is_external": false, "used_time": 1, "children": [{"tag": "repository_CustomObject", "attributes": {"idTemplate": "447", "resdescid": "55198"}, "is_external": true, "used_time": 177, "resdescid": "55198", "children": []}, {"tag": "CustomObject", "attributes": {"description": "", "idTemplate": "452", "name": "InitPageOps"}, "is_external": false, "used_time": 1, "children": [{"tag": "CONTENT", "attributes": {"CusVar_CustomComponentName": "InitPageOps", "CusVar_CustomLibrary": "smacustoms", "numero_page": "DocVar_NumCurrentPage"}, "is_external": false, "used_time": 1, "children": [{"tag": "repository_CustomLibrary", "attributes": {"resdescid": "679"}, "is_external": true, "used_time": 365, "resdescid": "679", "children": [{"tag": "CustomObject", "attributes": {"name": "InitPageOps"}, "is_external": false, "used_time": 1, "children": []}]}]}]}, {"tag": "repository_TemplateSubSet", "attributes": {"idTemplate": "448", "resdescid": "55201"}, "is_external": true, "used_time": 46, "resdescid": "55201", "children": [{"tag": "CONTENT", "attributes": {}, "is_external": false, "used_time": 1, "children": []}]}, {"tag": "repository_TemplateSubSet", "attributes": {"idOwnerUse": "92", "idTemplate": "7", "resdescid": "356462"}, "is_external": true, "used_time": 18, "resdescid": "356462", "children": [{"tag": "CONTENT", "attributes": {}, "is_external": false, "used_time": 1, "children": []}]}, {"tag": "CustomObject", "attributes": {"description": "", "idTemplate": "454", "name": "InitIndex"}, "is_external": false, "used_time": 1, "children": [{"tag": "CONTENT", "attributes": {"CusVar_CustomComponentName": "InitIndex", "CusVar_CustomLibrary": "smacustoms"}, "is_external": false, "used_time": 1, "children": [{"tag": "repository_CustomLibrary", "attributes": {"resdescid": "679"}, "is_external": true, "used_time": 365, "resdescid": "679", "children": [{"tag": "CustomObject", "attributes": {"name": "InitIndex"}, "is_external": false, "used_time": 1, "children": []}]}]}]}, {"tag": "repository_LocalContext", "attributes": {"idTemplate": "456", "resdescid": "5389"}, "is_external": true, "used_time": 61, "resdescid": "5389", "children": []}, {"tag": "repository_TemplateSubSet", "attributes": {"idTemplate": "458", "resdescid": "5383"}, "is_external": true, "used_time": 79, "resdescid": "5383", "children": [{"tag": "CONTENT", "attributes": {"currentZoom": "50", "maxIdTemplate": "24", "messageFilter": "", "monoDataLoader": "true", "z_deltaY": "0", "z_leftIndent": "0", "z_localCtxUnit": "100p", "z_rightIndent": "0", "z_type": "CtxDynTop"}, "is_external": false, "used_time": 1, "children": []}]}, {"tag": "If", "attributes": {"description": "", "expanded": "true", "idTemplate": "8", "name": "Demande_ModeProductionI "}, "is_external": false, "used_time": 1, "children": [{"tag": "CONTENT", "attributes": {"default": "false", "multilangue": "false", "type": "CondIF"}, "is_external": false, "used_time": 1, "children": [{"tag": "If_VALUE", "attributes": {"condid": "0", "description": "from old version", "name": "new condition"}, "is_external": false, "used_time": 1, "children": [{"tag": "CONDITION_OP", "attributes": {"lineid": "0", "name": "expr0", "select": "true", "type": "EQUAL"}, "is_external": false, "used_time": 1, "children": [{"tag": "XML_VALUE", "attributes": {"type": "expression"}, "is_external": false, "used_time": 1, "children": [{"tag": "repository_Variable", "attributes": {"name": "Demande_ModeProduction", "resdescid": "3945"}, "is_external": true, "used_time": 13, "resdescid": "3945", "children": []}]}, {"tag": "XML_VALUE", "attributes": {"type": "expression"}, "is_external": false, "used_time": 1, "children": []}]}]}]}, {"tag": "If_VALUE", "attributes": {"condid": "0", "description": "from old version", "expanded": "true", "idTemplate": "9", "name": "new condition", "usage": "use"}, "is_external": false, "used_time": 1, "children": [{"tag": "CONTENT", "attributes": {"value": "\"TRUE\""}, "is_external": false, "used_time": 1, "children": []}, {"tag": "CustomObject", "attributes": {"description": "", "idTemplate": "10", "name": "UserVarNomDocument"}, "is_external": false, "used_time": 1, "children": [{"tag": "CONTENT", "attributes": {"CusVar_CustomComponentName": "UserVarNomDocument", "CusVar_CustomLibrary": "dynamic", "lookandfeel": "windows"}, "is_external": false, "used_time": 1, "children": [{"tag": "repository_CustomLibrary", "attributes": {"resdescid": "600"}, "is_external": true, "used_time": 118, "resdescid": "600", "children": [{"tag": "CustomObject", "attributes": {"name": "UserVarNomDocument"}, "is_external": false, "used_time": 1, "children": []}]}]}]}]}]}, {"tag": "MessageLoop", "attributes": {"description": "", "idTemplate": "68", "messageName": "itcontrat", "name": "ForAll _ itcontrat"}, "is_external": false, "used_time": 1, "children": [{"tag": "CONTENT", "attributes": {}, "is_external": false, "used_time": 1, "children": []}]}, {"tag": "MessageLoop", "attributes": {"description": "", "expanded": "true", "idTemplate": "69", "messageName": "itenteteeditique", "name": "ForAll _ itenteteeditique"}, "is_external": false, "used_time": 1, "children": [{"tag": "CONTENT", "attributes": {"messageName": ""}, "is_external": false, "used_time": 1, "children": [{"tag": "repository_DataManager", "attributes": {"name": "cycle_amiable", "resdescid": "4909"}, "is_external": true, "used_time": 23, "resdescid": "4909", "children": [{"tag": "repository_DataMessageIterative", "attributes": {"name": "itenteteeditique", "resdescid": "null"}, "is_external": true, "used_time": 0, "resdescid": "null", "children": []}]}]}, {"tag": "MessageLoop", "attributes": {"description": "", "idTemplate": "70", "messageName": "itdocuments", "name": "ForAll _ itdocuments"}, "is_external": false, "used_time": 1, "children": [{"tag": "CONTENT", "attributes": {"messageName": ""}, "is_external": false, "used_time": 1, "children": [{"tag": "repository_DataManager", "attributes": {"name": "cycle_amiable", "resdescid": "4909"}, "is_external": true, "used_time": 23, "resdescid": "4909", "children": [{"tag": "repository_DataMessageIterative", "attributes": {"name": "itdocuments", "resdescid": "null"}, "is_external": true, "used_time": 0, "resdescid": "null", "children": []}]}]}]}]}, {"tag": "CustomObject", "attributes": {"description": "", "idTemplate": "75", "name": "V_TYPE_ADRESSE"}, "is_external": false, "used_time": 1, "children": [{"tag": "CONTENT", "attributes": {"CusVar_CustomComponentName": "SetVariable", "CusVar_CustomLibrary": "advanced", "TPVarMode": "set"}, "is_external": false, "used_time": 1, "children": [{"tag": "repository_CustomLibrary", "attributes": {"resdescid": "97"}, "is_external": true, "used_time": 603, "resdescid": "97", "children": [{"tag": "CustomObject", "attributes": {"name": "SetVariable"}, "is_external": false, "used_time": 1, "children": []}]}, {"tag": "XML_VALUE", "attributes": {"name": "TPVarValue", "type": "expression"}, "is_external": false, "used_time": 1, "children": []}, {"tag": "XML_VALUE", "attributes": {"name": "TPVarName", "type": "expression"}, "is_external": false, "used_time": 1, "children": []}]}]}, {"tag": "repository_TemplateSubSet", "attributes": {"idTemplate": "466", "resdescid": "359925"}, "is_external": true, "used_time": 4, "resdescid": "359925", "children": [{"tag": "CONTENT", "attributes": {"z_deltaY": "10488", "z_leftIndent": "0", "z_localCtxUnit": "100p", "z_rightIndent": "0", "z_type": "CtxDynTop"}, "is_external": false, "used_time": 1, "children": []}]}, {"tag": "repository_TemplateSubSet", "attributes": {"idTemplate": "81", "resdescid": "5766"}, "is_external": true, "used_time": 18, "resdescid": "5766", "children": [{"tag": "CONTENT", "attributes": {"z_deltaY": "0", "z_leftIndent": "0", "z_localCtxUnit": "100p", "z_rightIndent": "0", "z_type": "CtxDyn"}, "is_external": false, "used_time": 1, "children": []}]}, {"tag": "repository_TemplateSubSet", "attributes": {"idTemplate": "77", "resdescid": "5600"}, "is_external": true, "used_time": 21, "resdescid": "5600", "children": [{"tag": "CONTENT", "attributes": {"z_deltaY": "10771", "z_leftIndent": "26362", "z_localCtxUnit": "100p", "z_rightIndent": "0", "z_type": "CtxDynTop"}, "is_external": false, "used_time": 1, "children": []}]}]}, {"tag": "Header", "attributes": {"description": "", "expanded": "true", "idTemplate": "2", "name": "En-t\u00c3\u00aate", "usage": "use"}, "is_external": false, "used_time": 1, "children": [{"tag": "CustomObject", "attributes": {"description": "", "idTemplate": "461", "name": "InitPageOps"}, "is_external": false, "used_time": 1, "children": [{"tag": "CONTENT", "attributes": {"CusVar_CustomComponentName": "InitPageOps", "CusVar_CustomLibrary": "smacustoms", "numero_page": "DocVar_NumCurrentPage"}, "is_external": false, "used_time": 1, "children": [{"tag": "repository_CustomLibrary", "attributes": {"resdescid": "679"}, "is_external": true, "used_time": 365, "resdescid": "679", "children": [{"tag": "CustomObject", "attributes": {"name": "InitPageOps"}, "is_external": false, "used_time": 1, "children": []}]}]}]}, {"tag": "repository_LocalContext", "attributes": {"idTemplate": "435", "resdescid": "5389"}, "is_external": true, "used_time": 61, "resdescid": "5389", "children": []}, {"tag": "repository_TemplateSubSet", "attributes": {"idTemplate": "463", "resdescid": "5383"}, "is_external": true, "used_time": 79, "resdescid": "5383", "children": [{"tag": "CONTENT", "attributes": {"currentZoom": "50", "maxIdTemplate": "24", "messageFilter": "", "monoDataLoader": "true", "z_deltaY": "0", "z_leftIndent": "0", "z_localCtxUnit": "100p", "z_rightIndent": "0", "z_type": "CtxDynTop"}, "is_external": false, "used_time": 1, "children": []}]}, {"tag": "repository_TemplateSubSet", "attributes": {"idTemplate": "465", "resdescid": "231645"}, "is_external": true, "used_time": 27, "resdescid": "231645", "children": [{"tag": "CONTENT", "attributes": {}, "is_external": false, "used_time": 1, "children": []}]}]}, {"tag": "Body", "attributes": {"description": "", "expanded": "true", "idTemplate": "6", "name": "Corps de page", "usage": "use"}, "is_external": false, "used_time": 1, "children": [{"tag": "MessageLoop", "attributes": {"description": "", "idTemplate": "12", "messageName": "itcontrats", "name": "ForAll _ itcontrats"}, "is_external": false, "used_time": 1, "children": []}, {"tag": "MessageLoop", "attributes": {"description": "", "expanded": "true", "idTemplate": "13", "messageName": "itenteteeditique", "name": "ForAll _ itenteteeditique"}, "is_external": false, "used_time": 1, "children": [{"tag": "CONTENT", "attributes": {}, "is_external": false, "used_time": 1, "children": []}, {"tag": "MessageLoop", "attributes": {"description": "", "idTemplate": "14", "messageName": "itdocuments", "name": "ForAll _ itdocuments"}, "is_external": false, "used_time": 1, "children": [{"tag": "CONTENT", "attributes": {}, "is_external": false, "used_time": 1, "children": []}]}]}, {"tag": "MessageLoop", "attributes": {"description": "", "idTemplate": "406", "messageName": "itgeneralcalcul", "name": "ForAll _ itgeneralcalcul"}, "is_external": false, "used_time": 1, "children": [{"tag": "CONTENT", "attributes": {"messageName": ""}, "is_external": false, "used_time": 1, "children": [{"tag": "repository_DataManager", "attributes": {"name": "derogation", "resdescid": "10434"}, "is_external": true, "used_time": 11, "resdescid": "10434", "children": [{"tag": "repository_DataMessageIterative", "attributes": {"name": "itgeneralcalcul", "resdescid": "null"}, "is_external": true, "used_time": 0, "resdescid": "null", "children": []}]}]}]}, {"tag": "If", "attributes": {"description": "", "expanded": "true", "idTemplate": "307", "name": "W_Destinataire"}, "is_external": false, "used_time": 1, "children": [{"tag": "CONTENT", "attributes": {"default": "false", "multilangue": "false", "type": "CondIF"}, "is_external": false, "used_time": 1, "children": [{"tag": "If_VALUE", "attributes": {"condid": "0", "description": "from old version", "name": "new condition"}, "is_external": false, "used_time": 1, "children": [{"tag": "CONDITION_OP", "attributes": {"lineid": "0", "name": "expr0", "select": "true", "type": "DIFFERENT"}, "is_external": false, "used_time": 1, "children": [{"tag": "XML_VALUE", "attributes": {"type": "expression"}, "is_external": false, "used_time": 1, "children": [{"tag": "repository_CustomFunc", "attributes": {"resdescid": "356461"}, "is_external": true, "used_time": 4, "resdescid": "356461", "children": []}]}, {"tag": "XML_VALUE", "attributes": {"type": "expression"}, "is_external": false, "used_time": 1, "children": []}]}]}]}, {"tag": "If_VALUE", "attributes": {"condid": "0", "description": "from old version", "expanded": "true", "idTemplate": "308", "name": "new condition", "usage": "use"}, "is_external": false, "used_time": 1, "children": [{"tag": "CONTENT", "attributes": {"value": "\"TRUE\""}, "is_external": false, "used_time": 1, "children": []}, {"tag": "Paragraph", "attributes": {"description": "A lattention de  W_Destinataire", "idTemplate": "309", "name": "PECAttention2"}, "is_external": false, "used_time": 1, "children": [{"tag": "CONTENT", "attributes": {"adjacentNextTextUse": "nonallowed", "breakPage": "nonallowed_always", "currentZoom": "100", "orphansNumber": "0", "productionPolicy": "editable_reviewable", "productionPolicyUse": "editable", "spellingLang": "FR", "widowsNumber": "0", "z_deltaY": "2834", "z_leftIndent": "0", "z_localCtxUnit": "100p", "z_rightIndent": "0", "z_type": "CtxDyn"}, "is_external": false, "used_time": 1, "children": [{"tag": "LocalVars", "attributes": {}, "is_external": false, "used_time": 1, "children": []}, {"tag": "STYLE-AUTOMATIC", "attributes": {}, "is_external": false, "used_time": 1, "children": []}, {"tag": "TEXT", "attributes": {}, "is_external": false, "used_time": 1, "children": [{"tag": "repository_TextStyle", "attributes": {"resdescid": "4969"}, "is_external": true, "used_time": 31, "resdescid": "4969", "children": []}, {"tag": "repository_TextStyle", "attributes": {"resdescid": "4969"}, "is_external": true, "used_time": 31, "resdescid": "4969", "children": [{"tag": "repository_CustomFunc", "attributes": {"resdescid": "356461"}, "is_external": true, "used_time": 4, "resdescid": "356461", "children": []}]}]}]}]}]}]}, {"tag": "Paragraph", "attributes": {"description": "objet courrier libre derogation", "idTemplate": "405", "name": "PC_PPM_LE_Objet_01"}, "is_external": false, "used_time": 1, "children": [{"tag": "CONTENT", "attributes": {"adjacentNextTextUse": "nonallowed", "breakPage": "nonallowed_always", "breakPageUse": "nonallowed", "currentZoom": "100", "orphansNumber": "0", "productionPolicy": "editable_reviewable", "productionPolicyUse": "editable", "spellingLang": "US", "widowsNumber": "0", "z_automatic": "true", "z_deltaY": "2834", "z_leftIndent": "0", "z_localCtxUnit": "100p", "z_rightIndent": "0", "z_type": "CtxDyn"}, "is_external": false, "used_time": 1, "children": [{"tag": "LocalVars", "attributes": {}, "is_external": false, "used_time": 1, "children": []}, {"tag": "STYLE-AUTOMATIC", "attributes": {}, "is_external": false, "used_time": 1, "children": []}, {"tag": "TEXT", "attributes": {}, "is_external": false, "used_time": 1, "children": [{"tag": "repository_TextStyle", "attributes": {"resdescid": "4542"}, "is_external": true, "used_time": 53, "resdescid": "4542", "children": [{"tag": "repository_TextStyle", "attributes": {"resdescid": "356463"}, "is_external": true, "used_time": 5, "resdescid": "356463", "children": []}, {"tag": "repository_TextStyle", "attributes": {"resdescid": "266046"}, "is_external": true, "used_time": 14, "resdescid": "266046", "children": []}, {"tag": "repository_TextStyle", "attributes": {"resdescid": "266046"}, "is_external": true, "used_time": 14, "resdescid": "266046", "children": [{"tag": "CustomFunc", "attributes": {"description": "", "name": "VF_NumDerog"}, "is_external": false, "used_time": 1, "children": [{"tag": "CONTENT", "attributes": {"isWizard": "false"}, "is_external": false, "used_time": 1, "children": [{"tag": "XML_VALUE", "attributes": {"type": "expression"}, "is_external": false, "used_time": 1, "children": [{"tag": "repository_Variable", "attributes": {"name": "itgeneralcalcul_AnneeDerog", "resdescid": "10350"}, "is_external": true, "used_time": 1, "resdescid": "10350", "children": []}]}, {"tag": "XML_VALUE", "attributes": {"type": "function"}, "is_external": false, "used_time": 1, "children": [{"tag": "repository_CustomLibrary", "attributes": {"CusVar_CustomComponentName": "SubString", "CusVar_CustomLibrary": "lb", "resdescid": "74"}, "is_external": true, "used_time": 257, "resdescid": "74", "children": [{"tag": "XML_VALUE", "attributes": {"name": "end", "type": "expression"}, "is_external": false, "used_time": 1, "children": []}, {"tag": "XML_VALUE", "attributes": {"name": "initial", "type": "expression"}, "is_external": false, "used_time": 1, "children": [{"tag": "repository_Variable", "attributes": {"name": "itgeneralcalcul_NumDerog", "resdescid": "10351"}, "is_external": true, "used_time": 1, "resdescid": "10351", "children": []}]}, {"tag": "XML_VALUE", "attributes": {"name": "start", "type": "expression"}, "is_external": false, "used_time": 1, "children": []}, {"tag": "CustomFunc", "attributes": {"name": "SubString"}, "is_external": false, "used_time": 1, "children": []}]}]}, {"tag": "WIZARD_VALUE", "attributes": {}, "is_external": false, "used_time": 1, "children": [{"tag": "Parameter", "attributes": {"category": "Edit", "currentPath": "", "description": "", "directoryChoice": "false", "guiEmbeddedVariableTarget": "false", "hideVarName": "false", "isEditable": "false", "name": "VF_NumDerog", "parameterValue": "", "position": "vertical", "subElementsDisplayMode": "Enabled_Disabled", "titleBorder": "true", "withAbsolutePath": "true", "withParameter": "false", "withScroll": "false"}, "is_external": false, "used_time": 1, "children": []}]}]}]}]}]}, {"tag": "repository_TextStyle", "attributes": {"resdescid": "4542"}, "is_external": true, "used_time": 53, "resdescid": "4542", "children": []}]}]}]}, {"tag": "repository_TemplateSubSet", "attributes": {"idOwnerUse": "84", "idTemplate": "39", "resdescid": "51882"}, "is_external": true, "used_time": 51, "resdescid": "51882", "children": [{"tag": "CONTENT", "attributes": {"z_automatic": "true", "z_deltaY": "0", "z_leftIndent": "0", "z_localCtxUnit": "100p", "z_rightIndent": "0", "z_type": "CtxDyn"}, "is_external": false, "used_time": 1, "children": []}]}, {"tag": "repository_TemplateSubSet", "attributes": {"idOwnerUse": "91", "idTemplate": "40", "resdescid": "31986"}, "is_external": true, "used_time": 10, "resdescid": "31986", "children": [{"tag": "CONTENT", "attributes": {"z_automatic": "true", "z_deltaY": "850", "z_leftIndent": "0", "z_localCtxUnit": "100p", "z_rightIndent": "0", "z_type": "CtxDyn"}, "is_external": false, "used_time": 1, "children": []}]}, {"tag": "LocalContext", "attributes": {"description": "", "expanded": "true", "idTemplate": "41", "name": "nouveau Zone"}, "is_external": false, "used_time": 1, "children": [{"tag": "CONTENT", "attributes": {"deltaY": "2834", "leftIndent": "0", "localCtxUnit": "100p", "rightIndent": "0", "type": "CtxDyn"}, "is_external": false, "used_time": 1, "children": []}, {"tag": "Paragraph", "attributes": {"description": "", "idTemplate": "407", "name": "Nous vous prions de ..."}, "is_external": false, "used_time": 1, "children": [{"tag": "CONTENT", "attributes": {"breakPage": "nonallowed_always", "currentZoom": "100", "orphansNumber": "0", "spellingLang": "US", "widowsNumber": "0", "z_deltaY": "-1500", "z_leftIndent": "0", "z_localCtxUnit": "100p", "z_rightIndent": "0", "z_type": "CtxDyn"}, "is_external": false, "used_time": 1, "children": [{"tag": "LocalVars", "attributes": {}, "is_external": false, "used_time": 1, "children": []}, {"tag": "STYLE-AUTOMATIC", "attributes": {}, "is_external": false, "used_time": 1, "children": []}, {"tag": "TEXT", "attributes": {}, "is_external": false, "used_time": 1, "children": [{"tag": "repository_TextStyle", "attributes": {"resdescid": "4249"}, "is_external": true, "used_time": 496, "resdescid": "4249", "children": [{"tag": "CustomFunc", "attributes": {"description": "", "name": "VF_NumDerog"}, "is_external": false, "used_time": 1, "children": [{"tag": "CONTENT", "attributes": {"isWizard": "false"}, "is_external": false, "used_time": 1, "children": [{"tag": "XML_VALUE", "attributes": {"type": "expression"}, "is_external": false, "used_time": 1, "children": [{"tag": "repository_Variable", "attributes": {"name": "itgeneralcalcul_AnneeDerog", "resdescid": "10350"}, "is_external": true, "used_time": 1, "resdescid": "10350", "children": []}]}, {"tag": "XML_VALUE", "attributes": {"type": "function"}, "is_external": false, "used_time": 1, "children": [{"tag": "repository_CustomLibrary", "attributes": {"CusVar_CustomComponentName": "SubString", "CusVar_CustomLibrary": "lb", "resdescid": "74"}, "is_external": true, "used_time": 257, "resdescid": "74", "children": [{"tag": "XML_VALUE", "attributes": {"name": "end", "type": "expression"}, "is_external": false, "used_time": 1, "children": []}, {"tag": "XML_VALUE", "attributes": {"name": "initial", "type": "expression"}, "is_external": false, "used_time": 1, "children": [{"tag": "repository_Variable", "attributes": {"name": "itgeneralcalcul_NumDerog", "resdescid": "10351"}, "is_external": true, "used_time": 1, "resdescid": "10351", "children": []}]}, {"tag": "XML_VALUE", "attributes": {"name": "start", "type": "expression"}, "is_external": false, "used_time": 1, "children": []}, {"tag": "CustomFunc", "attributes": {"name": "SubString"}, "is_external": false, "used_time": 1, "children": []}]}]}, {"tag": "WIZARD_VALUE", "attributes": {}, "is_external": false, "used_time": 1, "children": [{"tag": "Parameter", "attributes": {"category": "Edit", "currentPath": "", "description": "", "directoryChoice": "false", "guiEmbeddedVariableTarget": "false", "hideVarName": "false", "isEditable": "false", "name": "VF_NumDerog", "parameterValue": "", "position": "vertical", "subElementsDisplayMode": "Enabled_Disabled", "titleBorder": "true", "withAbsolutePath": "true", "withParameter": "false", "withScroll": "false"}, "is_external": false, "used_time": 1, "children": []}]}]}]}, {"tag": "repository_CustomFunc", "attributes": {"resdescid": "356464"}, "is_external": true, "used_time": 1, "resdescid": "356464", "children": []}]}, {"tag": "repository_TextStyle", "attributes": {"resdescid": "4249"}, "is_external": true, "used_time": 496, "resdescid": "4249", "children": []}, {"tag": "repository_TextStyle", "attributes": {"resdescid": "4249"}, "is_external": true, "used_time": 496, "resdescid": "4249", "children": [{"tag": "repository_CustomFunc", "attributes": {"resdescid": "290743"}, "is_external": true, "used_time": 1, "resdescid": "290743", "children": []}]}]}]}]}, {"tag": "repository_If", "attributes": {"expanded": "true", "idTemplate": "442", "resdescid": "8098"}, "is_external": true, "used_time": 7, "resdescid": "8098", "children": [{"tag": "If_VALUE", "attributes": {"condid": "0", "description": "simple condition", "expanded": "true", "idTemplate": "443", "name": "= \"Oui\"", "usage": "use"}, "is_external": false, "used_time": 1, "children": [{"tag": "repository_Paragraph", "attributes": {"idTemplate": "444", "resdescid": "19619"}, "is_external": true, "used_time": 16, "resdescid": "19619", "children": [{"tag": "CONTENT", "attributes": {"orphansNumber": "0", "productionPolicyUse": "editable", "widowsNumber": "0", "z_deltaY": "1417", "z_leftIndent": "0", "z_localCtxUnit": "100p", "z_rightIndent": "0", "z_type": "CtxDyn"}, "is_external": false, "used_time": 1, "children": []}]}]}]}]}, {"tag": "LocalContext", "attributes": {"description": "", "expanded": "true", "idTemplate": "438", "name": "nouveau Zone"}, "is_external": false, "used_time": 1, "children": [{"tag": "CONTENT", "attributes": {"VBalancing": "NONE", "attachment": "false", "behavious": "noseperated", "deltaY": "0", "heightAfter": "0", "leftIndent": "0", "localCtxUnit": "100p", "publish": "false", "resetPos": "false", "rightIndent": "0", "standardUser": "false", "type": "CtxDyn"}, "is_external": false, "used_time": 1, "children": []}, {"tag": "repository_Paragraph", "attributes": {"idTemplate": "58", "resdescid": "359924"}, "is_external": true, "used_time": 5, "resdescid": "359924", "children": [{"tag": "CONTENT", "attributes": {"adjacentNextTextUse": "nonallowed", "productionPolicyUse": "editable", "z_automatic": "true", "z_deltaY": "1133", "z_leftIndent": "0", "z_localCtxUnit": "100p", "z_rightIndent": "0", "z_type": "CtxDyn"}, "is_external": false, "used_time": 1, "children": []}]}, {"tag": "repository_TemplateSubSet", "attributes": {"idOwnerUse": "86", "idTemplate": "59", "resdescid": "55197"}, "is_external": true, "used_time": 39, "resdescid": "55197", "children": [{"tag": "CONTENT", "attributes": {}, "is_external": false, "used_time": 1, "children": []}]}]}]}, {"tag": "Footer", "attributes": {"description": "", "expanded": "true", "idTemplate": "60", "name": "Pied de page", "usage": "use"}, "is_external": false, "used_time": 1, "children": [{"tag": "repository_LocalContext", "attributes": {"idTemplate": "436", "resdescid": "5378"}, "is_external": true, "used_time": 61, "resdescid": "5378", "children": []}]}]}, {"tag": "repository_Wizard", "attributes": {"idTemplate": "437", "resdescid": "356465"}, "is_external": true, "used_time": 1, "resdescid": "356465", "children": []}]}]}