{"tag": "repository_Template", "attributes": {"activated": "false", "date": "2023-01-13 10_59_07.347", "description": "", "domainid": "2541", "id": "1440395", "isPlugin": "false", "lastFunctionDate": "2023-01-13 10_59_07.363", "lastFunctionParent": "30", "lastFunctionUser": "3", "name": "Nouveau_modele", "resdescid": "164267", "subtypes": "63", "version": "1.8"}, "children": [{"tag": "CONTENT", "attributes": {"currentZoom": "100", "debugMode": "0", "maxIdTemplate": "13", "messageFilter": "", "monoDataLoader": "true", "tagVersion": "E_P3_1_2_2_1q23"}, "children": [{"tag": "repository_TextStyle", "attributes": {"hidden": "true", "resdescid": "4251"}, "is_external": true, "used_time": 78, "resdescid": "4251", "children": []}, {"tag": "repository_DataManager", "attributes": {"name": "client", "resdescid": "4199"}, "is_external": true, "used_time": 24, "resdescid": "4199", "children": []}, {"tag": "inputData", "attributes": {"current": "", "filter": ""}, "is_external": false, "used_time": 1, "children": []}, {"tag": "PageContext", "attributes": {"description": "", "expanded": "true", "idTemplate": "2", "name": "Default A4"}, "is_external": false, "used_time": 1, "children": [{"tag": "CONTENT", "attributes": {"bottomMargin": "5669", "breakPageEnd": "false", "column": "1", "heightFooter": "5669", "heightHeader": "11338", "interColumn": "0", "leftMargin": "5669", "mainSection": "true", "orientation": "Portrait", "pageFormat": "A4", "pageHeight": "84188", "pageName": "1_1_1", "pageWidth": "59527", "resetNumbering": "false", "rightMargin": "5669", "sectionRule": "nextpage", "startNumber": "1", "startPageRule": "none", "topMargin": "5669", "unit": "100p"}, "is_external": false, "used_time": 1, "children": [{"tag": "Header", "attributes": {"VBalancing": "false", "active": "true", "bottomMargin": "0", "height": "11338", "leftMargin": "0", "rightMargin": "0", "topMargin": "0"}, "is_external": false, "used_time": 1, "children": []}, {"tag": "Footer", "attributes": {"VBalancing": "false", "active": "true", "bottomMargin": "0", "height": "5669", "leftMargin": "0", "rightMargin": "0", "topMargin": "0"}, "is_external": false, "used_time": 1, "children": []}, {"tag": "Body", "attributes": {"VBalancing": "false", "bottomMargin": "566", "column": "1", "columnWidth": "48189", "gauging": "false", "height": "-1", "interColumn": "0", "leftMargin": "0", "rightMargin": "0", "topMargin": "566"}, "is_external": false, "used_time": 1, "children": []}, {"tag": "FirstHeader", "attributes": {"VBalancing": "false", "active": "false", "bottomMargin": "0", "height": "-1", "leftMargin": "0", "rightMargin": "0", "topMargin": "0"}, "is_external": false, "used_time": 1, "children": []}, {"tag": "LastFooter", "attributes": {"VBalancing": "false", "active": "false", "bottomMargin": "0", "height": "-1", "leftMargin": "0", "rightMargin": "0", "topMargin": "0"}, "is_external": false, "used_time": 1, "children": []}]}, {"tag": "Header", "attributes": {"description": "", "idTemplate": "3", "name": "En-t\u00c3\u00aate", "usage": "use"}, "is_external": false, "used_time": 1, "children": []}, {"tag": "Body", "attributes": {"description": "", "expanded": "true", "idTemplate": "4", "name": "Corps de page", "usage": "use"}, "is_external": false, "used_time": 1, "children": [{"tag": "repository_TemplateSubSet", "attributes": {"idTemplate": "11", "resdescid": "169200"}, "is_external": true, "used_time": 1, "resdescid": "169200", "children": [{"tag": "CONTENT", "attributes": {}, "is_external": false, "used_time": 1, "children": []}]}, {"tag": "CustomObject", "attributes": {"description": "", "idTemplate": "13", "name": "New BarCod"}, "is_external": false, "used_time": 1, "children": [{"tag": "CONTENT", "attributes": {"Autosize": "0", "CheckSum": "1", "CusVar_CustomComponentName": "BarCod", "CusVar_CustomLibrary": "graphics", "Div": "300", "NbCols": "16", "NbRows": "16", "Orient": "0", "Type": "10", "Unite": "i", "Xdim": "10", "tagVersion": "E_P3_1_2_2_1q23"}, "is_external": false, "used_time": 1, "children": [{"tag": "repository_CustomLibrary", "attributes": {"resdescid": "748"}, "is_external": true, "used_time": 16, "resdescid": "748", "children": [{"tag": "Custom", "attributes": {"name": "BarCod"}, "is_external": false, "used_time": 1, "children": []}]}, {"tag": "XML_VALUE", "attributes": {"name": "String", "type": "expression"}, "is_external": false, "used_time": 1, "children": []}]}]}]}, {"tag": "Footer", "attributes": {"description": "", "idTemplate": "5", "name": "Pied de page", "usage": "use"}, "is_external": false, "used_time": 1, "children": []}]}]}]}