{"tag": "repository_Template", "attributes": {"activated": "false", "date": "2022-05-04 20_05_25.428", "description": "D\u00c3\u0083\u00c2\u0083\u00c3\u0082\u00c2\u00a9caissement courtier - virement MRDVOPR01, MRDVOAC01, MRDVOCO01, MRDVORB01", "domainid": "1913", "id": "298086", "isPlugin": "false", "lastFunctionDate": "2022-05-04 20_08_59.722", "lastFunctionParent": "30", "lastFunctionUser": "1", "name": "2RDVORB01_MARQUE-02", "resdescid": "114866", "subtypes": "63", "version": "1.10"}, "children": [{"tag": "CONTENT", "attributes": {"WZ_actionrule": "xsl/default", "WZ_viewname": "css/default", "currentZoom": "100", "debugMode": "0", "defaultTextStyle": "23", "indexingType": "Document", "indexingVarList": "\"IndexList\"", "maxIdTemplate": "100", "messageFilter": "", "monoDataLoader": "true", "tagVersion": "E_P3_1_2_1_6q22"}, "children": [{"tag": "repository_TextStyle", "attributes": {"hidden": "true", "resdescid": "4249"}, "is_external": true, "used_time": 496, "resdescid": "4249", "children": []}, {"tag": "repository_DataManager", "attributes": {"name": "decaissement", "resdescid": "21280"}, "is_external": true, "used_time": 22, "resdescid": "21280", "children": []}, {"tag": "inputData", "attributes": {"current": "849918-xxxxxxx-DECBMDN-x-211230160502-splitbatch-2RDVORB-2RDCOLC.xml", "filter": ""}, "is_external": false, "used_time": 1, "children": []}, {"tag": "indexData", "attributes": {"columnIndex": "0", "columnNamed": "-1", "indexingType": "Document"}, "is_external": false, "used_time": 1, "children": [{"tag": "SimpleSubstitutionTable", "attributes": {"name": "Tableau local"}, "is_external": false, "used_time": 1, "children": [{"tag": "CONTENT", "attributes": {"nbCol": "1", "nbRow": "1"}, "is_external": false, "used_time": 1, "children": [{"tag": "Row", "attributes": {}, "is_external": false, "used_time": 1, "children": [{"tag": "CONTENT", "attributes": {"UID": "0"}, "is_external": false, "used_time": 1, "children": [{"tag": "Cell", "attributes": {}, "is_external": false, "used_time": 1, "children": [{"tag": "CONTENT", "attributes": {}, "is_external": false, "used_time": 1, "children": [{"tag": "XML_VALUE", "attributes": {"type": "expression"}, "is_external": false, "used_time": 1, "children": []}]}]}]}]}, {"tag": "Column", "attributes": {}, "is_external": false, "used_time": 1, "children": [{"tag": "CONTENT", "attributes": {"UID": "0", "category": "expression", "name": "Indexes"}, "is_external": false, "used_time": 1, "children": [{"tag": "name", "attributes": {}, "is_external": false, "used_time": 1, "children": [{"tag": "XML_VALUE", "attributes": {"type": "expression"}, "is_external": false, "used_time": 1, "children": []}]}]}]}]}]}]}, {"tag": "repository_PageContext", "attributes": {"expanded": "true", "idTemplate": "76", "resdescid": "55199"}, "is_external": true, "used_time": 61, "resdescid": "55199", "children": [{"tag": "CONTENT", "attributes": {"pageName": "1_1_1"}, "is_external": false, "used_time": 1, "children": []}, {"tag": "FirstHeader", "attributes": {"description": "", "expanded": "true", "idTemplate": "84", "name": "Premier en-t\u00c3\u00aate", "usage": "use"}, "is_external": false, "used_time": 1, "children": [{"tag": "repository_CustomObject", "attributes": {"idTemplate": "82", "resdescid": "55198"}, "is_external": true, "used_time": 177, "resdescid": "55198", "children": []}, {"tag": "CustomObject", "attributes": {"description": "", "idTemplate": "87", "name": "InitPageOps"}, "is_external": false, "used_time": 1, "children": [{"tag": "CONTENT", "attributes": {"CusVar_CustomComponentName": "InitPageOps", "CusVar_CustomLibrary": "smacustoms", "numero_page": "DocVar_NumCurrentPage"}, "is_external": false, "used_time": 1, "children": [{"tag": "repository_CustomLibrary", "attributes": {"resdescid": "679"}, "is_external": true, "used_time": 365, "resdescid": "679", "children": [{"tag": "CustomObject", "attributes": {"name": "InitPageOps"}, "is_external": false, "used_time": 1, "children": []}]}]}]}, {"tag": "repository_TemplateSubSet", "attributes": {"idTemplate": "83", "resdescid": "55201"}, "is_external": true, "used_time": 46, "resdescid": "55201", "children": [{"tag": "CONTENT", "attributes": {}, "is_external": false, "used_time": 1, "children": []}]}, {"tag": "CustomObject", "attributes": {"description": "", "idTemplate": "91", "name": "InitIndex"}, "is_external": false, "used_time": 1, "children": [{"tag": "CONTENT", "attributes": {"CusVar_CustomComponentName": "InitIndex", "CusVar_CustomLibrary": "smacustoms"}, "is_external": false, "used_time": 1, "children": [{"tag": "repository_CustomLibrary", "attributes": {"resdescid": "679"}, "is_external": true, "used_time": 365, "resdescid": "679", "children": [{"tag": "CustomObject", "attributes": {"name": "InitIndex"}, "is_external": false, "used_time": 1, "children": []}]}]}]}, {"tag": "repository_LocalContext", "attributes": {"idTemplate": "95", "resdescid": "5389"}, "is_external": true, "used_time": 61, "resdescid": "5389", "children": []}, {"tag": "repository_TemplateSubSet", "attributes": {"idTemplate": "97", "resdescid": "5383"}, "is_external": true, "used_time": 79, "resdescid": "5383", "children": [{"tag": "CONTENT", "attributes": {"currentZoom": "50", "maxIdTemplate": "24", "messageFilter": "", "monoDataLoader": "true", "z_deltaY": "0", "z_leftIndent": "0", "z_localCtxUnit": "100p", "z_rightIndent": "0", "z_type": "CtxDynTop"}, "is_external": false, "used_time": 1, "children": []}]}, {"tag": "MessageLoop", "attributes": {"description": "", "expanded": "true", "idTemplate": "8", "messageName": "itenteteeditique", "name": "ForAll _ itenteteeditique"}, "is_external": false, "used_time": 1, "children": [{"tag": "CONTENT", "attributes": {}, "is_external": false, "used_time": 1, "children": []}, {"tag": "MessageLoop", "attributes": {"description": "", "idTemplate": "9", "messageName": "itdocuments", "name": "ForAll _ itdocuments"}, "is_external": false, "used_time": 1, "children": [{"tag": "CONTENT", "attributes": {}, "is_external": false, "used_time": 1, "children": []}]}]}, {"tag": "CustomObject", "attributes": {"description": "", "idTemplate": "10", "name": "UserVarNomDocument"}, "is_external": false, "used_time": 1, "children": [{"tag": "CONTENT", "attributes": {"CusVar_CustomComponentName": "UserVarNomDocument", "CusVar_CustomLibrary": "dynamic", "lookandfeel": "windows"}, "is_external": false, "used_time": 1, "children": [{"tag": "repository_CustomLibrary", "attributes": {"resdescid": "600"}, "is_external": true, "used_time": 118, "resdescid": "600", "children": [{"tag": "CustomObject", "attributes": {"name": "UserVarNomDocument"}, "is_external": false, "used_time": 1, "children": []}]}]}]}, {"tag": "repository_TemplateSubSet", "attributes": {"idOwnerUse": "102", "idTemplate": "11", "resdescid": "75085"}, "is_external": true, "used_time": 8, "resdescid": "75085", "children": [{"tag": "CONTENT", "attributes": {"z_deltaY": "3685", "z_leftIndent": "0", "z_localCtxUnit": "100p", "z_rightIndent": "0", "z_type": "CtxDyn"}, "is_external": false, "used_time": 1, "children": []}]}, {"tag": "repository_TemplateSubSet", "attributes": {"idOwnerUse": "101", "idTemplate": "12", "resdescid": "71768"}, "is_external": true, "used_time": 13, "resdescid": "71768", "children": [{"tag": "CONTENT", "attributes": {"z_deltaY": "12755", "z_leftIndent": "26362", "z_localCtxUnit": "100p", "z_rightIndent": "0", "z_type": "CtxDynTop"}, "is_external": false, "used_time": 1, "children": []}]}]}, {"tag": "Header", "attributes": {"description": "", "expanded": "true", "idTemplate": "2", "name": "En-t\u00c3\u00aate", "usage": "use"}, "is_external": false, "used_time": 1, "children": [{"tag": "CustomObject", "attributes": {"description": "", "idTemplate": "89", "name": "InitPageOps"}, "is_external": false, "used_time": 1, "children": [{"tag": "CONTENT", "attributes": {"CusVar_CustomComponentName": "InitPageOps", "CusVar_CustomLibrary": "smacustoms", "numero_page": "DocVar_NumCurrentPage"}, "is_external": false, "used_time": 1, "children": [{"tag": "repository_CustomLibrary", "attributes": {"resdescid": "679"}, "is_external": true, "used_time": 365, "resdescid": "679", "children": [{"tag": "CustomObject", "attributes": {"name": "InitPageOps"}, "is_external": false, "used_time": 1, "children": []}]}]}]}, {"tag": "repository_LocalContext", "attributes": {"idTemplate": "93", "resdescid": "5389"}, "is_external": true, "used_time": 61, "resdescid": "5389", "children": []}, {"tag": "repository_TemplateSubSet", "attributes": {"idTemplate": "99", "resdescid": "5383"}, "is_external": true, "used_time": 79, "resdescid": "5383", "children": [{"tag": "CONTENT", "attributes": {"currentZoom": "50", "maxIdTemplate": "24", "messageFilter": "", "monoDataLoader": "true", "z_deltaY": "0", "z_leftIndent": "0", "z_localCtxUnit": "100p", "z_rightIndent": "0", "z_type": "CtxDynTop"}, "is_external": false, "used_time": 1, "children": []}]}]}, {"tag": "Body", "attributes": {"description": "", "expanded": "true", "idTemplate": "6", "name": "Corps de page", "usage": "use"}, "is_external": false, "used_time": 1, "children": [{"tag": "CustomObject", "attributes": {"description": "", "idTemplate": "13", "name": "OrdreCheque"}, "is_external": false, "used_time": 1, "children": [{"tag": "CONTENT", "attributes": {"CusVar_CustomComponentName": "VariableLocale", "CusVar_CustomLibrary": "smacustoms", "LocalVarName": "OrdreCheque", "LocalVarValue": "\"adrcourtier_Nom\" \"adrcourtier_Prenom\""}, "is_external": false, "used_time": 1, "children": [{"tag": "repository_CustomLibrary", "attributes": {"resdescid": "679"}, "is_external": true, "used_time": 365, "resdescid": "679", "children": [{"tag": "CustomObject", "attributes": {"name": "VariableLocale"}, "is_external": false, "used_time": 1, "children": []}]}]}]}, {"tag": "Paragraph", "attributes": {"description": "Objet remboursement", "idTemplate": "69", "name": "PC_RDVO_RB_ObjetRemboursement_01"}, "is_external": false, "used_time": 1, "children": [{"tag": "CONTENT", "attributes": {"breakPage": "nonallowed_always", "currentZoom": "100", "orphansNumber": "0", "productionPolicy": "editable_reviewable", "productionPolicyUse": "editable", "spellingLang": "FR", "widowsNumber": "0", "woLock": "true", "z_automatic": "true", "z_deltaY": "5669", "z_leftIndent": "0", "z_localCtxUnit": "100p", "z_rightIndent": "0", "z_type": "CtxDyn"}, "is_external": false, "used_time": 1, "children": [{"tag": "LocalVars", "attributes": {}, "is_external": false, "used_time": 1, "children": []}, {"tag": "STYLE-AUTOMATIC", "attributes": {}, "is_external": false, "used_time": 1, "children": []}, {"tag": "TEXT", "attributes": {}, "is_external": false, "used_time": 1, "children": [{"tag": "repository_TextStyle", "attributes": {"resdescid": "5137"}, "is_external": true, "used_time": 43, "resdescid": "5137", "children": [{"tag": "TextStyle", "attributes": {}, "is_external": false, "used_time": 1, "children": [{"tag": "CONTENT", "attributes": {"category": "character"}, "is_external": false, "used_time": 1, "children": [{"tag": "PROPERTIES_FONT", "attributes": {"bold": "false", "italic": "true"}, "is_external": false, "used_time": 1, "children": []}]}]}]}]}]}]}, {"tag": "repository_TemplateSubSet", "attributes": {"idTemplate": "100", "resdescid": "51882"}, "is_external": true, "used_time": 51, "resdescid": "51882", "children": [{"tag": "CONTENT", "attributes": {"z_deltaY": "1984", "z_leftIndent": "0", "z_localCtxUnit": "100p", "z_rightIndent": "0", "z_type": "CtxDyn"}, "is_external": false, "used_time": 1, "children": []}]}, {"tag": "repository_Paragraph", "attributes": {"idTemplate": "18", "resdescid": "108235"}, "is_external": true, "used_time": 12, "resdescid": "108235", "children": [{"tag": "CONTENT", "attributes": {"productionPolicyUse": "editable", "z_automatic": "true", "z_deltaY": "1984", "z_leftIndent": "0", "z_localCtxUnit": "100p", "z_rightIndent": "0", "z_type": "CtxDyn"}, "is_external": false, "used_time": 1, "children": []}]}, {"tag": "Paragraph", "attributes": {"description": "Nous avons le plaisir de vous confirmer que nous avons mandat\u00c3\u00a9 generaldecaiss_mntreverse", "idTemplate": "73", "name": "PC_RDVO_RB_TexteIntroduction_01"}, "is_external": false, "used_time": 1, "children": [{"tag": "CONTENT", "attributes": {"breakPage": "nonallowed_always", "currentZoom": "100", "orphansNumber": "0", "productionPolicy": "editable_reviewable", "productionPolicyUse": "editable", "spellingLang": "FR", "widowsNumber": "0", "woLock": "true", "z_automatic": "true", "z_deltaY": "1984", "z_leftIndent": "0", "z_localCtxUnit": "100p", "z_rightIndent": "0", "z_type": "CtxDyn"}, "is_external": false, "used_time": 1, "children": [{"tag": "LocalVars", "attributes": {}, "is_external": false, "used_time": 1, "children": []}, {"tag": "STYLE-AUTOMATIC", "attributes": {}, "is_external": false, "used_time": 1, "children": []}, {"tag": "TEXT", "attributes": {}, "is_external": false, "used_time": 1, "children": [{"tag": "repository_TextStyle", "attributes": {"resdescid": "4346"}, "is_external": true, "used_time": 280, "resdescid": "4346", "children": [{"tag": "TextStyle", "attributes": {}, "is_external": false, "used_time": 1, "children": [{"tag": "CONTENT", "attributes": {"category": "character"}, "is_external": false, "used_time": 1, "children": [{"tag": "PROPERTIES_FONT", "attributes": {"bold": "true"}, "is_external": false, "used_time": 1, "children": []}]}, {"tag": "repository_CustomFunc", "attributes": {"resdescid": "41944"}, "is_external": true, "used_time": 9, "resdescid": "41944", "children": []}]}, {"tag": "TextStyle", "attributes": {}, "is_external": false, "used_time": 1, "children": [{"tag": "CONTENT", "attributes": {"category": "character"}, "is_external": false, "used_time": 1, "children": [{"tag": "PROPERTIES_FONT", "attributes": {"bold": "true"}, "is_external": false, "used_time": 1, "children": []}]}]}]}]}]}]}, {"tag": "If", "attributes": {"description": "", "expanded": "true", "idTemplate": "20", "name": "generaldecaiss_CodMotifRAC "}, "is_external": false, "used_time": 1, "children": [{"tag": "CONTENT", "attributes": {"default": "false", "multilangue": "false", "type": "CondIF"}, "is_external": false, "used_time": 1, "children": [{"tag": "If_VALUE", "attributes": {"condid": "0", "description": "from old version", "name": "new condition"}, "is_external": false, "used_time": 1, "children": [{"tag": "CONDITION_OP", "attributes": {"lineid": "0", "name": "expr0", "select": "true", "type": "EQUAL"}, "is_external": false, "used_time": 1, "children": [{"tag": "XML_VALUE", "attributes": {"type": "expression"}, "is_external": false, "used_time": 1, "children": [{"tag": "repository_Variable", "attributes": {"name": "generaldecaiss_CodMotif", "resdescid": "21114"}, "is_external": true, "used_time": 6, "resdescid": "21114", "children": []}]}, {"tag": "XML_VALUE", "attributes": {"type": "expression"}, "is_external": false, "used_time": 1, "children": []}]}]}]}, {"tag": "If_VALUE", "attributes": {"condid": "0", "description": "from old version", "expanded": "true", "idTemplate": "21", "name": "new condition", "usage": "use"}, "is_external": false, "used_time": 1, "children": [{"tag": "CONTENT", "attributes": {"value": "\"TRUE\""}, "is_external": false, "used_time": 1, "children": []}, {"tag": "repository_Paragraph", "attributes": {"idTemplate": "22", "resdescid": "114865"}, "is_external": true, "used_time": 3, "resdescid": "114865", "children": [{"tag": "CONTENT", "attributes": {"productionPolicyUse": "editable", "z_automatic": "true", "z_deltaY": "850", "z_leftIndent": "0", "z_localCtxUnit": "100p", "z_rightIndent": "0", "z_type": "CtxDyn"}, "is_external": false, "used_time": 1, "children": []}]}]}]}, {"tag": "If", "attributes": {"description": "", "expanded": "true", "idTemplate": "23", "name": "generaldecaiss_CodMotifPRI "}, "is_external": false, "used_time": 1, "children": [{"tag": "CONTENT", "attributes": {"default": "false", "multilangue": "false", "type": "CondIF"}, "is_external": false, "used_time": 1, "children": [{"tag": "If_VALUE", "attributes": {"condid": "0", "description": "from old version", "name": "new condition"}, "is_external": false, "used_time": 1, "children": [{"tag": "CONDITION_OP", "attributes": {"lineid": "0", "name": "expr0", "select": "true", "type": "EQUAL"}, "is_external": false, "used_time": 1, "children": [{"tag": "XML_VALUE", "attributes": {"type": "expression"}, "is_external": false, "used_time": 1, "children": [{"tag": "repository_Variable", "attributes": {"name": "generaldecaiss_CodMotif", "resdescid": "21114"}, "is_external": true, "used_time": 6, "resdescid": "21114", "children": []}]}, {"tag": "XML_VALUE", "attributes": {"type": "expression"}, "is_external": false, "used_time": 1, "children": []}]}]}]}, {"tag": "If_VALUE", "attributes": {"condid": "0", "description": "from old version", "expanded": "true", "idTemplate": "24", "name": "new condition", "usage": "use"}, "is_external": false, "used_time": 1, "children": [{"tag": "CONTENT", "attributes": {"value": "\"TRUE\""}, "is_external": false, "used_time": 1, "children": []}, {"tag": "Paragraph", "attributes": {"description": "ce montant correspond au solde cr\u00c3\u00a9diteur commissions d\u00c3\u00a9duites arr\u00c3\u00aat\u00c3\u00a9 au", "idTemplate": "70", "name": "PC_RDVO_RB_TexteSPRI_01"}, "is_external": false, "used_time": 1, "children": [{"tag": "CONTENT", "attributes": {"breakPage": "nonallowed_always", "currentZoom": "100", "orphansNumber": "0", "productionPolicy": "editable_reviewable", "productionPolicyUse": "editable", "spellingLang": "FR", "widowsNumber": "0", "woLock": "true", "z_automatic": "true", "z_deltaY": "850", "z_leftIndent": "0", "z_localCtxUnit": "100p", "z_rightIndent": "0", "z_type": "CtxDyn"}, "is_external": false, "used_time": 1, "children": [{"tag": "repository_DataManager", "attributes": {"name": "decaissement", "resdescid": "21280"}, "is_external": true, "used_time": 22, "resdescid": "21280", "children": []}, {"tag": "LocalVars", "attributes": {}, "is_external": false, "used_time": 1, "children": []}, {"tag": "STYLE-AUTOMATIC", "attributes": {}, "is_external": false, "used_time": 1, "children": []}, {"tag": "TEXT", "attributes": {}, "is_external": false, "used_time": 1, "children": [{"tag": "repository_TextStyle", "attributes": {"resdescid": "4346"}, "is_external": true, "used_time": 280, "resdescid": "4346", "children": [{"tag": "repository_Variable", "attributes": {"name": "generaldecaiss_JourReversement", "resdescid": "21109"}, "is_external": true, "used_time": 3, "resdescid": "21109", "children": []}, {"tag": "repository_Variable", "attributes": {"name": "generaldecaiss_MoisReversement", "resdescid": "21107"}, "is_external": true, "used_time": 3, "resdescid": "21107", "children": []}, {"tag": "repository_Variable", "attributes": {"name": "generaldecaiss_AnReversement", "resdescid": "21113"}, "is_external": true, "used_time": 3, "resdescid": "21113", "children": []}]}]}]}]}]}]}, {"tag": "If", "attributes": {"description": "", "expanded": "true", "idTemplate": "26", "name": " generaldecaiss_CodMotifCOM"}, "is_external": false, "used_time": 1, "children": [{"tag": "CONTENT", "attributes": {"default": "false", "multilangue": "false", "type": "CondIF"}, "is_external": false, "used_time": 1, "children": [{"tag": "If_VALUE", "attributes": {"condid": "0", "description": "from old version", "name": "new condition"}, "is_external": false, "used_time": 1, "children": [{"tag": "CONDITION_OP", "attributes": {"lineid": "0", "name": "expr0", "select": "true", "type": "EQUAL"}, "is_external": false, "used_time": 1, "children": [{"tag": "XML_VALUE", "attributes": {"type": "expression"}, "is_external": false, "used_time": 1, "children": [{"tag": "repository_Variable", "attributes": {"name": "generaldecaiss_CodMotif", "resdescid": "21114"}, "is_external": true, "used_time": 6, "resdescid": "21114", "children": []}]}, {"tag": "XML_VALUE", "attributes": {"type": "expression"}, "is_external": false, "used_time": 1, "children": []}]}]}]}, {"tag": "If_VALUE", "attributes": {"condid": "0", "description": "from old version", "expanded": "true", "idTemplate": "27", "name": "new condition", "usage": "use"}, "is_external": false, "used_time": 1, "children": [{"tag": "CONTENT", "attributes": {"value": "\"TRUE\""}, "is_external": false, "used_time": 1, "children": []}, {"tag": "Paragraph", "attributes": {"description": "Ce montant correspond aux commissions lib\u00c3\u00a9r\u00c3\u00a9es pour les \u00c3\u00a9ch\u00c3\u00a9ances list\u00c3\u00a9es sur le r\u00c3\u00a9capitulatif joint en annexe.", "idTemplate": "71", "name": "PC_RDVO_RB_TexteCom_01"}, "is_external": false, "used_time": 1, "children": [{"tag": "CONTENT", "attributes": {"breakPage": "nonallowed_always", "currentZoom": "100", "orphansNumber": "0", "productionPolicy": "editable_reviewable", "productionPolicyUse": "editable", "spellingLang": "FR", "widowsNumber": "0", "woLock": "true", "z_automatic": "true", "z_deltaY": "850", "z_leftIndent": "0", "z_localCtxUnit": "100p", "z_rightIndent": "0", "z_type": "CtxDyn"}, "is_external": false, "used_time": 1, "children": [{"tag": "LocalVars", "attributes": {}, "is_external": false, "used_time": 1, "children": []}, {"tag": "STYLE-AUTOMATIC", "attributes": {}, "is_external": false, "used_time": 1, "children": []}, {"tag": "TEXT", "attributes": {}, "is_external": false, "used_time": 1, "children": [{"tag": "repository_TextStyle", "attributes": {"resdescid": "4346"}, "is_external": true, "used_time": 280, "resdescid": "4346", "children": []}]}]}]}]}]}, {"tag": "If", "attributes": {"description": "", "expanded": "true", "idTemplate": "29", "name": "generaldecaiss_CodMotifRBC "}, "is_external": false, "used_time": 1, "children": [{"tag": "CONTENT", "attributes": {"default": "false", "multilangue": "false", "type": "CondIF"}, "is_external": false, "used_time": 1, "children": [{"tag": "If_VALUE", "attributes": {"condid": "0", "description": "from old version", "name": "new condition"}, "is_external": false, "used_time": 1, "children": [{"tag": "CONDITION_OP", "attributes": {"lineid": "0", "name": "expr0", "select": "true", "type": "EQUAL"}, "is_external": false, "used_time": 1, "children": [{"tag": "XML_VALUE", "attributes": {"type": "expression"}, "is_external": false, "used_time": 1, "children": [{"tag": "repository_Variable", "attributes": {"name": "generaldecaiss_CodMotif", "resdescid": "21114"}, "is_external": true, "used_time": 6, "resdescid": "21114", "children": []}]}, {"tag": "XML_VALUE", "attributes": {"type": "expression"}, "is_external": false, "used_time": 1, "children": []}]}]}]}, {"tag": "If_VALUE", "attributes": {"condid": "0", "description": "from old version", "expanded": "true", "idTemplate": "30", "name": "new condition", "usage": "use"}, "is_external": false, "used_time": 1, "children": [{"tag": "CONTENT", "attributes": {"value": "\"TRUE\""}, "is_external": false, "used_time": 1, "children": []}, {"tag": "Paragraph", "attributes": {"description": "Ce montant correspond  \u00c3\u00a0 ou aux acomptes vers\u00c3\u00a9s au profit du ou des clients dont le d\u00c3\u00a9tail est indiqu\u00c3\u00a9 en annexe.", "idTemplate": "72", "name": "PC_RDVO_RB_TexteRBC_01"}, "is_external": false, "used_time": 1, "children": [{"tag": "CONTENT", "attributes": {"breakPage": "nonallowed_always", "currentZoom": "100", "orphansNumber": "0", "productionPolicy": "editable_reviewable", "productionPolicyUse": "editable", "spellingLang": "FR", "widowsNumber": "0", "woLock": "true", "z_automatic": "true", "z_deltaY": "850", "z_leftIndent": "0", "z_localCtxUnit": "100p", "z_rightIndent": "0", "z_type": "CtxDyn"}, "is_external": false, "used_time": 1, "children": [{"tag": "LocalVars", "attributes": {}, "is_external": false, "used_time": 1, "children": []}, {"tag": "STYLE-AUTOMATIC", "attributes": {}, "is_external": false, "used_time": 1, "children": []}, {"tag": "TEXT", "attributes": {}, "is_external": false, "used_time": 1, "children": [{"tag": "repository_TextStyle", "attributes": {"resdescid": "4346"}, "is_external": true, "used_time": 280, "resdescid": "4346", "children": []}]}]}]}]}]}, {"tag": "repository_Paragraph", "attributes": {"idTemplate": "32", "resdescid": "41946"}, "is_external": true, "used_time": 6, "resdescid": "41946", "children": [{"tag": "CONTENT", "attributes": {"productionPolicyUse": "editable", "z_automatic": "true", "z_deltaY": "850", "z_leftIndent": "0", "z_localCtxUnit": "100p", "z_rightIndent": "0", "z_type": "CtxDyn"}, "is_external": false, "used_time": 1, "children": []}]}, {"tag": "repository_Paragraph", "attributes": {"idTemplate": "33", "resdescid": "38631"}, "is_external": true, "used_time": 6, "resdescid": "38631", "children": [{"tag": "CONTENT", "attributes": {"orphansNumber": "0", "productionPolicyUse": "editable", "widowsNumber": "0", "z_automatic": "true", "z_deltaY": "850", "z_leftIndent": "0", "z_localCtxUnit": "100p", "z_rightIndent": "0", "z_type": "CtxDyn"}, "is_external": false, "used_time": 1, "children": []}]}, {"tag": "repository_Paragraph", "attributes": {"idTemplate": "34", "resdescid": "41945"}, "is_external": true, "used_time": 14, "resdescid": "41945", "children": [{"tag": "CONTENT", "attributes": {"productionPolicyUse": "editable", "z_automatic": "true", "z_deltaY": "850", "z_leftIndent": "0", "z_localCtxUnit": "100p", "z_rightIndent": "0", "z_type": "CtxDyn"}, "is_external": false, "used_time": 1, "children": []}]}, {"tag": "repository_Paragraph", "attributes": {"idTemplate": "35", "resdescid": "108236"}, "is_external": true, "used_time": 7, "resdescid": "108236", "children": [{"tag": "CONTENT", "attributes": {"productionPolicyUse": "editable", "z_automatic": "true", "z_deltaY": "1133", "z_leftIndent": "0", "z_localCtxUnit": "100p", "z_rightIndent": "0", "z_type": "CtxDyn"}, "is_external": false, "used_time": 1, "children": []}]}, {"tag": "repository_TemplateSubSet", "attributes": {"idOwnerUse": "95", "idTemplate": "36", "resdescid": "55197"}, "is_external": true, "used_time": 39, "resdescid": "55197", "children": [{"tag": "CONTENT", "attributes": {}, "is_external": false, "used_time": 1, "children": []}]}]}, {"tag": "Footer", "attributes": {"description": "", "expanded": "true", "idTemplate": "37", "name": "Pied de page", "usage": "use"}, "is_external": false, "used_time": 1, "children": [{"tag": "repository_LocalContext", "attributes": {"idTemplate": "77", "resdescid": "5378"}, "is_external": true, "used_time": 61, "resdescid": "5378", "children": []}]}]}]}]}