{"tag": "repository_Template", "attributes": {"activated": "false", "description": "Quittance subrogative materiel", "domainid": "3132", "expanded": "true", "isPlugin": "false", "name": "EEDQB109bis_01", "resdescid": "279000", "subtypes": "", "version": "1.2"}, "children": [{"tag": "CONTENT", "attributes": {"debugMode": "0", "maxIdTemplate": "183", "messageFilter": "", "monoDataLoader": "true", "tagVersion": "E_P3_1_2_2_3q11"}, "children": [{"tag": "repository_TextStyle", "attributes": {"hidden": "true", "resdescid": "204142"}, "is_external": true, "used_time": 259, "resdescid": "204142", "children": []}, {"tag": "repository_DataManager", "attributes": {"name": "reglement_dl1", "resdescid": "13508"}, "is_external": true, "used_time": 248, "resdescid": "13508", "children": []}, {"tag": "inputData", "attributes": {"current": "xxEEDQ-xxxC119-FDIIPDN-S-190114092527.xml", "filter": ""}, "is_external": false, "used_time": 1, "children": []}, {"tag": "repository_TemplateClass", "attributes": {"expanded": "true", "idTemplate": "2", "resdescid": "277832"}, "is_external": true, "used_time": 212, "resdescid": "277832", "children": [{"tag": "CONTENT", "attributes": {}, "is_external": false, "used_time": 1, "children": []}, {"tag": "TemplateClass_Anchor", "attributes": {"description": "", "expanded": "false", "idAnchor": "6", "idOwner": "277832", "idTemplate": "3", "name": "Placement Premier ent\u00c3\u00aate", "usage": "use"}, "is_external": false, "used_time": 1, "children": [{"tag": "CustomObject", "attributes": {"description": "", "idTemplate": "21", "name": "V_CodeSociete"}, "is_external": false, "used_time": 1, "children": [{"tag": "CONTENT", "attributes": {"CusVar_CustomComponentName": "SetVariable", "CusVar_CustomLibrary": "advanced", "TPVarMode": "set", "tagVersion": "E_P3_1_1_2_2q31"}, "is_external": false, "used_time": 1, "children": [{"tag": "repository_CustomLibrary", "attributes": {"resdescid": "97"}, "is_external": true, "used_time": 603, "resdescid": "97", "children": [{"tag": "CustomObject", "attributes": {"name": "SetVariable"}, "is_external": false, "used_time": 1, "children": []}]}, {"tag": "XML_VALUE", "attributes": {"name": "TPVarValue", "type": "expression"}, "is_external": false, "used_time": 1, "children": []}, {"tag": "XML_VALUE", "attributes": {"name": "TPVarName", "type": "expression"}, "is_external": false, "used_time": 1, "children": []}]}]}]}, {"tag": "TemplateClass_Anchor", "attributes": {"description": "", "idAnchor": "10", "idOwner": "277832", "idTemplate": "4", "name": "ALIM_FLAG_MULTIDOC", "usage": "use"}, "is_external": false, "used_time": 1, "children": []}, {"tag": "TemplateClass_Anchor", "attributes": {"description": "", "expanded": "true", "idAnchor": "11", "idOwner": "277832", "idTemplate": "5", "name": "ALIM_VARIABLES_SURCHARGE", "usage": "use"}, "is_external": false, "used_time": 1, "children": [{"tag": "TemplateComment", "attributes": {"description": "", "idTemplate": "130", "name": "A LIRE - Choix Civilite"}, "is_external": false, "used_time": 1, "children": [{"tag": "CONTENT", "attributes": {"breakPage": "nonallowed_always", "currentZoom": "100", "orphansNumber": "0", "spellingLang": "FR", "tagVersion": "E_P3_1_1_2_2q31", "widowsNumber": "0", "woLock": "true"}, "is_external": false, "used_time": 1, "children": [{"tag": "LocalVars", "attributes": {}, "is_external": false, "used_time": 1, "children": []}, {"tag": "STYLE-AUTOMATIC", "attributes": {}, "is_external": false, "used_time": 1, "children": []}, {"tag": "TEXT", "attributes": {}, "is_external": false, "used_time": 1, "children": [{"tag": "repository_TextStyle", "attributes": {"resdescid": "204142"}, "is_external": true, "used_time": 259, "resdescid": "204142", "children": []}, {"tag": "repository_TextStyle", "attributes": {"resdescid": "204142"}, "is_external": true, "used_time": 259, "resdescid": "204142", "children": []}, {"tag": "repository_TextStyle", "attributes": {"resdescid": "204142"}, "is_external": true, "used_time": 259, "resdescid": "204142", "children": []}, {"tag": "repository_TextStyle", "attributes": {"resdescid": "204142"}, "is_external": true, "used_time": 259, "resdescid": "204142", "children": []}, {"tag": "repository_TextStyle", "attributes": {"resdescid": "204142"}, "is_external": true, "used_time": 259, "resdescid": "204142", "children": []}, {"tag": "repository_TextStyle", "attributes": {"resdescid": "204142"}, "is_external": true, "used_time": 259, "resdescid": "204142", "children": []}]}]}]}, {"tag": "repository_CustomObject", "attributes": {"idTemplate": "132", "resdescid": "278183"}, "is_external": true, "used_time": 82, "resdescid": "278183", "children": []}, {"tag": "repository_CustomObject", "attributes": {"idTemplate": "133", "resdescid": "278182"}, "is_external": true, "used_time": 79, "resdescid": "278182", "children": []}]}, {"tag": "TemplateClass_Anchor", "attributes": {"description": "", "expanded": "true", "idAnchor": "13", "idOwner": "277832", "idTemplate": "6", "name": "REFERENCES", "usage": "use"}, "is_external": false, "used_time": 1, "children": [{"tag": "repository_TemplateSubSet", "attributes": {"idTemplate": "182", "resdescid": "2908351"}, "is_external": true, "used_time": 174, "resdescid": "2908351", "children": [{"tag": "CONTENT", "attributes": {"z_deltaY": "0", "z_leftIndent": "0", "z_localCtxUnit": "100p", "z_rightIndent": "0", "z_type": "CtxDyn"}, "is_external": false, "used_time": 1, "children": []}]}]}, {"tag": "TemplateClass_Anchor", "attributes": {"description": "", "expanded": "true", "idAnchor": "12", "idOwner": "277832", "idTemplate": "7", "name": "ADRESSE_POSTAL", "usage": "use"}, "is_external": false, "used_time": 1, "children": [{"tag": "repository_LocalContext", "attributes": {"expanded": "true", "idTemplate": "109", "resdescid": "234353"}, "is_external": true, "used_time": 99, "resdescid": "234353", "children": [{"tag": "CustomObject", "attributes": {"description": "", "idTemplate": "175", "name": "set V_AdresseAgence"}, "is_external": false, "used_time": 1, "children": [{"tag": "CONTENT", "attributes": {"CusVar_CustomComponentName": "python_exec", "CusVar_CustomLibrary": "generic", "code": "# initialisation avec le libell\u00c3\u00a9 de la societe\ntechvars.V_AdresseAgence = techvars.contrat_L_Societe\n\n# test sur le complement d'identification\nif (( techvars.sinistreadrsg_ComplementId != \"\" ) and ( techvars.sinistreadrsg_ComplementId != \"sinistreadrsg_ComplementId\" )) _\n    techvars.V_AdresseAgence = techvars.V_AdresseAgence + \"\\x07\" + techvars.sinistreadrsg_ComplementId\n\n# test sur la voie d'acheminement\nif (( techvars.sinistreadrsg_VoieAcheminement != \"\" ) and ( techvars.sinistreadrsg_VoieAcheminement != \"sinistreadrsg_VoieAcheminement\" )) _\n    techvars.V_AdresseAgence = techvars.V_AdresseAgence + \"\\x07\" + techvars.sinistreadrsg_VoieAcheminement\n\n# test sur le Lieu-Dit\nif (( techvars.sinistreadrsg_LieuDitHameau != \"\" ) and ( techvars.sinistreadrsg_LieuDitHameau != \"sinistreadrsg_LieuDitHameau\" )) _\n    techvars.V_AdresseAgence = techvars.V_AdresseAgence + \"\\x07\" + techvars.sinistreadrsg_LieuDitHameau\n\n# test sur le complement de distribution\nif (( techvars.sinistreadrsg_ComplementDistri != \"\" ) and ( techvars.sinistreadrsg_ComplementDistri != \"sinistreadrsg_ComplementDistri\" )) _\n    techvars.V_AdresseAgence = techvars.V_AdresseAgence + \"\\x07\" + techvars.sinistreadrsg_ComplementDistri\n\n# test sur le code postal et sue le nom localite\nif ((( techvars.sinistreadrsg_C_Postal != \"\" ) and ( techvars.sinistreadrsg_C_Postal != \"sinistreadrsg_C_Postal\" )) and (( techvars.sinistreadrsg_NomLocalite != \"\" ) and ( techvars.sinistreadrsg_NomLocalite != \"sinistreadrsg_NomLocalite\" ))) _\n    techvars.V_AdresseAgence = techvars.V_AdresseAgence + \"\\x07\" + techvars.sinistreadrsg_C_Postal + \" \" + techvars.sinistreadrsg_NomLocalite\n", "tagVersion": "E_P3_1_1_4_2q53"}, "is_external": false, "used_time": 1, "children": [{"tag": "repository_CustomLibrary", "attributes": {"resdescid": "40"}, "is_external": true, "used_time": 207, "resdescid": "40", "children": [{"tag": "CustomObject", "attributes": {"name": "python_exec"}, "is_external": false, "used_time": 1, "children": []}]}]}]}, {"tag": "Paragraph", "attributes": {"description": "", "idTemplate": "176", "name": "PE_SXXX_Adresse_SinistreAdrSG_01", "subtypes": ""}, "is_external": false, "used_time": 1, "children": [{"tag": "CONTENT", "attributes": {"ErrorTagOnlyBefore": "true", "breakPage": "nonallowed_always", "breakPageUse": "nonallowed_always", "currentZoom": "100", "orphansNumber": "0", "productionPolicyUse": "editable", "spellingLang": "US", "tagVersion": "E_P3_1_1_4_2q53", "widowsNumber": "0", "woLock": "false"}, "is_external": false, "used_time": 1, "children": [{"tag": "LocalVars", "attributes": {}, "is_external": false, "used_time": 1, "children": []}, {"tag": "STYLE-AUTOMATIC", "attributes": {}, "is_external": false, "used_time": 1, "children": []}, {"tag": "TEXT", "attributes": {}, "is_external": false, "used_time": 1, "children": [{"tag": "repository_TextStyle", "attributes": {"resdescid": "204142"}, "is_external": true, "used_time": 259, "resdescid": "204142", "children": [{"tag": "TextStyle", "attributes": {}, "is_external": false, "used_time": 1, "children": [{"tag": "CONTENT", "attributes": {"category": "character"}, "is_external": false, "used_time": 1, "children": [{"tag": "PROPERTIES_FONT", "attributes": {"name": "Arial", "resdescid": "-1", "size": "10.0"}, "is_external": false, "used_time": 0, "resdescid": "-1", "children": []}]}]}]}]}]}]}]}]}, {"tag": "TemplateClass_Anchor", "attributes": {"description": "", "idAnchor": "7", "idOwner": "277832", "idTemplate": "8", "name": "Placement Ent\u00c3\u00aate", "usage": "use"}, "is_external": false, "used_time": 1, "children": []}, {"tag": "TemplateClass_Anchor", "attributes": {"description": "", "idAnchor": "19", "idOwner": "277832", "idTemplate": "9", "name": "Placement Corps de page", "usage": "use"}, "is_external": false, "used_time": 1, "children": []}, {"tag": "TemplateClass_Anchor", "attributes": {"description": "", "idAnchor": "33", "idOwner": "277832", "idTemplate": "10", "name": "RECOMMANDE", "usage": "use"}, "is_external": false, "used_time": 1, "children": []}, {"tag": "TemplateClass_Anchor", "attributes": {"description": "", "idAnchor": "14", "idOwner": "277832", "idTemplate": "11", "name": "ATTENTION", "usage": "use"}, "is_external": false, "used_time": 1, "children": []}, {"tag": "TemplateClass_Anchor", "attributes": {"description": "", "expanded": "true", "idAnchor": "17", "idOwner": "277832", "idTemplate": "12", "name": "DATE", "usage": "use"}, "is_external": false, "used_time": 1, "children": [{"tag": "repository_LocalContext", "attributes": {"expanded": "true", "idTemplate": "110", "resdescid": "278246"}, "is_external": true, "used_time": 82, "resdescid": "278246", "children": [{"tag": "CONTENT", "attributes": {"VBalancing": "NONE", "absoluteX": "0", "attachment": "false", "behavious": "parent", "heightAfter": "0", "heightBefore": "5000", "localCtxUnit": "100p", "publish": "false", "resetPos": "false", "rightIndent": "0", "standardUser": "false", "tagVersion": "E_P3_1_1_2_2q31", "type": "CtxFixedP"}, "is_external": false, "used_time": 1, "children": []}, {"tag": "repository_Paragraph", "attributes": {"idTemplate": "112", "resdescid": "278178"}, "is_external": true, "used_time": 103, "resdescid": "278178", "children": [{"tag": "CONTENT", "attributes": {"productionPolicyUse": "editable", "z_deltaY": "0", "z_leftIndent": "0", "z_localCtxUnit": "100p", "z_rightIndent": "0", "z_type": "CtxDyn"}, "is_external": false, "used_time": 1, "children": [{"tag": "EditableInProduction", "attributes": {"editable": "false"}, "is_external": false, "used_time": 1, "children": []}]}]}]}]}, {"tag": "TemplateClass_Anchor", "attributes": {"description": "", "idAnchor": "18", "idOwner": "277832", "idTemplate": "13", "name": "OBJET", "usage": "use"}, "is_external": false, "used_time": 1, "children": []}, {"tag": "TemplateClass_Anchor", "attributes": {"description": "", "expanded": "true", "idAnchor": "21", "idOwner": "277832", "idTemplate": "14", "name": "CORPS", "usage": "use"}, "is_external": false, "used_time": 1, "children": [{"tag": "repository_TemplateSubSet", "attributes": {"idTemplate": "177", "resdescid": "278999"}, "is_external": true, "used_time": 2, "resdescid": "278999", "children": [{"tag": "CONTENT", "attributes": {}, "is_external": false, "used_time": 1, "children": []}]}]}, {"tag": "TemplateClass_Anchor", "attributes": {"description": "", "idAnchor": "20", "idOwner": "277832", "idTemplate": "15", "name": "FORMULE_POLITESSE", "usage": "use"}, "is_external": false, "used_time": 1, "children": []}, {"tag": "TemplateClass_Anchor", "attributes": {"description": "", "expanded": "true", "idAnchor": "31", "idOwner": "277832", "idTemplate": "16", "name": "RENSEIGNEMENT COMPLEMENTAIRE", "usage": "use"}, "is_external": false, "used_time": 1, "children": [{"tag": "repository_Paragraph", "attributes": {"idTemplate": "178", "resdescid": "277715"}, "is_external": true, "used_time": 143, "resdescid": "277715", "children": [{"tag": "CONTENT", "attributes": {"productionPolicyUse": "editable", "z_deltaY": "4251", "z_leftIndent": "0", "z_localCtxUnit": "100p", "z_rightIndent": "0", "z_type": "CtxDyn"}, "is_external": false, "used_time": 1, "children": [{"tag": "EditableInProduction", "attributes": {"editable": "false"}, "is_external": false, "used_time": 1, "children": []}]}]}]}, {"tag": "TemplateClass_Anchor", "attributes": {"description": "", "idAnchor": "16", "idOwner": "277832", "idTemplate": "17", "name": "PIECES_JOINTES", "usage": "use"}, "is_external": false, "used_time": 1, "children": []}, {"tag": "TemplateClass_Anchor", "attributes": {"description": "", "idAnchor": "32", "idOwner": "277832", "idTemplate": "18", "name": "DESTINATAIRES COPIES", "usage": "use"}, "is_external": false, "used_time": 1, "children": []}, {"tag": "TemplateClass_Anchor", "attributes": {"description": "", "idAnchor": "9", "idOwner": "277832", "idTemplate": "19", "name": "Placement Pied de page", "usage": "use"}, "is_external": false, "used_time": 1, "children": []}, {"tag": "TemplateClass_Anchor", "attributes": {"description": "", "idAnchor": "10", "idOwner": "277832", "idTemplate": "183", "name": "Placement Dernier pied de page", "usage": "use"}, "is_external": false, "used_time": 1, "children": []}]}, {"tag": "Wizard", "attributes": {"description": "", "expanded": "true", "idTemplate": "63", "name": "Nouveau sc\u00c3\u00a9nario"}, "is_external": false, "used_time": 1, "children": [{"tag": "CONTENT", "attributes": {"tagVersion": "E_P3_1_1_2_2q31"}, "is_external": false, "used_time": 1, "children": []}, {"tag": "WizardForm", "attributes": {"description": "", "expanded": "true", "idTemplate": "179", "name": "Nouveau formulaire transactionnel"}, "is_external": false, "used_time": 1, "children": [{"tag": "CONTENT", "attributes": {"tagVersion": "E_P3_1_1_2_2q31"}, "is_external": false, "used_time": 1, "children": [{"tag": "repository_WizardRenderer", "attributes": {"activated": "false", "description": "", "domainid": "290", "isPlugin": "false", "name": "Theme Test", "resdescid": "278181", "subtypes": "", "version": "1.12"}, "is_external": true, "used_time": 190, "resdescid": "278181", "children": [{"tag": "CONTENT", "attributes": {"background": "240 240 240", "tagVersion": "E_P3_1_1_2_2q31"}, "is_external": false, "used_time": 1, "children": [{"tag": "PROPERTIES_FONT", "attributes": {"bold": "false", "color": "0 0 0", "italic": "false", "name": "Arial", "size": "11"}, "is_external": false, "used_time": 1, "children": []}, {"tag": "PROPERTIES_DESCRIPTION_FONT", "attributes": {"bold": "false", "color": "0 0 0", "isManual": "false", "italic": "false", "name": "Arial", "size": "12"}, "is_external": false, "used_time": 1, "children": []}, {"tag": "PROPERTIES_BORDER_WIZ", "attributes": {"color": "0 0 0", "pattern": "3DLowered", "thickness": "1"}, "is_external": false, "used_time": 1, "children": []}, {"tag": "PROPERTIES_SUB_ELEMENT_INDENT_WIZ", "attributes": {"bottom": "0", "left": "0", "right": "0", "top": "0"}, "is_external": false, "used_time": 1, "children": []}, {"tag": "PROPERTIES_DESCRIPTION_SIZE", "attributes": {"isManual": "false", "width": "50"}, "is_external": false, "used_time": 1, "children": []}, {"tag": "PROPERTIES_DESCRIPTION_COLOR", "attributes": {"background": "240 240 240", "isManual": "false"}, "is_external": false, "used_time": 1, "children": []}]}]}]}, {"tag": "WizardGroup", "attributes": {"description": "", "expanded": "true", "idTemplate": "179", "name": "Nouveau groupe de formulaire"}, "is_external": false, "used_time": 1, "children": [{"tag": "CONTENT", "attributes": {"layout": "Border", "tagVersion": "E_P3_1_1_2_1q31"}, "is_external": false, "used_time": 1, "children": [{"tag": "WizardGroupArea", "attributes": {}, "is_external": false, "used_time": 1, "children": [{"tag": "CONTENT", "attributes": {"fillMode": "Vertical", "location": "North"}, "is_external": false, "used_time": 1, "children": []}]}, {"tag": "WizardGroupArea", "attributes": {}, "is_external": false, "used_time": 1, "children": [{"tag": "CONTENT", "attributes": {"fillMode": "Vertical", "location": "West"}, "is_external": false, "used_time": 1, "children": []}]}, {"tag": "WizardGroupArea", "attributes": {}, "is_external": false, "used_time": 1, "children": [{"tag": "CONTENT", "attributes": {"fillMode": "Vertical", "location": "Center"}, "is_external": false, "used_time": 1, "children": []}]}, {"tag": "WizardGroupArea", "attributes": {}, "is_external": false, "used_time": 1, "children": [{"tag": "CONTENT", "attributes": {"fillMode": "Vertical", "location": "East"}, "is_external": false, "used_time": 1, "children": []}]}, {"tag": "WizardGroupArea", "attributes": {}, "is_external": false, "used_time": 1, "children": [{"tag": "CONTENT", "attributes": {"fillMode": "Vertical", "location": "South"}, "is_external": false, "used_time": 1, "children": []}]}]}, {"tag": "WizardGroupArea", "attributes": {"alignmentH": "Stretch", "alignmentV": "Top", "condid": "0", "description": "", "expanded": "true", "fillMode": "Vertical", "idTemplate": "160", "location": "North", "name": "North", "usage": "use"}, "is_external": false, "used_time": 1, "children": [{"tag": "CONTENT", "attributes": {}, "is_external": false, "used_time": 1, "children": []}, {"tag": "WizardFormLabel", "attributes": {"description": "", "idTemplate": "67", "name": "Quittance"}, "is_external": false, "used_time": 1, "children": [{"tag": "CONTENT", "attributes": {"breakPage": "nonallowed_always", "currentZoom": "100", "orphansNumber": "0", "spellingLang": "US", "tagVersion": "E_P3_1_1_2_2q31", "widowsNumber": "0", "woLock": "true"}, "is_external": false, "used_time": 1, "children": [{"tag": "LocalVars", "attributes": {}, "is_external": false, "used_time": 1, "children": []}, {"tag": "STYLE-AUTOMATIC", "attributes": {}, "is_external": false, "used_time": 1, "children": []}, {"tag": "TEXT", "attributes": {}, "is_external": false, "used_time": 1, "children": [{"tag": "repository_TextStyle", "attributes": {"resdescid": "204142"}, "is_external": true, "used_time": 259, "resdescid": "204142", "children": [{"tag": "TextStyle", "attributes": {}, "is_external": false, "used_time": 1, "children": [{"tag": "CONTENT", "attributes": {"category": "character"}, "is_external": false, "used_time": 1, "children": [{"tag": "PROPERTIES_FONT", "attributes": {"bold": "true", "name": "Arial", "size": "10.0"}, "is_external": false, "used_time": 1, "children": []}]}]}]}]}]}]}]}, {"tag": "WizardGroupArea", "attributes": {"alignmentH": "Left", "alignmentV": "Center", "condid": "0", "description": "", "expanded": "true", "fillMode": "Vertical", "idTemplate": "161", "location": "West", "name": "West", "usage": "use"}, "is_external": false, "used_time": 1, "children": [{"tag": "CONTENT", "attributes": {}, "is_external": false, "used_time": 1, "children": []}, {"tag": "WizardFormLabel", "attributes": {"description": "", "idTemplate": "164", "name": "MontantReglement"}, "is_external": false, "used_time": 1, "children": [{"tag": "CONTENT", "attributes": {"breakPage": "nonallowed_always", "currentZoom": "100", "orphansNumber": "0", "spellingLang": "US", "tagVersion": "E_P3_1_1_2_2q31", "widowsNumber": "0", "woLock": "true"}, "is_external": false, "used_time": 1, "children": [{"tag": "LocalVars", "attributes": {}, "is_external": false, "used_time": 1, "children": []}, {"tag": "STYLE-AUTOMATIC", "attributes": {}, "is_external": false, "used_time": 1, "children": []}, {"tag": "TEXT", "attributes": {}, "is_external": false, "used_time": 1, "children": [{"tag": "repository_TextStyle", "attributes": {"resdescid": "204142"}, "is_external": true, "used_time": 259, "resdescid": "204142", "children": [{"tag": "TextStyle", "attributes": {}, "is_external": false, "used_time": 1, "children": [{"tag": "CONTENT", "attributes": {"category": "character"}, "is_external": false, "used_time": 1, "children": [{"tag": "PROPERTIES_FONT", "attributes": {"name": "Arial", "size": "10.0"}, "is_external": false, "used_time": 1, "children": []}]}]}]}]}]}]}]}, {"tag": "WizardGroupArea", "attributes": {"alignmentH": "Left", "alignmentV": "Center", "condid": "0", "description": "", "expanded": "true", "fillMode": "Horizontal", "idTemplate": "98", "location": "Center", "name": "Centre", "usage": "use"}, "is_external": false, "used_time": 1, "children": [{"tag": "CONTENT", "attributes": {}, "is_external": false, "used_time": 1, "children": []}, {"tag": "repository_CustomFunc", "attributes": {"idTemplate": "167", "resdescid": "278998"}, "is_external": true, "used_time": 2, "resdescid": "278998", "children": [{"tag": "CONTENT", "attributes": {"height": "25", "width": "200"}, "is_external": false, "used_time": 1, "children": []}]}]}, {"tag": "WizardGroupArea", "attributes": {"alignmentH": "Stretch", "alignmentV": "Top", "condid": "0", "description": "", "fillMode": "Vertical", "idTemplate": "162", "location": "East", "name": "East", "usage": "use"}, "is_external": false, "used_time": 1, "children": []}, {"tag": "WizardGroupArea", "attributes": {"alignmentH": "Stretch", "alignmentV": "Top", "condid": "0", "description": "", "fillMode": "Vertical", "idTemplate": "163", "location": "South", "name": "South", "usage": "use"}, "is_external": false, "used_time": 1, "children": []}]}, {"tag": "WizardGroup", "attributes": {"description": "", "expanded": "true", "idTemplate": "148", "name": "Nouveau groupe de formulaire"}, "is_external": false, "used_time": 1, "children": [{"tag": "CONTENT", "attributes": {"layout": "Simple", "tagVersion": "E_P3_1_1_2_2q31"}, "is_external": false, "used_time": 1, "children": [{"tag": "WizardGroupArea", "attributes": {}, "is_external": false, "used_time": 1, "children": [{"tag": "CONTENT", "attributes": {"fillMode": "Vertical", "location": "Center"}, "is_external": false, "used_time": 1, "children": []}]}]}, {"tag": "WizardGroupArea", "attributes": {"alignmentH": "Stretch", "alignmentV": "Top", "condid": "0", "description": "", "expanded": "true", "fillMode": "Vertical", "idTemplate": "149", "location": "Center", "name": "Centre", "usage": "use"}, "is_external": false, "used_time": 1, "children": [{"tag": "CONTENT", "attributes": {}, "is_external": false, "used_time": 1, "children": []}, {"tag": "WizardFormLabel", "attributes": {"description": "", "idTemplate": "150", "name": "LBL_Champs_Obligatoires"}, "is_external": false, "used_time": 1, "children": [{"tag": "CONTENT", "attributes": {"breakPage": "nonallowed_always", "currentZoom": "100", "orphansNumber": "0", "spellingLang": "FR", "tagVersion": "E_P3_1_1_2_2q31", "widowsNumber": "0", "woLock": "true"}, "is_external": false, "used_time": 1, "children": [{"tag": "LocalVars", "attributes": {}, "is_external": false, "used_time": 1, "children": []}, {"tag": "STYLE-AUTOMATIC", "attributes": {}, "is_external": false, "used_time": 1, "children": []}, {"tag": "TEXT", "attributes": {}, "is_external": false, "used_time": 1, "children": [{"tag": "repository_TextStyle", "attributes": {"resdescid": "231550"}, "is_external": true, "used_time": 132, "resdescid": "231550", "children": [{"tag": "TextStyle", "attributes": {}, "is_external": false, "used_time": 1, "children": [{"tag": "CONTENT", "attributes": {"category": "character"}, "is_external": false, "used_time": 1, "children": [{"tag": "PROPERTIES_FONT", "attributes": {"color": "255 0 0", "colorCMYK": "0 255 255 0", "italic": "true", "name": "Arial"}, "is_external": false, "used_time": 1, "children": []}]}]}]}, {"tag": "repository_TextStyle", "attributes": {"resdescid": "231550"}, "is_external": true, "used_time": 132, "resdescid": "231550", "children": [{"tag": "TextStyle", "attributes": {}, "is_external": false, "used_time": 1, "children": [{"tag": "CONTENT", "attributes": {"category": "character"}, "is_external": false, "used_time": 1, "children": [{"tag": "PROPERTIES_FONT", "attributes": {"color": "255 0 0", "colorCMYK": "0 255 255 0", "italic": "true", "name": "Arial"}, "is_external": false, "used_time": 1, "children": []}]}]}]}]}]}]}, {"tag": "repository_If", "attributes": {"expanded": "true", "idTemplate": "97", "resdescid": "277648"}, "is_external": true, "used_time": 188, "resdescid": "277648", "children": [{"tag": "If_VALUE", "attributes": {"condid": "0", "description": "simple condition", "expanded": "true", "idTemplate": "408", "name": "CondIF", "usage": "use"}, "is_external": false, "used_time": 1, "children": [{"tag": "WizardAction", "attributes": {"description": "", "idTemplate": "416", "name": "OK"}, "is_external": false, "used_time": 1, "children": [{"tag": "CONTENT", "attributes": {"ask": "false", "buttonType": "standard", "defaultFocus": "false", "height": "25", "key": "OK", "tagVersion": "E_P3_1_1_2_2q31", "width": "400"}, "is_external": false, "used_time": 1, "children": [{"tag": "label", "attributes": {}, "is_external": false, "used_time": 1, "children": [{"tag": "XML_VALUE", "attributes": {"type": "expression"}, "is_external": false, "used_time": 1, "children": []}]}]}]}, {"tag": "WizardTemplateViewer", "attributes": {"description": "", "idTemplate": "114", "name": "Nouvelle visionneuse de document"}, "is_external": false, "used_time": 1, "children": [{"tag": "CONTENT", "attributes": {"filter": "paper", "tagVersion": "E_P3_1_1_2_2q31", "type": "vpf", "web_default": "vpf"}, "is_external": false, "used_time": 1, "children": []}]}]}, {"tag": "If_DEFAULT", "attributes": {"condid": "default", "description": "", "expanded": "true", "idTemplate": "409", "name": "Sinon", "usage": "use"}, "is_external": false, "used_time": 1, "children": [{"tag": "WizardAction", "attributes": {"description": "", "idTemplate": "410", "name": "PREVIEW"}, "is_external": false, "used_time": 1, "children": [{"tag": "CONTENT", "attributes": {"ask": "false", "buttonType": "standard", "defaultFocus": "false", "height": "25", "key": "PREVIEW", "tagVersion": "E_P3_1_1_2_2q31", "width": "400"}, "is_external": false, "used_time": 1, "children": [{"tag": "label", "attributes": {}, "is_external": false, "used_time": 1, "children": [{"tag": "XML_VALUE", "attributes": {"type": "expression"}, "is_external": false, "used_time": 1, "children": []}]}]}]}]}]}]}]}]}]}]}]}