{"tag": "repository_Template", "attributes": {"activated": "false", "date": "2023-04-06 08_30_50.993", "description": "SGAM - Metamod\u00c3\u0083\u00c2\u0083\u00c3\u0082\u00c2\u00a8le SGAM - Avenant Modification dactivites qualifications", "domainid": "347", "id": "5460122", "isPlugin": "false", "lastFunctionDate": "2023-04-06 09_03_38.958", "lastFunctionParent": "30", "lastFunctionUser": "9", "name": "MPG16MQ01 -marque2017", "resdescid": "20775", "subtypes": "", "version": "1.4"}, "children": [{"tag": "CONTENT", "attributes": {"currentZoom": "100", "maxIdTemplate": "917", "messageFilter": "", "monoDataLoader": "true"}, "children": [{"tag": "repository_TextStyle", "attributes": {"hidden": "true", "resdescid": "4249"}, "is_external": true, "used_time": 496, "resdescid": "4249", "children": []}, {"tag": "repository_DataManager", "attributes": {"name": "prod_g16_dl1", "resdescid": "4185"}, "is_external": true, "used_time": 141, "resdescid": "4185", "children": []}, {"tag": "inputData", "attributes": {"current": "620183-316542E-G16IMDN-x-221021094743.xml", "filter": ""}, "is_external": false, "used_time": 1, "children": []}, {"tag": "repository_TemplateClass", "attributes": {"expanded": "true", "idTemplate": "2", "resdescid": "1092488"}, "is_external": true, "used_time": 390, "resdescid": "1092488", "children": [{"tag": "CONTENT", "attributes": {}, "is_external": false, "used_time": 1, "children": []}, {"tag": "TemplateClass_Anchor", "attributes": {"description": "", "idAnchor": "16", "idOwner": "1092488", "idTemplate": "3", "name": "PreInitPageOps", "usage": "use"}, "is_external": false, "used_time": 1, "children": []}, {"tag": "TemplateClass_Anchor", "attributes": {"description": "", "expanded": "true", "idAnchor": "7", "idOwner": "1092488", "idTemplate": "4", "name": "CharteGraphiqueSpecifique", "usage": "use"}, "is_external": false, "used_time": 1, "children": [{"tag": "repository_TemplateSubSet", "attributes": {"idTemplate": "751", "resdescid": "2504873"}, "is_external": true, "used_time": 93, "resdescid": "2504873", "children": [{"tag": "CONTENT", "attributes": {}, "is_external": false, "used_time": 1, "children": []}]}, {"tag": "repository_CustomObject", "attributes": {"idTemplate": "758", "resdescid": "1403711"}, "is_external": true, "used_time": 32, "resdescid": "1403711", "children": []}, {"tag": "repository_CustomObject", "attributes": {"idTemplate": "724", "resdescid": "828249"}, "is_external": true, "used_time": 157, "resdescid": "828249", "children": []}, {"tag": "repository_CustomObject", "attributes": {"idTemplate": "912", "resdescid": "1097084"}, "is_external": true, "used_time": 233, "resdescid": "1097084", "children": []}, {"tag": "repository_CustomObject", "attributes": {"idTemplate": "914", "resdescid": "837347"}, "is_external": true, "used_time": 354, "resdescid": "837347", "children": []}, {"tag": "repository_CustomObject", "attributes": {"idTemplate": "916", "resdescid": "837348"}, "is_external": true, "used_time": 354, "resdescid": "837348", "children": []}]}, {"tag": "TemplateClass_Anchor", "attributes": {"description": "", "idAnchor": "8", "idOwner": "1092488", "idTemplate": "5", "name": "Entete Suite", "usage": "use"}, "is_external": false, "used_time": 1, "children": []}, {"tag": "TemplateClass_Anchor", "attributes": {"description": "", "expanded": "true", "idAnchor": "3", "idOwner": "1092488", "idTemplate": "6", "name": "Corps de page", "usage": "use"}, "is_external": false, "used_time": 1, "children": [{"tag": "MessageLoop", "attributes": {"description": "", "idTemplate": "356", "messageName": "itcontrat", "name": "ForAll _ itcontrat"}, "is_external": false, "used_time": 1, "children": [{"tag": "CONTENT", "attributes": {"messageName": ""}, "is_external": false, "used_time": 1, "children": [{"tag": "repository_DataManager", "attributes": {"name": "prod_g16_dl1", "resdescid": "4185"}, "is_external": true, "used_time": 141, "resdescid": "4185", "children": [{"tag": "repository_DataMessageIterative", "attributes": {"name": "itcontrat", "resdescid": "4177"}, "is_external": true, "used_time": 0, "resdescid": "4177", "children": []}]}]}]}, {"tag": "MessageLoop", "attributes": {"description": "", "idTemplate": "360", "messageName": "itdecomptegeneral", "name": "ForAll _ itdecomptegeneral"}, "is_external": false, "used_time": 1, "children": [{"tag": "CONTENT", "attributes": {"messageName": ""}, "is_external": false, "used_time": 1, "children": [{"tag": "repository_DataManager", "attributes": {"name": "prod_g16_dl1", "resdescid": "4185"}, "is_external": true, "used_time": 141, "resdescid": "4185", "children": [{"tag": "repository_DataMessageIterative", "attributes": {"name": "itdecomptegeneral", "resdescid": "4077"}, "is_external": true, "used_time": 0, "resdescid": "4077", "children": []}]}]}]}, {"tag": "MessageLoop", "attributes": {"description": "", "idTemplate": "472", "messageName": "itclientadresse", "name": "ForAll _ itclientadresse"}, "is_external": false, "used_time": 1, "children": [{"tag": "CONTENT", "attributes": {"messageName": ""}, "is_external": false, "used_time": 1, "children": [{"tag": "repository_DataManager", "attributes": {"name": "prod_g16_dl1", "resdescid": "4185"}, "is_external": true, "used_time": 141, "resdescid": "4185", "children": [{"tag": "repository_DataMessageIterative", "attributes": {"name": "itclientadresse", "resdescid": "4069"}, "is_external": true, "used_time": 0, "resdescid": "4069", "children": []}]}]}]}, {"tag": "MessageLoop", "attributes": {"description": "", "idTemplate": "473", "messageName": "itcourtier", "name": "ForAll _ itcourtier"}, "is_external": false, "used_time": 1, "children": [{"tag": "CONTENT", "attributes": {"messageName": ""}, "is_external": false, "used_time": 1, "children": [{"tag": "repository_DataManager", "attributes": {"name": "prod_g16_dl1", "resdescid": "4185"}, "is_external": true, "used_time": 141, "resdescid": "4185", "children": [{"tag": "repository_DataMessageIterative", "attributes": {"name": "itcourtier", "resdescid": "4070"}, "is_external": true, "used_time": 0, "resdescid": "4070", "children": []}]}]}]}, {"tag": "If", "attributes": {"description": "", "expanded": "true", "idTemplate": "813", "name": "CS_PG16_SiCamacte_01"}, "is_external": false, "used_time": 1, "children": [{"tag": "CONTENT", "attributes": {"default": "true", "multilangue": "false", "type": "CondIF"}, "is_external": false, "used_time": 1, "children": [{"tag": "If_VALUE", "attributes": {"condid": "0", "description": "simple condition", "name": "CondIF"}, "is_external": false, "used_time": 1, "children": [{"tag": "CONDITION_OP", "attributes": {"lineid": "0", "name": "EXPR1", "select": "false", "type": "EQUAL"}, "is_external": false, "used_time": 1, "children": [{"tag": "XML_VALUE", "attributes": {"type": "expression"}, "is_external": false, "used_time": 1, "children": []}, {"tag": "XML_VALUE", "attributes": {"type": "expression"}, "is_external": false, "used_time": 1, "children": []}]}, {"tag": "CONDITION_OP", "attributes": {"lineid": "1", "name": "EXPR2", "select": "false", "type": "EQUAL"}, "is_external": false, "used_time": 1, "children": [{"tag": "XML_VALUE", "attributes": {"type": "expression"}, "is_external": false, "used_time": 1, "children": []}, {"tag": "XML_VALUE", "attributes": {"type": "expression"}, "is_external": false, "used_time": 1, "children": []}]}, {"tag": "CONDITION_OP", "attributes": {"lineid": "2", "name": "EXPR3", "select": "true", "type": "OR_OP"}, "is_external": false, "used_time": 1, "children": [{"tag": "CONDITION_OP", "attributes": {"lineid": "0", "name": "EXPR1", "select": "false", "type": "EQUAL"}, "is_external": false, "used_time": 1, "children": [{"tag": "XML_VALUE", "attributes": {"type": "expression"}, "is_external": false, "used_time": 1, "children": []}, {"tag": "XML_VALUE", "attributes": {"type": "expression"}, "is_external": false, "used_time": 1, "children": []}]}, {"tag": "CONDITION_OP", "attributes": {"lineid": "1", "name": "EXPR2", "select": "false", "type": "EQUAL"}, "is_external": false, "used_time": 1, "children": [{"tag": "XML_VALUE", "attributes": {"type": "expression"}, "is_external": false, "used_time": 1, "children": []}, {"tag": "XML_VALUE", "attributes": {"type": "expression"}, "is_external": false, "used_time": 1, "children": []}]}]}]}, {"tag": "If_DEFAULT", "attributes": {"description": "", "name": "Sinon"}, "is_external": false, "used_time": 1, "children": []}]}, {"tag": "If_VALUE", "attributes": {"condid": "0", "description": "simple condition", "expanded": "true", "idTemplate": "814", "name": "CondIF", "usage": "use"}, "is_external": false, "used_time": 1, "children": [{"tag": "CustomObject", "attributes": {"description": "", "idTemplate": "906", "name": "LocaliteFormatee"}, "is_external": false, "used_time": 1, "children": [{"tag": "CONTENT", "attributes": {"CusVar_CustomComponentName": "SetVariable", "CusVar_CustomLibrary": "advanced", "TPVarMode": "set"}, "is_external": false, "used_time": 1, "children": [{"tag": "repository_CustomLibrary", "attributes": {"resdescid": "97"}, "is_external": true, "used_time": 603, "resdescid": "97", "children": [{"tag": "CustomObject", "attributes": {"name": "SetVariable"}, "is_external": false, "used_time": 1, "children": []}]}, {"tag": "XML_VALUE", "attributes": {"name": "TPVarValue", "type": "expression"}, "is_external": false, "used_time": 1, "children": [{"tag": "repository_Variable", "attributes": {"name": "itgestionnaireadr_NomDenomination", "resdescid": "991"}, "is_external": true, "used_time": 30, "resdescid": "991", "children": []}]}, {"tag": "XML_VALUE", "attributes": {"name": "TPVarName", "type": "expression"}, "is_external": false, "used_time": 1, "children": []}]}]}]}, {"tag": "If_DEFAULT", "attributes": {"condid": "default", "description": "", "expanded": "true", "idTemplate": "816", "name": "Sinon", "usage": "use"}, "is_external": false, "used_time": 1, "children": [{"tag": "CustomObject", "attributes": {"description": "", "idTemplate": "910", "name": "LocaliteFormatee"}, "is_external": false, "used_time": 1, "children": [{"tag": "CONTENT", "attributes": {"CusVar_CustomComponentName": "SetVariable", "CusVar_CustomLibrary": "advanced", "TPVarMode": "set"}, "is_external": false, "used_time": 1, "children": [{"tag": "repository_CustomLibrary", "attributes": {"resdescid": "97"}, "is_external": true, "used_time": 603, "resdescid": "97", "children": [{"tag": "CustomObject", "attributes": {"name": "SetVariable"}, "is_external": false, "used_time": 1, "children": []}]}, {"tag": "XML_VALUE", "attributes": {"name": "TPVarValue", "type": "expression"}, "is_external": false, "used_time": 1, "children": [{"tag": "repository_Variable", "attributes": {"name": "itcontratadrsg_NomLocalite", "resdescid": "1045"}, "is_external": true, "used_time": 43, "resdescid": "1045", "children": []}]}, {"tag": "XML_VALUE", "attributes": {"name": "TPVarName", "type": "expression"}, "is_external": false, "used_time": 1, "children": []}]}]}]}]}, {"tag": "If", "attributes": {"description": "", "expanded": "true", "idTemplate": "823", "name": "CS_PG16_Document_NbrExemplaires1_01 "}, "is_external": false, "used_time": 1, "children": [{"tag": "CONTENT", "attributes": {"default": "true", "multilangue": "false", "type": "CondIF"}, "is_external": false, "used_time": 1, "children": [{"tag": "If_VALUE", "attributes": {"condid": "0", "description": "from old version", "name": "new condition"}, "is_external": false, "used_time": 1, "children": [{"tag": "CONDITION_OP", "attributes": {"lineid": "0", "name": "expr0", "select": "true", "type": "EQUAL"}, "is_external": false, "used_time": 1, "children": [{"tag": "XML_VALUE", "attributes": {"type": "expression"}, "is_external": false, "used_time": 1, "children": [{"tag": "repository_Variable", "attributes": {"name": "Document_NbrExemplaires", "resdescid": "3934"}, "is_external": true, "used_time": 37, "resdescid": "3934", "children": []}]}, {"tag": "XML_VALUE", "attributes": {"type": "expression"}, "is_external": false, "used_time": 1, "children": []}]}]}, {"tag": "If_DEFAULT", "attributes": {"description": "from old version", "name": "new condition"}, "is_external": false, "used_time": 1, "children": []}]}, {"tag": "If_VALUE", "attributes": {"condid": "0", "description": "from old version", "expanded": "true", "idTemplate": "824", "name": "new condition", "usage": "use"}, "is_external": false, "used_time": 1, "children": [{"tag": "CONTENT", "attributes": {"value": "\"TRUE\""}, "is_external": false, "used_time": 1, "children": []}, {"tag": "repository_CustomObject", "attributes": {"idTemplate": "825", "resdescid": "5285761"}, "is_external": true, "used_time": 22, "resdescid": "5285761", "children": []}]}, {"tag": "If_DEFAULT", "attributes": {"condid": "0", "description": "from old version", "expanded": "true", "idTemplate": "826", "name": "new condition", "usage": "use"}, "is_external": false, "used_time": 1, "children": [{"tag": "repository_CustomObject", "attributes": {"idTemplate": "827", "resdescid": "5285762"}, "is_external": true, "used_time": 22, "resdescid": "5285762", "children": []}]}]}, {"tag": "repository_TemplateSubSet", "attributes": {"idTemplate": "829", "resdescid": "1010525"}, "is_external": true, "used_time": 58, "resdescid": "1010525", "children": [{"tag": "CONTENT", "attributes": {}, "is_external": false, "used_time": 1, "children": []}]}, {"tag": "Paragraph", "attributes": {"description": "", "idTemplate": "654", "name": "PROD_PC_PG16_TitreAvenant_AVTOUAFN_01"}, "is_external": false, "used_time": 1, "children": [{"tag": "CONTENT", "attributes": {"breakPage": "nonallowed_always", "currentZoom": "100", "orphansNumber": "0", "productionPolicyUse": "editable", "spellingLang": "FR", "widowsNumber": "0", "woLock": "true", "z_deltaY": "1417", "z_leftIndent": "0", "z_localCtxUnit": "100p", "z_rightIndent": "0", "z_type": "CtxDyn"}, "is_external": false, "used_time": 1, "children": [{"tag": "repository_DataManager", "attributes": {"name": "prod_g16_dl1", "resdescid": "4185"}, "is_external": true, "used_time": 141, "resdescid": "4185", "children": []}, {"tag": "LocalVars", "attributes": {}, "is_external": false, "used_time": 1, "children": []}, {"tag": "STYLE-AUTOMATIC", "attributes": {}, "is_external": false, "used_time": 1, "children": []}, {"tag": "TEXT", "attributes": {}, "is_external": false, "used_time": 1, "children": [{"tag": "repository_TextStyle", "attributes": {"resdescid": "4943"}, "is_external": true, "used_time": 37, "resdescid": "4943", "children": [{"tag": "TextStyle", "attributes": {}, "is_external": false, "used_time": 1, "children": [{"tag": "CONTENT", "attributes": {"category": "character"}, "is_external": false, "used_time": 1, "children": [{"tag": "PROPERTIES_FONT", "attributes": {}, "is_external": false, "used_time": 1, "children": []}]}, {"tag": "repository_Variable", "attributes": {"name": "itcontrat_L_ContratType", "resdescid": "3858"}, "is_external": true, "used_time": 209, "resdescid": "3858", "children": []}]}, {"tag": "TextStyle", "attributes": {}, "is_external": false, "used_time": 1, "children": [{"tag": "CONTENT", "attributes": {"category": "character"}, "is_external": false, "used_time": 1, "children": [{"tag": "PROPERTIES_FONT", "attributes": {}, "is_external": false, "used_time": 1, "children": []}]}]}]}, {"tag": "repository_TextStyle", "attributes": {"resdescid": "4943"}, "is_external": true, "used_time": 37, "resdescid": "4943", "children": []}, {"tag": "repository_TextStyle", "attributes": {"resdescid": "4943"}, "is_external": true, "used_time": 37, "resdescid": "4943", "children": []}]}]}]}, {"tag": "LocalContext", "attributes": {"description": "", "expanded": "true", "idTemplate": "665", "name": "Zone_PG16_Article1"}, "is_external": false, "used_time": 1, "children": [{"tag": "CONTENT", "attributes": {"VBalancing": "NONE", "attachment": "false", "behavious": "seperated", "deltaY": "0", "heightAfter": "0", "leftIndent": "0", "localCtxUnit": "100p", "publish": "false", "resetPos": "false", "rightIndent": "0", "standardUser": "false", "type": "CtxDyn"}, "is_external": false, "used_time": 1, "children": []}, {"tag": "Paragraph", "attributes": {"description": "", "idTemplate": "666", "name": "PC_PG16_Article1Declaration_01"}, "is_external": false, "used_time": 1, "children": [{"tag": "CONTENT", "attributes": {"breakPage": "nonallowed_always", "currentZoom": "100", "orphansNumber": "0", "spellingLang": "FR", "widowsNumber": "0", "z_deltaY": "1417", "z_leftIndent": "0", "z_localCtxUnit": "100p", "z_rightIndent": "0", "z_type": "CtxDyn"}, "is_external": false, "used_time": 1, "children": [{"tag": "LocalVars", "attributes": {}, "is_external": false, "used_time": 1, "children": []}, {"tag": "STYLE-AUTOMATIC", "attributes": {}, "is_external": false, "used_time": 1, "children": []}, {"tag": "TEXT", "attributes": {}, "is_external": false, "used_time": 1, "children": [{"tag": "repository_TextStyle", "attributes": {"resdescid": "4542"}, "is_external": true, "used_time": 53, "resdescid": "4542", "children": [{"tag": "TextStyle", "attributes": {}, "is_external": false, "used_time": 1, "children": [{"tag": "CONTENT", "attributes": {"category": "character"}, "is_external": false, "used_time": 1, "children": [{"tag": "PROPERTIES_FONT", "attributes": {}, "is_external": false, "used_time": 1, "children": []}]}, {"tag": "repository_CustomFunc", "attributes": {"resdescid": "2436293"}, "is_external": true, "used_time": 42, "resdescid": "2436293", "children": []}]}]}]}]}]}, {"tag": "repository_Paragraph", "attributes": {"idTemplate": "883", "resdescid": "2667872"}, "is_external": true, "used_time": 11, "resdescid": "2667872", "children": [{"tag": "CONTENT", "attributes": {"breakPageUse": "allowed", "orphansNumber": "0", "productionPolicyUse": "editable", "widowsNumber": "0", "z_deltaY": "1417", "z_leftIndent": "0", "z_localCtxUnit": "100p", "z_rightIndent": "0", "z_type": "CtxDyn"}, "is_external": false, "used_time": 1, "children": []}]}]}, {"tag": "LocalContext", "attributes": {"description": "", "expanded": "true", "idTemplate": "680", "name": "Zone_PG16_Article2"}, "is_external": false, "used_time": 1, "children": [{"tag": "CONTENT", "attributes": {"VBalancing": "NONE", "attachment": "false", "behavious": "seperated", "deltaY": "0", "heightAfter": "0", "leftIndent": "0", "localCtxUnit": "100p", "publish": "false", "resetPos": "false", "rightIndent": "0", "standardUser": "false", "type": "CtxDyn"}, "is_external": false, "used_time": 1, "children": []}, {"tag": "Paragraph", "attributes": {"description": "", "idTemplate": "681", "name": "PC_PG16_Article2Titre_01"}, "is_external": false, "used_time": 1, "children": [{"tag": "CONTENT", "attributes": {"breakPage": "nonallowed_always", "currentZoom": "100", "orphansNumber": "0", "spellingLang": "FR", "widowsNumber": "0", "z_deltaY": "1417", "z_leftIndent": "0", "z_localCtxUnit": "100p", "z_rightIndent": "0", "z_type": "CtxDyn"}, "is_external": false, "used_time": 1, "children": [{"tag": "LocalVars", "attributes": {}, "is_external": false, "used_time": 1, "children": []}, {"tag": "STYLE-AUTOMATIC", "attributes": {}, "is_external": false, "used_time": 1, "children": []}, {"tag": "TEXT", "attributes": {}, "is_external": false, "used_time": 1, "children": [{"tag": "repository_TextStyle", "attributes": {"resdescid": "4542"}, "is_external": true, "used_time": 53, "resdescid": "4542", "children": [{"tag": "TextStyle", "attributes": {}, "is_external": false, "used_time": 1, "children": [{"tag": "CONTENT", "attributes": {"category": "character"}, "is_external": false, "used_time": 1, "children": [{"tag": "PROPERTIES_FONT", "attributes": {}, "is_external": false, "used_time": 1, "children": []}]}, {"tag": "repository_CustomFunc", "attributes": {"resdescid": "2436293"}, "is_external": true, "used_time": 42, "resdescid": "2436293", "children": []}]}, {"tag": "TextStyle", "attributes": {}, "is_external": false, "used_time": 1, "children": [{"tag": "CONTENT", "attributes": {"category": "character"}, "is_external": false, "used_time": 1, "children": [{"tag": "PROPERTIES_FONT", "attributes": {}, "is_external": false, "used_time": 1, "children": []}]}]}]}]}]}]}, {"tag": "Paragraph", "attributes": {"description": "", "idTemplate": "735", "name": "PC_PG16_Corps_01"}, "is_external": false, "used_time": 1, "children": [{"tag": "CONTENT", "attributes": {"breakPage": "nonallowed_always", "currentZoom": "100", "orphansNumber": "0", "spellingLang": "FR", "widowsNumber": "0", "z_deltaY": "1417", "z_leftIndent": "0", "z_localCtxUnit": "100p", "z_rightIndent": "0", "z_type": "CtxDyn"}, "is_external": false, "used_time": 1, "children": [{"tag": "LocalVars", "attributes": {}, "is_external": false, "used_time": 1, "children": []}, {"tag": "STYLE-AUTOMATIC", "attributes": {}, "is_external": false, "used_time": 1, "children": []}, {"tag": "TEXT", "attributes": {}, "is_external": false, "used_time": 1, "children": [{"tag": "repository_TextStyle", "attributes": {"resdescid": "4346"}, "is_external": true, "used_time": 280, "resdescid": "4346", "children": [{"tag": "TextStyle", "attributes": {}, "is_external": false, "used_time": 1, "children": [{"tag": "CONTENT", "attributes": {"category": "character"}, "is_external": false, "used_time": 1, "children": [{"tag": "PROPERTIES_FONT", "attributes": {}, "is_external": false, "used_time": 1, "children": []}]}]}, {"tag": "TextStyle", "attributes": {}, "is_external": false, "used_time": 1, "children": [{"tag": "CONTENT", "attributes": {"category": "character"}, "is_external": false, "used_time": 1, "children": [{"tag": "PROPERTIES_FONT", "attributes": {}, "is_external": false, "used_time": 1, "children": []}]}, {"tag": "repository_CustomFunc", "attributes": {"resdescid": "2667873"}, "is_external": true, "used_time": 8, "resdescid": "2667873", "children": []}]}, {"tag": "TextStyle", "attributes": {}, "is_external": false, "used_time": 1, "children": [{"tag": "CONTENT", "attributes": {"category": "character"}, "is_external": false, "used_time": 1, "children": [{"tag": "PROPERTIES_FONT", "attributes": {}, "is_external": false, "used_time": 1, "children": []}]}]}]}]}]}]}, {"tag": "repository_TemplateSubSet", "attributes": {"idTemplate": "736", "resdescid": "5414071"}, "is_external": true, "used_time": 4, "resdescid": "5414071", "children": [{"tag": "CONTENT", "attributes": {}, "is_external": false, "used_time": 1, "children": []}]}]}, {"tag": "LocalContext", "attributes": {"description": "", "expanded": "true", "idTemplate": "694", "name": "Zone_PG16_Article3"}, "is_external": false, "used_time": 1, "children": [{"tag": "CONTENT", "attributes": {"VBalancing": "NONE", "attachment": "false", "behavious": "noseperated", "deltaY": "0", "heightAfter": "0", "leftIndent": "0", "localCtxUnit": "100p", "publish": "false", "resetPos": "false", "rightIndent": "0", "standardUser": "false", "type": "CtxDyn"}, "is_external": false, "used_time": 1, "children": []}, {"tag": "Paragraph", "attributes": {"description": "", "idTemplate": "695", "name": "PC_PG16_Article3Titre_01"}, "is_external": false, "used_time": 1, "children": [{"tag": "CONTENT", "attributes": {"breakPage": "nonallowed_always", "currentZoom": "100", "orphansNumber": "0", "spellingLang": "FR", "widowsNumber": "0", "z_deltaY": "1417", "z_leftIndent": "0", "z_localCtxUnit": "100p", "z_rightIndent": "0", "z_type": "CtxDyn"}, "is_external": false, "used_time": 1, "children": [{"tag": "LocalVars", "attributes": {}, "is_external": false, "used_time": 1, "children": []}, {"tag": "STYLE-AUTOMATIC", "attributes": {}, "is_external": false, "used_time": 1, "children": []}, {"tag": "TEXT", "attributes": {}, "is_external": false, "used_time": 1, "children": [{"tag": "repository_TextStyle", "attributes": {"resdescid": "4542"}, "is_external": true, "used_time": 53, "resdescid": "4542", "children": [{"tag": "TextStyle", "attributes": {}, "is_external": false, "used_time": 1, "children": [{"tag": "CONTENT", "attributes": {"category": "character"}, "is_external": false, "used_time": 1, "children": [{"tag": "PROPERTIES_FONT", "attributes": {}, "is_external": false, "used_time": 1, "children": []}]}, {"tag": "repository_CustomFunc", "attributes": {"resdescid": "2436293"}, "is_external": true, "used_time": 42, "resdescid": "2436293", "children": []}]}]}]}]}]}, {"tag": "Paragraph", "attributes": {"description": "", "idTemplate": "698", "name": "PC_PG16_Forfaitaire_01"}, "is_external": false, "used_time": 1, "children": [{"tag": "CONTENT", "attributes": {"breakPage": "nonallowed_always", "currentZoom": "100", "orphansNumber": "0", "spellingLang": "FR", "widowsNumber": "0", "z_deltaY": "1417", "z_leftIndent": "0", "z_localCtxUnit": "100p", "z_rightIndent": "0", "z_type": "CtxDyn"}, "is_external": false, "used_time": 1, "children": [{"tag": "LocalVars", "attributes": {}, "is_external": false, "used_time": 1, "children": []}, {"tag": "STYLE-AUTOMATIC", "attributes": {}, "is_external": false, "used_time": 1, "children": []}, {"tag": "TEXT", "attributes": {}, "is_external": false, "used_time": 1, "children": [{"tag": "repository_TextStyle", "attributes": {"resdescid": "4346"}, "is_external": true, "used_time": 280, "resdescid": "4346", "children": [{"tag": "TextStyle", "attributes": {}, "is_external": false, "used_time": 1, "children": [{"tag": "CONTENT", "attributes": {"category": "character"}, "is_external": false, "used_time": 1, "children": [{"tag": "PROPERTIES_FONT", "attributes": {}, "is_external": false, "used_time": 1, "children": []}]}]}]}]}]}]}, {"tag": "CustomObject", "attributes": {"description": "", "idTemplate": "740", "name": "V_G16_listActivite"}, "is_external": false, "used_time": 1, "children": [{"tag": "CONTENT", "attributes": {"CusVar_CustomComponentName": "SetVariable", "CusVar_CustomLibrary": "advanced", "TPVarMode": "set"}, "is_external": false, "used_time": 1, "children": [{"tag": "repository_CustomLibrary", "attributes": {"resdescid": "97"}, "is_external": true, "used_time": 603, "resdescid": "97", "children": [{"tag": "CustomObject", "attributes": {"name": "SetVariable"}, "is_external": false, "used_time": 1, "children": []}]}, {"tag": "XML_VALUE", "attributes": {"name": "TPVarValue", "type": "expression"}, "is_external": false, "used_time": 1, "children": []}, {"tag": "XML_VALUE", "attributes": {"name": "TPVarName", "type": "expression"}, "is_external": false, "used_time": 1, "children": []}]}]}, {"tag": "CustomObject", "attributes": {"description": "", "idTemplate": "742", "name": "V_PG16_ActiviteObjUnefois"}, "is_external": false, "used_time": 1, "children": [{"tag": "CONTENT", "attributes": {"CusVar_CustomComponentName": "SetVariable", "CusVar_CustomLibrary": "advanced", "TPVarMode": "set"}, "is_external": false, "used_time": 1, "children": [{"tag": "repository_CustomLibrary", "attributes": {"resdescid": "97"}, "is_external": true, "used_time": 603, "resdescid": "97", "children": [{"tag": "CustomObject", "attributes": {"name": "SetVariable"}, "is_external": false, "used_time": 1, "children": []}]}, {"tag": "XML_VALUE", "attributes": {"name": "TPVarValue", "type": "expression"}, "is_external": false, "used_time": 1, "children": []}, {"tag": "XML_VALUE", "attributes": {"name": "TPVarName", "type": "expression"}, "is_external": false, "used_time": 1, "children": []}]}]}, {"tag": "Table", "attributes": {"description": "", "idTemplate": "903", "name": "TB_PG16_ActiviteAssietteTauxMAQ_Entete_01"}, "is_external": false, "used_time": 1, "children": [{"tag": "CONTENT", "attributes": {"currentZoom": "100", "maxCellUID": "60", "maxRowUID": "18", "maxVariableUID": "0", "nbCol": "3", "nbRow": "2", "z_deltaY": "1417", "z_leftIndent": "0", "z_localCtxUnit": "100p", "z_rightIndent": "0", "z_type": "CtxDyn"}, "is_external": false, "used_time": 1, "children": [{"tag": "Group", "attributes": {}, "is_external": false, "used_time": 1, "children": [{"tag": "CONTENT", "attributes": {"UID": "1", "WOActive": "true", "WOEnabled": "true", "WOOline": "1", "WOWline": "1", "attachmentNext": "false", "attachmentPrevious": "false", "breakable62": "true", "rowGroupBreakable": "true", "type": "Group"}, "is_external": false, "used_time": 1, "children": [{"tag": "Cell", "attributes": {}, "is_external": false, "used_time": 1, "children": [{"tag": "CONTENT", "attributes": {"UID": "1", "insetBottom": "300", "insetLeft": "300", "insetRight": "300", "insetTop": "300", "spanColumn": "1", "spanRow": "1"}, "is_external": false, "used_time": 1, "children": [{"tag": "Paragraph", "attributes": {}, "is_external": false, "used_time": 1, "children": [{"tag": "CONTENT", "attributes": {"breakPage": "nonallowed_always"}, "is_external": false, "used_time": 1, "children": [{"tag": "LocalVars", "attributes": {}, "is_external": false, "used_time": 1, "children": []}, {"tag": "STYLE-AUTOMATIC", "attributes": {}, "is_external": false, "used_time": 1, "children": []}, {"tag": "TEXT", "attributes": {}, "is_external": false, "used_time": 1, "children": [{"tag": "TextStyle", "attributes": {}, "is_external": false, "used_time": 1, "children": []}]}]}]}]}]}, {"tag": "Cell", "attributes": {}, "is_external": false, "used_time": 1, "children": [{"tag": "CONTENT", "attributes": {"UID": "24", "insetBottom": "300", "insetLeft": "300", "insetRight": "300", "insetTop": "300", "spanColumn": "1", "spanRow": "1"}, "is_external": false, "used_time": 1, "children": [{"tag": "Paragraph", "attributes": {}, "is_external": false, "used_time": 1, "children": [{"tag": "CONTENT", "attributes": {"breakPage": "nonallowed_always"}, "is_external": false, "used_time": 1, "children": [{"tag": "LocalVars", "attributes": {}, "is_external": false, "used_time": 1, "children": []}, {"tag": "STYLE-AUTOMATIC", "attributes": {}, "is_external": false, "used_time": 1, "children": []}, {"tag": "TEXT", "attributes": {}, "is_external": false, "used_time": 1, "children": [{"tag": "TextStyle", "attributes": {}, "is_external": false, "used_time": 1, "children": [{"tag": "CONTENT", "attributes": {"parent": "true"}, "is_external": false, "used_time": 1, "children": [{"tag": "TextStyle", "attributes": {}, "is_external": false, "used_time": 1, "children": [{"tag": "CONTENT", "attributes": {"category": "paragraph"}, "is_external": false, "used_time": 1, "children": [{"tag": "PROPERTIES_PARAGRAPH", "attributes": {"alignment": "Left", "indentFirstLine": "0", "indentLeft": "0", "indentRight": "0", "lineSpacing": "0", "wrapping": "true"}, "is_external": false, "used_time": 1, "children": []}]}]}]}]}]}]}]}]}]}, {"tag": "Cell", "attributes": {}, "is_external": false, "used_time": 1, "children": [{"tag": "CONTENT", "attributes": {"UID": "19", "insetBottom": "300", "insetLeft": "300", "insetRight": "300", "insetTop": "300", "spanColumn": "1", "spanRow": "1"}, "is_external": false, "used_time": 1, "children": [{"tag": "Paragraph", "attributes": {}, "is_external": false, "used_time": 1, "children": [{"tag": "CONTENT", "attributes": {"breakPage": "nonallowed_always"}, "is_external": false, "used_time": 1, "children": [{"tag": "LocalVars", "attributes": {}, "is_external": false, "used_time": 1, "children": []}, {"tag": "STYLE-AUTOMATIC", "attributes": {}, "is_external": false, "used_time": 1, "children": []}, {"tag": "TEXT", "attributes": {}, "is_external": false, "used_time": 1, "children": [{"tag": "TextStyle", "attributes": {}, "is_external": false, "used_time": 1, "children": [{"tag": "CONTENT", "attributes": {"parent": "true"}, "is_external": false, "used_time": 1, "children": [{"tag": "TextStyle", "attributes": {}, "is_external": false, "used_time": 1, "children": [{"tag": "CONTENT", "attributes": {"category": "paragraph"}, "is_external": false, "used_time": 1, "children": [{"tag": "PROPERTIES_PARAGRAPH", "attributes": {"alignment": "Left", "indentFirstLine": "0", "indentLeft": "0", "indentRight": "0", "lineSpacing": "0", "wrapping": "true"}, "is_external": false, "used_time": 1, "children": []}]}]}]}]}]}]}]}]}]}]}, {"tag": "Row", "attributes": {}, "is_external": false, "used_time": 1, "children": [{"tag": "CONTENT", "attributes": {"UID": "10", "attachmentNext": "false", "heightDyn": "true", "type": "Body"}, "is_external": false, "used_time": 1, "children": [{"tag": "Cell", "attributes": {}, "is_external": false, "used_time": 1, "children": [{"tag": "CONTENT", "attributes": {"UID": "29", "insetBottom": "300", "insetLeft": "300", "insetRight": "300", "insetTop": "300", "spanColumn": "2", "spanRow": "1"}, "is_external": false, "used_time": 1, "children": [{"tag": "TextStyle", "attributes": {}, "is_external": false, "used_time": 1, "children": [{"tag": "CONTENT", "attributes": {"category": "cell"}, "is_external": false, "used_time": 1, "children": [{"tag": "PROPERTIES_CELL_BORDER", "attributes": {"backColor": "38 38 38 0", "east": "true", "eastColor": "0 0 0 255", "eastThickness": "25", "north": "true", "northColor": "0 0 0 255", "northThickness": "25", "south": "true", "southColor": "0 0 0 255", "southThickness": "25", "west": "true", "westColor": "0 0 0 255", "westThickness": "25"}, "is_external": false, "used_time": 1, "children": []}, {"tag": "PROPERTIES_CELL_ALIGNMENT", "attributes": {}, "is_external": false, "used_time": 1, "children": []}]}]}, {"tag": "Paragraph", "attributes": {}, "is_external": false, "used_time": 1, "children": [{"tag": "CONTENT", "attributes": {"breakPage": "nonallowed_always"}, "is_external": false, "used_time": 1, "children": [{"tag": "LocalVars", "attributes": {}, "is_external": false, "used_time": 1, "children": []}, {"tag": "STYLE-AUTOMATIC", "attributes": {}, "is_external": false, "used_time": 1, "children": []}, {"tag": "TEXT", "attributes": {}, "is_external": false, "used_time": 1, "children": [{"tag": "repository_TextStyle", "attributes": {"resdescid": "5127"}, "is_external": true, "used_time": 58, "resdescid": "5127", "children": []}]}]}]}]}]}, {"tag": "Cell", "attributes": {}, "is_external": false, "used_time": 1, "children": [{"tag": "CONTENT", "attributes": {"UID": "30", "insetBottom": "300", "insetLeft": "300", "insetRight": "300", "insetTop": "300", "spanColumn": "-1", "spanRow": "0"}, "is_external": false, "used_time": 1, "children": [{"tag": "Paragraph", "attributes": {}, "is_external": false, "used_time": 1, "children": [{"tag": "CONTENT", "attributes": {"breakPage": "nonallowed_always"}, "is_external": false, "used_time": 1, "children": [{"tag": "LocalVars", "attributes": {}, "is_external": false, "used_time": 1, "children": []}, {"tag": "STYLE-AUTOMATIC", "attributes": {}, "is_external": false, "used_time": 1, "children": []}, {"tag": "TEXT", "attributes": {}, "is_external": false, "used_time": 1, "children": [{"tag": "TextStyle", "attributes": {}, "is_external": false, "used_time": 1, "children": [{"tag": "CONTENT", "attributes": {"parent": "true"}, "is_external": false, "used_time": 1, "children": [{"tag": "TextStyle", "attributes": {}, "is_external": false, "used_time": 1, "children": [{"tag": "CONTENT", "attributes": {"category": "paragraph"}, "is_external": false, "used_time": 1, "children": [{"tag": "PROPERTIES_PARAGRAPH", "attributes": {"alignment": "Left", "indentFirstLine": "0", "indentLeft": "0", "indentRight": "0", "lineSpacing": "0", "wrapping": "true"}, "is_external": false, "used_time": 1, "children": []}]}]}]}]}]}]}]}]}]}, {"tag": "Cell", "attributes": {}, "is_external": false, "used_time": 1, "children": [{"tag": "CONTENT", "attributes": {"UID": "32", "insetBottom": "300", "insetLeft": "300", "insetRight": "300", "insetTop": "300", "spanColumn": "1", "spanRow": "1"}, "is_external": false, "used_time": 1, "children": [{"tag": "TextStyle", "attributes": {}, "is_external": false, "used_time": 1, "children": [{"tag": "CONTENT", "attributes": {"category": "cell"}, "is_external": false, "used_time": 1, "children": [{"tag": "PROPERTIES_CELL_BORDER", "attributes": {"backColor": "38 38 38 0", "east": "true", "eastColor": "0 0 0 255", "eastThickness": "25", "north": "true", "northColor": "0 0 0 255", "northThickness": "25", "south": "true", "southColor": "0 0 0 255", "southThickness": "25", "west": "true", "westColor": "0 0 0 255", "westThickness": "25"}, "is_external": false, "used_time": 1, "children": []}, {"tag": "PROPERTIES_CELL_ALIGNMENT", "attributes": {}, "is_external": false, "used_time": 1, "children": []}]}]}, {"tag": "Paragraph", "attributes": {}, "is_external": false, "used_time": 1, "children": [{"tag": "CONTENT", "attributes": {"breakPage": "nonallowed_always"}, "is_external": false, "used_time": 1, "children": [{"tag": "LocalVars", "attributes": {}, "is_external": false, "used_time": 1, "children": []}, {"tag": "STYLE-AUTOMATIC", "attributes": {}, "is_external": false, "used_time": 1, "children": []}, {"tag": "TEXT", "attributes": {}, "is_external": false, "used_time": 1, "children": [{"tag": "repository_TextStyle", "attributes": {"resdescid": "5127"}, "is_external": true, "used_time": 58, "resdescid": "5127", "children": []}]}]}]}]}]}]}]}]}, {"tag": "Column", "attributes": {}, "is_external": false, "used_time": 1, "children": [{"tag": "CONTENT", "attributes": {"width": "8503"}, "is_external": false, "used_time": 1, "children": []}]}, {"tag": "Column", "attributes": {}, "is_external": false, "used_time": 1, "children": [{"tag": "CONTENT", "attributes": {"width": "34015"}, "is_external": false, "used_time": 1, "children": []}]}, {"tag": "Column", "attributes": {}, "is_external": false, "used_time": 1, "children": [{"tag": "CONTENT", "attributes": {"width": "8503"}, "is_external": false, "used_time": 1, "children": []}]}]}]}, {"tag": "MessageLoop", "attributes": {"description": "", "expanded": "true", "idTemplate": "900", "messageName": "itactivitesqualif", "name": "ForAll _ itactivitesqualif"}, "is_external": false, "used_time": 1, "children": [{"tag": "CONTENT", "attributes": {"messageName": ""}, "is_external": false, "used_time": 1, "children": [{"tag": "repository_DataManager", "attributes": {"name": "prod_g16_dl1", "resdescid": "4185"}, "is_external": true, "used_time": 141, "resdescid": "4185", "children": [{"tag": "repository_DataMessageIterative", "attributes": {"name": "itactivitesqualif", "resdescid": "4145"}, "is_external": true, "used_time": 0, "resdescid": "4145", "children": []}]}]}, {"tag": "MessageLoop", "attributes": {"description": "", "expanded": "true", "idTemplate": "901", "messageName": "itactivitesobjet", "name": "ForAll _ itactivitesobjet"}, "is_external": false, "used_time": 1, "children": [{"tag": "CONTENT", "attributes": {"messageName": ""}, "is_external": false, "used_time": 1, "children": [{"tag": "repository_DataManager", "attributes": {"name": "prod_g16_dl1", "resdescid": "4185"}, "is_external": true, "used_time": 141, "resdescid": "4185", "children": [{"tag": "repository_DataMessageIterative", "attributes": {"name": "itactivitesobjet", "resdescid": "4146"}, "is_external": true, "used_time": 0, "resdescid": "4146", "children": []}]}]}, {"tag": "Table", "attributes": {"description": "", "idTemplate": "904", "name": "TB_PG16_ActiviteAssietteTauxMAQ_Corps_01"}, "is_external": false, "used_time": 1, "children": [{"tag": "CONTENT", "attributes": {"currentZoom": "100", "maxCellUID": "6", "maxRowUID": "3", "maxVariableUID": "0", "nbCol": "2", "nbRow": "2"}, "is_external": false, "used_time": 1, "children": [{"tag": "Group", "attributes": {}, "is_external": false, "used_time": 1, "children": [{"tag": "CONTENT", "attributes": {"UID": "1", "WOActive": "true", "WOEnabled": "true", "WOOline": "1", "WOWline": "1", "attachmentNext": "false", "attachmentPrevious": "false", "breakable62": "true", "rowGroupBreakable": "true", "type": "Group"}, "is_external": false, "used_time": 1, "children": [{"tag": "Cell", "attributes": {}, "is_external": false, "used_time": 1, "children": [{"tag": "CONTENT", "attributes": {"UID": "1", "insetBottom": "300", "insetLeft": "300", "insetRight": "300", "insetTop": "300", "spanColumn": "1", "spanRow": "1"}, "is_external": false, "used_time": 1, "children": [{"tag": "Paragraph", "attributes": {}, "is_external": false, "used_time": 1, "children": [{"tag": "CONTENT", "attributes": {"breakPage": "nonallowed_always"}, "is_external": false, "used_time": 1, "children": [{"tag": "LocalVars", "attributes": {}, "is_external": false, "used_time": 1, "children": []}, {"tag": "STYLE-AUTOMATIC", "attributes": {}, "is_external": false, "used_time": 1, "children": []}, {"tag": "TEXT", "attributes": {}, "is_external": false, "used_time": 1, "children": [{"tag": "TextStyle", "attributes": {}, "is_external": false, "used_time": 1, "children": []}]}]}]}]}]}, {"tag": "Cell", "attributes": {}, "is_external": false, "used_time": 1, "children": [{"tag": "CONTENT", "attributes": {"UID": "2", "insetBottom": "300", "insetLeft": "300", "insetRight": "300", "insetTop": "300", "spanColumn": "1", "spanRow": "1"}, "is_external": false, "used_time": 1, "children": [{"tag": "Paragraph", "attributes": {}, "is_external": false, "used_time": 1, "children": [{"tag": "CONTENT", "attributes": {"breakPage": "nonallowed_always"}, "is_external": false, "used_time": 1, "children": [{"tag": "LocalVars", "attributes": {}, "is_external": false, "used_time": 1, "children": []}, {"tag": "STYLE-AUTOMATIC", "attributes": {}, "is_external": false, "used_time": 1, "children": []}, {"tag": "TEXT", "attributes": {}, "is_external": false, "used_time": 1, "children": [{"tag": "TextStyle", "attributes": {}, "is_external": false, "used_time": 1, "children": []}]}]}]}]}]}]}, {"tag": "Row", "attributes": {}, "is_external": false, "used_time": 1, "children": [{"tag": "CONTENT", "attributes": {"multi": "true"}, "is_external": false, "used_time": 1, "children": [{"tag": "repository_If", "attributes": {"resdescid": "5413919"}, "is_external": true, "used_time": 2, "resdescid": "5413919", "children": [{"tag": "If_VALUE", "attributes": {"condid": "0", "name": "CondIF", "usage": "use"}, "is_external": false, "used_time": 1, "children": [{"tag": "Row", "attributes": {}, "is_external": false, "used_time": 1, "children": [{"tag": "CONTENT", "attributes": {"UID": "2", "attachmentNext": "false", "heightDyn": "true", "type": "Body"}, "is_external": false, "used_time": 1, "children": [{"tag": "Cell", "attributes": {}, "is_external": false, "used_time": 1, "children": [{"tag": "CONTENT", "attributes": {"UID": "3", "insetBottom": "300", "insetLeft": "566", "insetRight": "300", "insetTop": "300", "spanColumn": "1", "spanRow": "1"}, "is_external": false, "used_time": 1, "children": [{"tag": "TextStyle", "attributes": {}, "is_external": false, "used_time": 1, "children": [{"tag": "CONTENT", "attributes": {"category": "cell"}, "is_external": false, "used_time": 1, "children": [{"tag": "PROPERTIES_CELL_BORDER", "attributes": {"east": "true", "eastColor": "0 0 0 255", "eastThickness": "25", "north": "true", "northColor": "0 0 0 255", "northThickness": "25", "south": "true", "southColor": "0 0 0 255", "southThickness": "25", "west": "true", "westColor": "0 0 0 255", "westThickness": "25"}, "is_external": false, "used_time": 1, "children": []}, {"tag": "PROPERTIES_CELL_ALIGNMENT", "attributes": {}, "is_external": false, "used_time": 1, "children": []}]}]}, {"tag": "Paragraph", "attributes": {}, "is_external": false, "used_time": 1, "children": [{"tag": "CONTENT", "attributes": {"breakPage": "nonallowed_always"}, "is_external": false, "used_time": 1, "children": [{"tag": "LocalVars", "attributes": {}, "is_external": false, "used_time": 1, "children": []}, {"tag": "STYLE-AUTOMATIC", "attributes": {}, "is_external": false, "used_time": 1, "children": []}, {"tag": "TEXT", "attributes": {}, "is_external": false, "used_time": 1, "children": [{"tag": "repository_TextStyle", "attributes": {"resdescid": "4246"}, "is_external": true, "used_time": 174, "resdescid": "4246", "children": [{"tag": "repository_Variable", "attributes": {"name": "itactivitesobjet_L_ActDescConcat", "resdescid": "2899"}, "is_external": true, "used_time": 2, "resdescid": "2899", "children": []}]}]}]}]}]}]}, {"tag": "Cell", "attributes": {}, "is_external": false, "used_time": 1, "children": [{"tag": "CONTENT", "attributes": {"UID": "4", "insetBottom": "300", "insetLeft": "300", "insetRight": "300", "insetTop": "300", "spanColumn": "1", "spanRow": "1"}, "is_external": false, "used_time": 1, "children": [{"tag": "TextStyle", "attributes": {}, "is_external": false, "used_time": 1, "children": [{"tag": "CONTENT", "attributes": {"category": "cell"}, "is_external": false, "used_time": 1, "children": [{"tag": "PROPERTIES_CELL_BORDER", "attributes": {"east": "true", "eastColor": "0 0 0 255", "eastThickness": "25", "north": "true", "northColor": "0 0 0 255", "northThickness": "25", "south": "true", "southColor": "0 0 0 255", "southThickness": "25", "west": "true", "westColor": "0 0 0 255", "westThickness": "25"}, "is_external": false, "used_time": 1, "children": []}, {"tag": "PROPERTIES_CELL_ALIGNMENT", "attributes": {"alignmentVert": "Center"}, "is_external": false, "used_time": 1, "children": []}]}]}, {"tag": "Paragraph", "attributes": {}, "is_external": false, "used_time": 1, "children": [{"tag": "CONTENT", "attributes": {"breakPage": "nonallowed_always"}, "is_external": false, "used_time": 1, "children": [{"tag": "LocalVars", "attributes": {}, "is_external": false, "used_time": 1, "children": []}, {"tag": "STYLE-AUTOMATIC", "attributes": {}, "is_external": false, "used_time": 1, "children": []}, {"tag": "TEXT", "attributes": {}, "is_external": false, "used_time": 1, "children": [{"tag": "repository_TextStyle", "attributes": {"resdescid": "6035"}, "is_external": true, "used_time": 60, "resdescid": "6035", "children": [{"tag": "TextStyle", "attributes": {}, "is_external": false, "used_time": 1, "children": [{"tag": "CONTENT", "attributes": {"category": "paragraph"}, "is_external": false, "used_time": 1, "children": [{"tag": "PROPERTIES_PARAGRAPH", "attributes": {"alignment": "Center"}, "is_external": false, "used_time": 1, "children": []}]}, {"tag": "CustomFunc", "attributes": {"description": "", "name": "VL_PG16_TauxHTCP"}, "is_external": false, "used_time": 1, "children": [{"tag": "CONTENT", "attributes": {"isWizard": "false"}, "is_external": false, "used_time": 1, "children": [{"tag": "XML_VALUE", "attributes": {"type": "function"}, "is_external": false, "used_time": 1, "children": [{"tag": "repository_CustomLibrary", "attributes": {"CusVar_CustomComponentName": "FormatCalcSMA", "CusVar_CustomLibrary": "smafonctions", "Type": "\"Number\"", "code": "\"USEXFR\"", "format": "\"Custom\"", "operator": "\"*\"", "resdescid": "675"}, "is_external": true, "used_time": 93, "resdescid": "675", "children": [{"tag": "XML_VALUE", "attributes": {"name": "value2", "type": "expression"}, "is_external": false, "used_time": 1, "children": []}, {"tag": "XML_VALUE", "attributes": {"name": "value1", "type": "expression"}, "is_external": false, "used_time": 1, "children": [{"tag": "repository_Variable", "attributes": {"name": "itactivitesqualif_TauxHtAct", "resdescid": "2888"}, "is_external": true, "used_time": 2, "resdescid": "2888", "children": []}]}, {"tag": "XML_VALUE", "attributes": {"name": "CustomFormat", "type": "expression"}, "is_external": false, "used_time": 1, "children": []}, {"tag": "CustomFunc", "attributes": {"name": "FormatCalcSMA"}, "is_external": false, "used_time": 1, "children": []}]}]}, {"tag": "WIZARD_VALUE", "attributes": {}, "is_external": false, "used_time": 1, "children": [{"tag": "Parameter", "attributes": {"category": "Edit", "currentPath": "", "description": "", "directoryChoice": "false", "guiEmbeddedVariableTarget": "false", "hideVarName": "false", "isEditable": "false", "name": "VL_PG16_TauxHTCP", "parameterValue": "", "position": "vertical", "subElementsDisplayMode": "Enabled_Disabled", "titleBorder": "true", "withAbsolutePath": "true", "withParameter": "false", "withScroll": "false"}, "is_external": false, "used_time": 1, "children": [{"tag": "Parameter_HelpInfo", "attributes": {}, "is_external": false, "used_time": 1, "children": []}]}]}]}]}]}]}]}]}]}]}]}]}]}]}]}]}]}]}, {"tag": "Column", "attributes": {}, "is_external": false, "used_time": 1, "children": [{"tag": "CONTENT", "attributes": {"width": "42518"}, "is_external": false, "used_time": 1, "children": []}]}, {"tag": "Column", "attributes": {}, "is_external": false, "used_time": 1, "children": [{"tag": "CONTENT", "attributes": {"width": "8503"}, "is_external": false, "used_time": 1, "children": []}]}]}]}]}]}]}, {"tag": "LocalContext", "attributes": {"description": "", "expanded": "true", "idTemplate": "704", "name": "Zone_PG16_Article4"}, "is_external": false, "used_time": 1, "children": [{"tag": "CONTENT", "attributes": {"VBalancing": "NONE", "attachment": "false", "behavious": "parent", "deltaY": "0", "heightAfter": "0", "leftIndent": "0", "localCtxUnit": "100p", "publish": "false", "resetPos": "false", "rightIndent": "0", "standardUser": "false", "type": "CtxDyn"}, "is_external": false, "used_time": 1, "children": []}, {"tag": "If", "attributes": {"description": "", "expanded": "true", "idTemplate": "834", "name": "CS_PG16_DispoDiverseNonVide_01"}, "is_external": false, "used_time": 1, "children": [{"tag": "CONTENT", "attributes": {"default": "false", "multilangue": "false", "type": "CondIF"}, "is_external": false, "used_time": 1, "children": [{"tag": "If_VALUE", "attributes": {"condid": "0", "description": "simple condition", "name": "CondIF"}, "is_external": false, "used_time": 1, "children": [{"tag": "CONDITION_OP", "attributes": {"lineid": "0", "name": "EXPR1", "select": "true", "type": "EQUAL"}, "is_external": false, "used_time": 1, "children": [{"tag": "XML_VALUE", "attributes": {"type": "expression"}, "is_external": false, "used_time": 1, "children": [{"tag": "repository_CustomFunc", "attributes": {"resdescid": "5413920"}, "is_external": true, "used_time": 1, "resdescid": "5413920", "children": []}]}, {"tag": "XML_VALUE", "attributes": {"type": "expression"}, "is_external": false, "used_time": 1, "children": []}]}]}]}, {"tag": "If_VALUE", "attributes": {"condid": "0", "description": "simple condition", "expanded": "true", "idTemplate": "835", "name": "CondIF", "usage": "use"}, "is_external": false, "used_time": 1, "children": [{"tag": "Paragraph", "attributes": {"description": "", "idTemplate": "785", "name": "PC_PG16_Article7_01"}, "is_external": false, "used_time": 1, "children": [{"tag": "CONTENT", "attributes": {"breakPage": "nonallowed_always", "currentZoom": "100", "orphansNumber": "0", "spellingLang": "FR", "widowsNumber": "0", "z_deltaY": "1417", "z_leftIndent": "0", "z_localCtxUnit": "100p", "z_rightIndent": "0", "z_type": "CtxDyn"}, "is_external": false, "used_time": 1, "children": [{"tag": "LocalVars", "attributes": {}, "is_external": false, "used_time": 1, "children": []}, {"tag": "STYLE-AUTOMATIC", "attributes": {}, "is_external": false, "used_time": 1, "children": []}, {"tag": "TEXT", "attributes": {}, "is_external": false, "used_time": 1, "children": [{"tag": "repository_TextStyle", "attributes": {"resdescid": "4542"}, "is_external": true, "used_time": 53, "resdescid": "4542", "children": [{"tag": "repository_CustomFunc", "attributes": {"resdescid": "2436293"}, "is_external": true, "used_time": 42, "resdescid": "2436293", "children": []}]}]}]}]}, {"tag": "repository_Paragraph", "attributes": {"idTemplate": "864", "resdescid": "5285763"}, "is_external": true, "used_time": 2, "resdescid": "5285763", "children": [{"tag": "CONTENT", "attributes": {"breakPageUse": "allowed", "orphansNumber": "3", "productionPolicyUse": "editable", "widowsNumber": "2", "z_deltaY": "1417", "z_leftIndent": "0", "z_localCtxUnit": "100p", "z_rightIndent": "0", "z_type": "CtxDyn"}, "is_external": false, "used_time": 1, "children": []}]}]}]}]}, {"tag": "LocalContext", "attributes": {"description": "", "expanded": "false", "idTemplate": "712", "name": "Zone_PG16_Article5"}, "is_external": false, "used_time": 1, "children": [{"tag": "CONTENT", "attributes": {"VBalancing": "NONE", "attachment": "false", "behavious": "parent", "deltaY": "0", "heightAfter": "0", "leftIndent": "0", "localCtxUnit": "100p", "publish": "false", "resetPos": "false", "rightIndent": "0", "standardUser": "false", "type": "CtxDyn"}, "is_external": false, "used_time": 1, "children": []}, {"tag": "Paragraph", "attributes": {"description": "", "idTemplate": "713", "name": "PC_PG16_Article5Titre_01"}, "is_external": false, "used_time": 1, "children": [{"tag": "CONTENT", "attributes": {"breakPage": "nonallowed_always", "currentZoom": "100", "orphansNumber": "0", "spellingLang": "FR", "widowsNumber": "0", "z_deltaY": "1417", "z_leftIndent": "0", "z_localCtxUnit": "100p", "z_rightIndent": "0", "z_type": "CtxDyn"}, "is_external": false, "used_time": 1, "children": [{"tag": "LocalVars", "attributes": {}, "is_external": false, "used_time": 1, "children": []}, {"tag": "STYLE-AUTOMATIC", "attributes": {}, "is_external": false, "used_time": 1, "children": []}, {"tag": "TEXT", "attributes": {}, "is_external": false, "used_time": 1, "children": [{"tag": "repository_TextStyle", "attributes": {"resdescid": "4542"}, "is_external": true, "used_time": 53, "resdescid": "4542", "children": [{"tag": "TextStyle", "attributes": {}, "is_external": false, "used_time": 1, "children": [{"tag": "CONTENT", "attributes": {"category": "character"}, "is_external": false, "used_time": 1, "children": [{"tag": "PROPERTIES_FONT", "attributes": {}, "is_external": false, "used_time": 1, "children": []}]}, {"tag": "repository_CustomFunc", "attributes": {"resdescid": "2436293"}, "is_external": true, "used_time": 42, "resdescid": "2436293", "children": []}]}]}]}]}]}, {"tag": "Paragraph", "attributes": {"description": "", "idTemplate": "714", "name": "PC_PG16_ArticlePriseEffet_01"}, "is_external": false, "used_time": 1, "children": [{"tag": "CONTENT", "attributes": {"breakPage": "nonallowed_always", "currentZoom": "100", "orphansNumber": "0", "spellingLang": "FR", "widowsNumber": "0", "z_deltaY": "1417", "z_leftIndent": "0", "z_localCtxUnit": "100p", "z_rightIndent": "0", "z_type": "CtxDyn"}, "is_external": false, "used_time": 1, "children": [{"tag": "LocalVars", "attributes": {}, "is_external": false, "used_time": 1, "children": []}, {"tag": "STYLE-AUTOMATIC", "attributes": {}, "is_external": false, "used_time": 1, "children": []}, {"tag": "TEXT", "attributes": {}, "is_external": false, "used_time": 1, "children": [{"tag": "repository_TextStyle", "attributes": {"resdescid": "4346"}, "is_external": true, "used_time": 280, "resdescid": "4346", "children": [{"tag": "TextStyle", "attributes": {}, "is_external": false, "used_time": 1, "children": [{"tag": "CONTENT", "attributes": {"category": "character"}, "is_external": false, "used_time": 1, "children": [{"tag": "PROPERTIES_FONT", "attributes": {}, "is_external": false, "used_time": 1, "children": []}]}]}, {"tag": "TextStyle", "attributes": {}, "is_external": false, "used_time": 1, "children": [{"tag": "CONTENT", "attributes": {"category": "character"}, "is_external": false, "used_time": 1, "children": [{"tag": "PROPERTIES_FONT", "attributes": {}, "is_external": false, "used_time": 1, "children": []}]}, {"tag": "repository_CustomFunc", "attributes": {"resdescid": "2667873"}, "is_external": true, "used_time": 8, "resdescid": "2667873", "children": []}]}, {"tag": "TextStyle", "attributes": {}, "is_external": false, "used_time": 1, "children": [{"tag": "CONTENT", "attributes": {"category": "character"}, "is_external": false, "used_time": 1, "children": [{"tag": "PROPERTIES_FONT", "attributes": {}, "is_external": false, "used_time": 1, "children": []}]}]}]}]}]}]}, {"tag": "LocalContext", "attributes": {"description": "", "expanded": "true", "idTemplate": "716", "name": "Zone_PG16_Fin"}, "is_external": false, "used_time": 1, "children": [{"tag": "CONTENT", "attributes": {"VBalancing": "NONE", "attachment": "false", "behavious": "parent", "deltaY": "0", "heightAfter": "0", "leftIndent": "0", "localCtxUnit": "100p", "publish": "false", "resetPos": "false", "rightIndent": "0", "standardUser": "false", "type": "CtxDyn"}, "is_external": false, "used_time": 1, "children": []}, {"tag": "Paragraph", "attributes": {"description": "", "idTemplate": "717", "name": "PC_PG16_TexteFin_01"}, "is_external": false, "used_time": 1, "children": [{"tag": "CONTENT", "attributes": {"breakPage": "nonallowed_always", "currentZoom": "100", "orphansNumber": "0", "spellingLang": "FR", "widowsNumber": "0", "z_deltaY": "1417", "z_leftIndent": "0", "z_localCtxUnit": "100p", "z_rightIndent": "0", "z_type": "CtxDyn"}, "is_external": false, "used_time": 1, "children": [{"tag": "LocalVars", "attributes": {}, "is_external": false, "used_time": 1, "children": []}, {"tag": "STYLE-AUTOMATIC", "attributes": {}, "is_external": false, "used_time": 1, "children": []}, {"tag": "TEXT", "attributes": {}, "is_external": false, "used_time": 1, "children": [{"tag": "repository_TextStyle", "attributes": {"resdescid": "4346"}, "is_external": true, "used_time": 280, "resdescid": "4346", "children": [{"tag": "TextStyle", "attributes": {}, "is_external": false, "used_time": 1, "children": [{"tag": "CONTENT", "attributes": {"category": "character"}, "is_external": false, "used_time": 1, "children": [{"tag": "PROPERTIES_FONT", "attributes": {}, "is_external": false, "used_time": 1, "children": []}]}]}]}]}]}]}, {"tag": "LocalContext", "attributes": {"description": "", "expanded": "true", "idTemplate": "797", "name": "nouveau Zone"}, "is_external": false, "used_time": 1, "children": [{"tag": "CONTENT", "attributes": {"VBalancing": "NONE", "attachment": "false", "behavious": "noseperated", "deltaY": "0", "heightAfter": "0", "leftIndent": "0", "localCtxUnit": "100p", "publish": "false", "resetPos": "false", "rightIndent": "0", "standardUser": "false", "type": "CtxDyn"}, "is_external": false, "used_time": 1, "children": []}, {"tag": "repository_TemplateSubSet", "attributes": {"idTemplate": "891", "resdescid": "1015071"}, "is_external": true, "used_time": 59, "resdescid": "1015071", "children": [{"tag": "CONTENT", "attributes": {"z_deltaY": "0", "z_leftIndent": "0", "z_localCtxUnit": "100p", "z_rightIndent": "0", "z_type": "CtxDyn"}, "is_external": false, "used_time": 1, "children": []}]}]}]}]}]}, {"tag": "TemplateClass_Anchor", "attributes": {"description": "", "idAnchor": "9", "idOwner": "1092488", "idTemplate": "7", "name": "Pied de page", "usage": "use"}, "is_external": false, "used_time": 1, "children": []}, {"tag": "TemplateClass_Anchor", "attributes": {"description": "", "idAnchor": "13", "idOwner": "1092488", "idTemplate": "8", "name": "Dernier Pied de Page", "usage": "use"}, "is_external": false, "used_time": 1, "children": []}, {"tag": "TemplateClass_Anchor", "attributes": {"description": "", "idAnchor": "14", "idOwner": "1092488", "idTemplate": "9", "name": "Verso Blanc", "usage": "use"}, "is_external": false, "used_time": 1, "children": []}]}, {"tag": "repository_Wizard", "attributes": {"idTemplate": "917", "resdescid": "5413921"}, "is_external": true, "used_time": 1, "resdescid": "5413921", "children": []}]}]}