{"tag": "repository_Template", "attributes": {"activated": "false", "description": "Demande information suite a mise en cause courtier", "domainid": "3132", "expanded": "true", "isPlugin": "false", "name": "EEDQA117_01", "resdescid": "279277", "subtypes": "", "version": "1.3"}, "children": [{"tag": "CONTENT", "attributes": {"debugMode": "0", "maxIdTemplate": "99", "messageFilter": "", "monoDataLoader": "true", "tagVersion": "E_P3_1_2_2_3q11"}, "children": [{"tag": "repository_TextStyle", "attributes": {"hidden": "true", "resdescid": "204142"}, "is_external": true, "used_time": 259, "resdescid": "204142", "children": []}, {"tag": "repository_DataManager", "attributes": {"name": "reglement_dl1", "resdescid": "13508"}, "is_external": true, "used_time": 248, "resdescid": "13508", "children": []}, {"tag": "inputData", "attributes": {"current": "xxEEDQ-xxxA117-FDAIMCN-S-190107101923.xml", "filter": ""}, "is_external": false, "used_time": 1, "children": []}, {"tag": "repository_TemplateClass", "attributes": {"expanded": "true", "idTemplate": "2", "resdescid": "277832"}, "is_external": true, "used_time": 212, "resdescid": "277832", "children": [{"tag": "CONTENT", "attributes": {}, "is_external": false, "used_time": 1, "children": []}, {"tag": "TemplateClass_Anchor", "attributes": {"description": "", "idAnchor": "6", "idOwner": "277832", "idTemplate": "3", "name": "Placement Premier ent\u00c3\u00aate", "usage": "use"}, "is_external": false, "used_time": 1, "children": []}, {"tag": "TemplateClass_Anchor", "attributes": {"description": "", "expanded": "true", "idAnchor": "10", "idOwner": "277832", "idTemplate": "4", "name": "ALIM_FLAG_MULTIDOC", "usage": "use"}, "is_external": false, "used_time": 1, "children": [{"tag": "TemplateComment", "attributes": {"description": "", "idTemplate": "95", "name": "A LIRE - Choix Civilite"}, "is_external": false, "used_time": 1, "children": [{"tag": "CONTENT", "attributes": {"breakPage": "nonallowed_always", "currentZoom": "100", "orphansNumber": "0", "spellingLang": "FR", "tagVersion": "E_P3_1_1_2_2q31", "widowsNumber": "0", "woLock": "true"}, "is_external": false, "used_time": 1, "children": [{"tag": "LocalVars", "attributes": {}, "is_external": false, "used_time": 1, "children": []}, {"tag": "STYLE-AUTOMATIC", "attributes": {}, "is_external": false, "used_time": 1, "children": []}, {"tag": "TEXT", "attributes": {}, "is_external": false, "used_time": 1, "children": [{"tag": "repository_TextStyle", "attributes": {"resdescid": "204142"}, "is_external": true, "used_time": 259, "resdescid": "204142", "children": []}, {"tag": "repository_TextStyle", "attributes": {"resdescid": "204142"}, "is_external": true, "used_time": 259, "resdescid": "204142", "children": []}, {"tag": "repository_TextStyle", "attributes": {"resdescid": "204142"}, "is_external": true, "used_time": 259, "resdescid": "204142", "children": []}, {"tag": "repository_TextStyle", "attributes": {"resdescid": "204142"}, "is_external": true, "used_time": 259, "resdescid": "204142", "children": []}, {"tag": "repository_TextStyle", "attributes": {"resdescid": "204142"}, "is_external": true, "used_time": 259, "resdescid": "204142", "children": []}, {"tag": "repository_TextStyle", "attributes": {"resdescid": "204142"}, "is_external": true, "used_time": 259, "resdescid": "204142", "children": []}]}]}]}, {"tag": "repository_CustomObject", "attributes": {"idTemplate": "63", "resdescid": "278183"}, "is_external": true, "used_time": 82, "resdescid": "278183", "children": []}, {"tag": "repository_CustomObject", "attributes": {"idTemplate": "64", "resdescid": "278182"}, "is_external": true, "used_time": 79, "resdescid": "278182", "children": []}, {"tag": "CustomObject", "attributes": {"description": "", "idTemplate": "21", "name": "init V_CodeSociete"}, "is_external": false, "used_time": 1, "children": [{"tag": "CONTENT", "attributes": {"CusVar_CustomComponentName": "SetVariable", "CusVar_CustomLibrary": "advanced", "TPVarMode": "set", "tagVersion": "E_P3_1_2_2_3q11"}, "is_external": false, "used_time": 1, "children": [{"tag": "repository_CustomLibrary", "attributes": {"resdescid": "97"}, "is_external": true, "used_time": 603, "resdescid": "97", "children": [{"tag": "CustomObject", "attributes": {"name": "SetVariable"}, "is_external": false, "used_time": 1, "children": []}]}, {"tag": "XML_VALUE", "attributes": {"name": "TPVarValue", "type": "expression"}, "is_external": false, "used_time": 1, "children": []}, {"tag": "XML_VALUE", "attributes": {"name": "TPVarName", "type": "expression"}, "is_external": false, "used_time": 1, "children": []}]}]}]}, {"tag": "TemplateClass_Anchor", "attributes": {"description": "", "idAnchor": "11", "idOwner": "277832", "idTemplate": "5", "name": "ALIM_VARIABLES_SURCHARGE", "usage": "use"}, "is_external": false, "used_time": 1, "children": []}, {"tag": "TemplateClass_Anchor", "attributes": {"description": "", "expanded": "true", "idAnchor": "13", "idOwner": "277832", "idTemplate": "6", "name": "REFERENCES", "usage": "use"}, "is_external": false, "used_time": 1, "children": [{"tag": "repository_TemplateSubSet", "attributes": {"idTemplate": "94", "resdescid": "2908351"}, "is_external": true, "used_time": 174, "resdescid": "2908351", "children": [{"tag": "CONTENT", "attributes": {"z_deltaY": "0", "z_leftIndent": "0", "z_localCtxUnit": "100p", "z_rightIndent": "0", "z_type": "CtxDyn"}, "is_external": false, "used_time": 1, "children": []}]}]}, {"tag": "TemplateClass_Anchor", "attributes": {"description": "", "expanded": "true", "idAnchor": "12", "idOwner": "277832", "idTemplate": "7", "name": "ADRESSE_POSTAL", "usage": "use"}, "is_external": false, "used_time": 1, "children": [{"tag": "repository_LocalContext", "attributes": {"expanded": "true", "idTemplate": "59", "resdescid": "234353"}, "is_external": true, "used_time": 99, "resdescid": "234353", "children": [{"tag": "repository_TemplateSubSet", "attributes": {"idTemplate": "32", "resdescid": "277712"}, "is_external": true, "used_time": 107, "resdescid": "277712", "children": [{"tag": "CONTENT", "attributes": {}, "is_external": false, "used_time": 1, "children": []}]}]}]}, {"tag": "TemplateClass_Anchor", "attributes": {"description": "", "idAnchor": "7", "idOwner": "277832", "idTemplate": "8", "name": "Placement Ent\u00c3\u00aate", "usage": "use"}, "is_external": false, "used_time": 1, "children": []}, {"tag": "TemplateClass_Anchor", "attributes": {"description": "", "idAnchor": "19", "idOwner": "277832", "idTemplate": "9", "name": "Placement Corps de page", "usage": "use"}, "is_external": false, "used_time": 1, "children": []}, {"tag": "TemplateClass_Anchor", "attributes": {"description": "", "idAnchor": "33", "idOwner": "277832", "idTemplate": "10", "name": "RECOMMANDE", "usage": "use"}, "is_external": false, "used_time": 1, "children": []}, {"tag": "TemplateClass_Anchor", "attributes": {"description": "", "idAnchor": "14", "idOwner": "277832", "idTemplate": "11", "name": "ATTENTION", "usage": "use"}, "is_external": false, "used_time": 1, "children": []}, {"tag": "TemplateClass_Anchor", "attributes": {"description": "", "expanded": "true", "idAnchor": "17", "idOwner": "277832", "idTemplate": "12", "name": "DATE", "usage": "use"}, "is_external": false, "used_time": 1, "children": [{"tag": "repository_LocalContext", "attributes": {"expanded": "true", "idTemplate": "60", "resdescid": "278246"}, "is_external": true, "used_time": 82, "resdescid": "278246", "children": [{"tag": "CONTENT", "attributes": {"VBalancing": "NONE", "absoluteX": "0", "attachment": "false", "behavious": "parent", "heightAfter": "0", "heightBefore": "5000", "localCtxUnit": "100p", "publish": "false", "resetPos": "false", "rightIndent": "0", "standardUser": "false", "tagVersion": "E_P3_1_1_2_2q31", "type": "CtxFixedP"}, "is_external": false, "used_time": 1, "children": []}, {"tag": "repository_Paragraph", "attributes": {"idTemplate": "112", "resdescid": "278178"}, "is_external": true, "used_time": 103, "resdescid": "278178", "children": [{"tag": "CONTENT", "attributes": {"productionPolicyUse": "editable", "z_deltaY": "0", "z_leftIndent": "0", "z_localCtxUnit": "100p", "z_rightIndent": "0", "z_type": "CtxDyn"}, "is_external": false, "used_time": 1, "children": [{"tag": "EditableInProduction", "attributes": {"editable": "false"}, "is_external": false, "used_time": 1, "children": []}]}]}]}]}, {"tag": "TemplateClass_Anchor", "attributes": {"description": "", "expanded": "true", "idAnchor": "18", "idOwner": "277832", "idTemplate": "13", "name": "OBJET", "usage": "use"}, "is_external": false, "used_time": 1, "children": [{"tag": "Paragraph", "attributes": {"description": "", "idTemplate": "29", "name": "P_Objet"}, "is_external": false, "used_time": 1, "children": [{"tag": "CONTENT", "attributes": {"ErrorTagOnlyBefore": "true", "breakPage": "nonallowed_always", "currentZoom": "100", "spellingLang": "FR", "tagVersion": "E_P3_1_1_4_2q53", "woLock": "true", "z_deltaY": "1417", "z_leftIndent": "0", "z_localCtxUnit": "100p", "z_rightIndent": "0", "z_type": "CtxDyn"}, "is_external": false, "used_time": 1, "children": [{"tag": "repository_DataManager", "attributes": {"name": "reglement_dl1", "resdescid": "13508"}, "is_external": true, "used_time": 248, "resdescid": "13508", "children": []}, {"tag": "LocalVars", "attributes": {}, "is_external": false, "used_time": 1, "children": []}, {"tag": "STYLE-AUTOMATIC", "attributes": {}, "is_external": false, "used_time": 1, "children": []}, {"tag": "TEXT", "attributes": {}, "is_external": false, "used_time": 1, "children": [{"tag": "repository_TextStyle", "attributes": {"resdescid": "278365"}, "is_external": true, "used_time": 24, "resdescid": "278365", "children": [{"tag": "TextStyle", "attributes": {}, "is_external": false, "used_time": 1, "children": [{"tag": "CONTENT", "attributes": {"category": "character"}, "is_external": false, "used_time": 1, "children": [{"tag": "PROPERTIES_FONT", "attributes": {"name": "Arial", "resdescid": "-1"}, "is_external": false, "used_time": 0, "resdescid": "-1", "children": []}]}]}, {"tag": "TextStyle", "attributes": {}, "is_external": false, "used_time": 1, "children": [{"tag": "CONTENT", "attributes": {"category": "character"}, "is_external": false, "used_time": 1, "children": [{"tag": "PROPERTIES_FONT", "attributes": {"name": "Arial", "resdescid": "-1"}, "is_external": false, "used_time": 0, "resdescid": "-1", "children": []}]}]}, {"tag": "TextStyle", "attributes": {}, "is_external": false, "used_time": 1, "children": [{"tag": "CONTENT", "attributes": {"category": "character"}, "is_external": false, "used_time": 1, "children": [{"tag": "PROPERTIES_FONT", "attributes": {"bold": "false", "name": "Arial", "resdescid": "-1"}, "is_external": false, "used_time": 0, "resdescid": "-1", "children": []}]}, {"tag": "repository_Variable", "attributes": {"name": "sinistre_lbNatureSinistre", "resdescid": "13326"}, "is_external": true, "used_time": 3, "resdescid": "13326", "children": []}]}, {"tag": "TextStyle", "attributes": {}, "is_external": false, "used_time": 1, "children": [{"tag": "CONTENT", "attributes": {"category": "character"}, "is_external": false, "used_time": 1, "children": [{"tag": "PROPERTIES_FONT", "attributes": {"bold": "false", "name": "Arial", "resdescid": "-1"}, "is_external": false, "used_time": 0, "resdescid": "-1", "children": []}]}]}, {"tag": "TextStyle", "attributes": {}, "is_external": false, "used_time": 1, "children": [{"tag": "CONTENT", "attributes": {"category": "character"}, "is_external": false, "used_time": 1, "children": [{"tag": "PROPERTIES_FONT", "attributes": {"bold": "false", "name": "Arial", "resdescid": "-1"}, "is_external": false, "used_time": 0, "resdescid": "-1", "children": []}]}, {"tag": "CustomFunc", "attributes": {"description": "", "name": "VL_sinistre_dtSurvenance"}, "is_external": false, "used_time": 1, "children": [{"tag": "CONTENT", "attributes": {"isDelayed": "false", "isEditableInProduction": "false", "isWizard": "false", "tagVersion": "E_P3_1_1_4_2q53"}, "is_external": false, "used_time": 1, "children": [{"tag": "XML_VALUE", "attributes": {"type": "function"}, "is_external": false, "used_time": 1, "children": [{"tag": "repository_CustomLibrary", "attributes": {"CodeDate": "EXFR", "CusVar_CustomComponentName": "FormatDate", "CusVar_CustomLibrary": "formatval", "ErreurCustom": "-", "FormatEntree": "AAAAMMJJ", "FormatErreur": "4", "FormatageDate": "1", "resdescid": "230641"}, "is_external": true, "used_time": 45, "resdescid": "230641", "children": [{"tag": "XML_VALUE", "attributes": {"name": "DateEntree", "type": "expression"}, "is_external": false, "used_time": 1, "children": [{"tag": "repository_Variable", "attributes": {"name": "sinistre_dtSurvenance", "resdescid": "13292"}, "is_external": true, "used_time": 7, "resdescid": "13292", "children": []}]}, {"tag": "CustomFunc", "attributes": {"name": "FormatDate"}, "is_external": false, "used_time": 1, "children": []}]}]}, {"tag": "WIZARD_VALUE", "attributes": {}, "is_external": false, "used_time": 1, "children": [{"tag": "Parameter", "attributes": {"category": "Edit", "currentPath": "", "description": "", "directoryChoice": "false", "guiEmbeddedVariableTarget": "false", "hideVarName": "false", "isEditable": "false", "linesNumber": "10", "parameterValue": "", "position": "vertical", "subElementsDisplayMode": "Enabled_Disabled", "titleBorder": "true", "withAbsolutePath": "true", "withParameter": "false", "withScroll": "false", "with_unit": "false"}, "is_external": false, "used_time": 1, "children": []}]}]}]}]}]}]}]}]}]}, {"tag": "TemplateClass_Anchor", "attributes": {"description": "", "expanded": "true", "idAnchor": "21", "idOwner": "277832", "idTemplate": "14", "name": "CORPS", "usage": "use"}, "is_external": false, "used_time": 1, "children": [{"tag": "repository_TemplateSubSet", "attributes": {"idTemplate": "65", "resdescid": "278235"}, "is_external": true, "used_time": 89, "resdescid": "278235", "children": [{"tag": "CONTENT", "attributes": {}, "is_external": false, "used_time": 1, "children": []}]}, {"tag": "MessageLoop", "attributes": {"description": "", "idTemplate": "33", "messageName": "itvehicules", "name": "Boucle sur message _ itvehicules"}, "is_external": false, "used_time": 1, "children": [{"tag": "CONTENT", "attributes": {"messageName": "", "tagVersion": "E_P3_1_1_2_2q31"}, "is_external": false, "used_time": 1, "children": [{"tag": "repository_DataManager", "attributes": {"name": "reglement_dl1", "resdescid": "13508"}, "is_external": true, "used_time": 248, "resdescid": "13508", "children": [{"tag": "repository_DataMessageIterative", "attributes": {"name": "itvehicules", "resdescid": "13489"}, "is_external": true, "used_time": 0, "resdescid": "13489", "children": []}]}]}]}, {"tag": "Paragraph", "attributes": {"description": "", "idTemplate": "34", "name": "PC_Recevoir_mise_en_cause_01"}, "is_external": false, "used_time": 1, "children": [{"tag": "CONTENT", "attributes": {"ErrorTagOnlyBefore": "true", "breakPage": "nonallowed_always", "currentZoom": "100", "spellingLang": "FR", "tagVersion": "E_P3_1_1_4_2q53", "woLock": "true", "z_deltaY": "1417", "z_leftIndent": "0", "z_localCtxUnit": "100p", "z_rightIndent": "0", "z_type": "CtxDyn"}, "is_external": false, "used_time": 1, "children": [{"tag": "repository_DataManager", "attributes": {"name": "reglement_dl1", "resdescid": "13508"}, "is_external": true, "used_time": 248, "resdescid": "13508", "children": []}, {"tag": "LocalVars", "attributes": {}, "is_external": false, "used_time": 1, "children": []}, {"tag": "STYLE-AUTOMATIC", "attributes": {}, "is_external": false, "used_time": 1, "children": []}, {"tag": "TEXT", "attributes": {}, "is_external": false, "used_time": 1, "children": [{"tag": "repository_TextStyle", "attributes": {"resdescid": "204142"}, "is_external": true, "used_time": 259, "resdescid": "204142", "children": [{"tag": "TextStyle", "attributes": {}, "is_external": false, "used_time": 1, "children": [{"tag": "CONTENT", "attributes": {"category": "paragraph"}, "is_external": false, "used_time": 1, "children": [{"tag": "PROPERTIES_PARAGRAPH", "attributes": {"alignment": "Justified"}, "is_external": false, "used_time": 1, "children": []}]}, {"tag": "TextStyle", "attributes": {}, "is_external": false, "used_time": 1, "children": [{"tag": "CONTENT", "attributes": {"category": "character"}, "is_external": false, "used_time": 1, "children": [{"tag": "PROPERTIES_FONT", "attributes": {"name": "Arial", "resdescid": "-1", "size": "10.0"}, "is_external": false, "used_time": 0, "resdescid": "-1", "children": []}]}]}, {"tag": "TextStyle", "attributes": {}, "is_external": false, "used_time": 1, "children": [{"tag": "CONTENT", "attributes": {"category": "character"}, "is_external": false, "used_time": 1, "children": [{"tag": "PROPERTIES_FONT", "attributes": {"name": "Arial", "resdescid": "-1", "size": "10.0"}, "is_external": false, "used_time": 0, "resdescid": "-1", "children": []}]}, {"tag": "CustomFunc", "attributes": {"description": "", "name": "VL_sinistre_dtSurvenance"}, "is_external": false, "used_time": 1, "children": [{"tag": "CONTENT", "attributes": {"isDelayed": "false", "isEditableInProduction": "false", "isWizard": "false", "tagVersion": "E_P3_1_1_4_2q53"}, "is_external": false, "used_time": 1, "children": [{"tag": "XML_VALUE", "attributes": {"type": "function"}, "is_external": false, "used_time": 1, "children": [{"tag": "repository_CustomLibrary", "attributes": {"CodeDate": "EXFR", "CusVar_CustomComponentName": "FormatDate", "CusVar_CustomLibrary": "formatval", "ErreurCustom": "-", "FormatEntree": "AAAAMMJJ", "FormatErreur": "4", "FormatageDate": "3", "resdescid": "230641"}, "is_external": true, "used_time": 45, "resdescid": "230641", "children": [{"tag": "XML_VALUE", "attributes": {"name": "DateEntree", "type": "expression"}, "is_external": false, "used_time": 1, "children": [{"tag": "repository_Variable", "attributes": {"name": "sinistre_dtSurvenance", "resdescid": "13292"}, "is_external": true, "used_time": 7, "resdescid": "13292", "children": []}]}, {"tag": "CustomFunc", "attributes": {"name": "FormatDate"}, "is_external": false, "used_time": 1, "children": []}]}]}, {"tag": "WIZARD_VALUE", "attributes": {}, "is_external": false, "used_time": 1, "children": [{"tag": "Parameter", "attributes": {"category": "Edit", "currentPath": "", "description": "", "directoryChoice": "false", "guiEmbeddedVariableTarget": "false", "hideVarName": "false", "isEditable": "false", "linesNumber": "10", "parameterValue": "", "position": "vertical", "subElementsDisplayMode": "Enabled_Disabled", "titleBorder": "true", "withAbsolutePath": "true", "withParameter": "false", "withScroll": "false", "with_unit": "false"}, "is_external": false, "used_time": 1, "children": []}]}]}]}]}, {"tag": "TextStyle", "attributes": {}, "is_external": false, "used_time": 1, "children": [{"tag": "CONTENT", "attributes": {"category": "character"}, "is_external": false, "used_time": 1, "children": [{"tag": "PROPERTIES_FONT", "attributes": {"name": "Arial", "resdescid": "-1", "size": "10.0"}, "is_external": false, "used_time": 0, "resdescid": "-1", "children": []}]}]}, {"tag": "TextStyle", "attributes": {}, "is_external": false, "used_time": 1, "children": [{"tag": "CONTENT", "attributes": {"category": "character"}, "is_external": false, "used_time": 1, "children": [{"tag": "PROPERTIES_FONT", "attributes": {"name": "Arial", "resdescid": "-1", "size": "10.0"}, "is_external": false, "used_time": 0, "resdescid": "-1", "children": []}]}, {"tag": "repository_Variable", "attributes": {"name": "itvehicules_Immatriculation", "resdescid": "13251"}, "is_external": true, "used_time": 28, "resdescid": "13251", "children": []}]}, {"tag": "TextStyle", "attributes": {}, "is_external": false, "used_time": 1, "children": [{"tag": "CONTENT", "attributes": {"category": "character"}, "is_external": false, "used_time": 1, "children": [{"tag": "PROPERTIES_FONT", "attributes": {"name": "Arial", "resdescid": "-1", "size": "10.0"}, "is_external": false, "used_time": 0, "resdescid": "-1", "children": []}]}]}]}]}, {"tag": "repository_TextStyle", "attributes": {"resdescid": "204142"}, "is_external": true, "used_time": 259, "resdescid": "204142", "children": [{"tag": "TextStyle", "attributes": {}, "is_external": false, "used_time": 1, "children": [{"tag": "CONTENT", "attributes": {"category": "paragraph"}, "is_external": false, "used_time": 1, "children": [{"tag": "PROPERTIES_PARAGRAPH", "attributes": {"alignment": "Justified"}, "is_external": false, "used_time": 1, "children": []}]}, {"tag": "TextStyle", "attributes": {}, "is_external": false, "used_time": 1, "children": [{"tag": "CONTENT", "attributes": {"category": "character"}, "is_external": false, "used_time": 1, "children": [{"tag": "PROPERTIES_FONT", "attributes": {"name": "Arial", "resdescid": "-1", "size": "10.0"}, "is_external": false, "used_time": 0, "resdescid": "-1", "children": []}]}]}]}]}, {"tag": "repository_TextStyle", "attributes": {"resdescid": "204142"}, "is_external": true, "used_time": 259, "resdescid": "204142", "children": [{"tag": "TextStyle", "attributes": {}, "is_external": false, "used_time": 1, "children": [{"tag": "CONTENT", "attributes": {"category": "paragraph"}, "is_external": false, "used_time": 1, "children": [{"tag": "PROPERTIES_PARAGRAPH", "attributes": {"alignment": "Justified"}, "is_external": false, "used_time": 1, "children": []}]}, {"tag": "TextStyle", "attributes": {}, "is_external": false, "used_time": 1, "children": [{"tag": "CONTENT", "attributes": {"category": "character"}, "is_external": false, "used_time": 1, "children": [{"tag": "PROPERTIES_FONT", "attributes": {"name": "Arial", "resdescid": "-1", "size": "10.0"}, "is_external": false, "used_time": 0, "resdescid": "-1", "children": []}]}]}]}]}]}]}]}, {"tag": "Paragraph", "attributes": {"description": "", "idTemplate": "35", "name": "PC_Adresser_Constat_Etabli_01"}, "is_external": false, "used_time": 1, "children": [{"tag": "CONTENT", "attributes": {"ErrorTagOnlyBefore": "true", "breakPage": "nonallowed_always", "currentZoom": "100", "orphansNumber": "0", "spellingLang": "FR", "tagVersion": "E_P3_1_1_2_2q31", "widowsNumber": "0", "woLock": "true", "z_deltaY": "1417", "z_leftIndent": "0", "z_localCtxUnit": "100p", "z_rightIndent": "0", "z_type": "CtxDyn"}, "is_external": false, "used_time": 1, "children": [{"tag": "LocalVars", "attributes": {}, "is_external": false, "used_time": 1, "children": []}, {"tag": "STYLE-AUTOMATIC", "attributes": {}, "is_external": false, "used_time": 1, "children": []}, {"tag": "TEXT", "attributes": {}, "is_external": false, "used_time": 1, "children": [{"tag": "repository_TextStyle", "attributes": {"resdescid": "204142"}, "is_external": true, "used_time": 259, "resdescid": "204142", "children": [{"tag": "TextStyle", "attributes": {}, "is_external": false, "used_time": 1, "children": [{"tag": "CONTENT", "attributes": {"category": "character"}, "is_external": false, "used_time": 1, "children": [{"tag": "PROPERTIES_FONT", "attributes": {"name": "Arial", "size": "10.0"}, "is_external": false, "used_time": 1, "children": []}]}]}]}, {"tag": "repository_TextStyle", "attributes": {"resdescid": "204142"}, "is_external": true, "used_time": 259, "resdescid": "204142", "children": [{"tag": "TextStyle", "attributes": {}, "is_external": false, "used_time": 1, "children": [{"tag": "CONTENT", "attributes": {"category": "character"}, "is_external": false, "used_time": 1, "children": [{"tag": "PROPERTIES_FONT", "attributes": {"name": "Arial", "size": "10.0"}, "is_external": false, "used_time": 1, "children": []}]}]}]}, {"tag": "repository_TextStyle", "attributes": {"resdescid": "204142"}, "is_external": true, "used_time": 259, "resdescid": "204142", "children": [{"tag": "TextStyle", "attributes": {}, "is_external": false, "used_time": 1, "children": [{"tag": "CONTENT", "attributes": {"category": "character"}, "is_external": false, "used_time": 1, "children": [{"tag": "PROPERTIES_FONT", "attributes": {"name": "Arial", "size": "10.0"}, "is_external": false, "used_time": 1, "children": []}]}]}]}]}]}]}]}, {"tag": "TemplateClass_Anchor", "attributes": {"description": "", "expanded": "true", "idAnchor": "20", "idOwner": "277832", "idTemplate": "15", "name": "FORMULE_POLITESSE", "usage": "use"}, "is_external": false, "used_time": 1, "children": [{"tag": "LocalContext", "attributes": {"description": "", "expanded": "true", "idTemplate": "61", "name": "Nouvelle zone de document"}, "is_external": false, "used_time": 1, "children": [{"tag": "CONTENT", "attributes": {"VBalancing": "NONE", "attachment": "false", "behavious": "noseperated", "deltaY": "1417", "heightAfter": "0", "leftIndent": "0", "localCtxUnit": "100p", "publish": "false", "resetPos": "false", "rightIndent": "0", "standardUser": "false", "tagVersion": "E_P3_1_1_2_2q31", "type": "CtxDyn"}, "is_external": false, "used_time": 1, "children": []}, {"tag": "repository_TemplateSubSet", "attributes": {"idTemplate": "74", "resdescid": "278239"}, "is_external": true, "used_time": 79, "resdescid": "278239", "children": [{"tag": "CONTENT", "attributes": {}, "is_external": false, "used_time": 1, "children": []}]}, {"tag": "repository_TemplateSubSet", "attributes": {"idTemplate": "119", "resdescid": "277843"}, "is_external": true, "used_time": 93, "resdescid": "277843", "children": [{"tag": "CONTENT", "attributes": {"z_deltaY": "1417", "z_leftIndent": "0", "z_localCtxUnit": "100p", "z_rightIndent": "0", "z_type": "CtxDyn"}, "is_external": false, "used_time": 1, "children": []}]}, {"tag": "repository_Paragraph", "attributes": {"idTemplate": "82", "resdescid": "277715"}, "is_external": true, "used_time": 143, "resdescid": "277715", "children": [{"tag": "CONTENT", "attributes": {"productionPolicyUse": "editable", "z_deltaY": "4251", "z_leftIndent": "0", "z_localCtxUnit": "100p", "z_rightIndent": "0", "z_type": "CtxDyn"}, "is_external": false, "used_time": 1, "children": [{"tag": "EditableInProduction", "attributes": {"editable": "false"}, "is_external": false, "used_time": 1, "children": []}]}]}]}]}, {"tag": "TemplateClass_Anchor", "attributes": {"description": "", "idAnchor": "31", "idOwner": "277832", "idTemplate": "16", "name": "RENSEIGNEMENT COMPLEMENTAIRE", "usage": "use"}, "is_external": false, "used_time": 1, "children": []}, {"tag": "TemplateClass_Anchor", "attributes": {"description": "", "idAnchor": "16", "idOwner": "277832", "idTemplate": "17", "name": "PIECES_JOINTES", "usage": "use"}, "is_external": false, "used_time": 1, "children": []}, {"tag": "TemplateClass_Anchor", "attributes": {"description": "", "expanded": "true", "idAnchor": "32", "idOwner": "277832", "idTemplate": "18", "name": "DESTINATAIRES COPIES", "usage": "use"}, "is_external": false, "used_time": 1, "children": [{"tag": "repository_TemplateSubSet", "attributes": {"idTemplate": "40", "resdescid": "277713"}, "is_external": true, "used_time": 66, "resdescid": "277713", "children": [{"tag": "CONTENT", "attributes": {"z_deltaY": "2267", "z_leftIndent": "0", "z_localCtxUnit": "100p", "z_rightIndent": "0", "z_type": "CtxDyn"}, "is_external": false, "used_time": 1, "children": []}]}]}, {"tag": "TemplateClass_Anchor", "attributes": {"description": "", "idAnchor": "9", "idOwner": "277832", "idTemplate": "19", "name": "Placement Pied de page", "usage": "use"}, "is_external": false, "used_time": 1, "children": []}, {"tag": "TemplateClass_Anchor", "attributes": {"description": "", "idAnchor": "10", "idOwner": "277832", "idTemplate": "99", "name": "Placement Dernier pied de page", "usage": "use"}, "is_external": false, "used_time": 1, "children": []}]}, {"tag": "Wizard", "attributes": {"description": "", "expanded": "true", "idTemplate": "41", "name": "Nouveau sc\u00c3\u00a9nario"}, "is_external": false, "used_time": 1, "children": [{"tag": "CONTENT", "attributes": {"tagVersion": "E_P3_1_1_2_2q31"}, "is_external": false, "used_time": 1, "children": []}, {"tag": "WizardForm", "attributes": {"description": "", "expanded": "true", "idTemplate": "87", "name": "Nouveau formulaire transactionnel"}, "is_external": false, "used_time": 1, "children": [{"tag": "CONTENT", "attributes": {"tagVersion": "E_P3_1_1_2_2q31"}, "is_external": false, "used_time": 1, "children": [{"tag": "repository_WizardRenderer", "attributes": {"activated": "false", "description": "", "domainid": "290", "isPlugin": "false", "name": "Theme Test", "resdescid": "278181", "subtypes": "", "version": "1.13"}, "is_external": true, "used_time": 190, "resdescid": "278181", "children": [{"tag": "CONTENT", "attributes": {"background": "204 204 255", "tagVersion": "E_P3_1_1_2_2q31"}, "is_external": false, "used_time": 1, "children": [{"tag": "PROPERTIES_FONT", "attributes": {"bold": "false", "color": "0 0 0", "italic": "false", "name": "Arial", "size": "11"}, "is_external": false, "used_time": 1, "children": []}, {"tag": "PROPERTIES_DESCRIPTION_FONT", "attributes": {"bold": "false", "color": "0 0 0", "isManual": "false", "italic": "false", "name": "Arial", "size": "12"}, "is_external": false, "used_time": 1, "children": []}, {"tag": "PROPERTIES_BORDER_WIZ", "attributes": {"color": "0 0 0", "pattern": "3DLowered", "thickness": "1"}, "is_external": false, "used_time": 1, "children": []}, {"tag": "PROPERTIES_SUB_ELEMENT_INDENT_WIZ", "attributes": {"bottom": "0", "left": "0", "right": "0", "top": "0"}, "is_external": false, "used_time": 1, "children": []}, {"tag": "PROPERTIES_DESCRIPTION_SIZE", "attributes": {"isManual": "false", "width": "50"}, "is_external": false, "used_time": 1, "children": []}, {"tag": "PROPERTIES_DESCRIPTION_COLOR", "attributes": {"background": "240 240 240", "isManual": "false"}, "is_external": false, "used_time": 1, "children": []}]}]}]}, {"tag": "WizardGroup", "attributes": {"description": "", "expanded": "true", "idTemplate": "88", "name": "Nouveau groupe de formulaire"}, "is_external": false, "used_time": 1, "children": [{"tag": "CONTENT", "attributes": {"layout": "Border", "tagVersion": "E_P3_1_1_2_2q31"}, "is_external": false, "used_time": 1, "children": [{"tag": "WizardGroupArea", "attributes": {}, "is_external": false, "used_time": 1, "children": [{"tag": "CONTENT", "attributes": {"fillMode": "Vertical", "location": "North"}, "is_external": false, "used_time": 1, "children": []}]}, {"tag": "WizardGroupArea", "attributes": {}, "is_external": false, "used_time": 1, "children": [{"tag": "CONTENT", "attributes": {"fillMode": "Vertical", "location": "West"}, "is_external": false, "used_time": 1, "children": []}]}, {"tag": "WizardGroupArea", "attributes": {}, "is_external": false, "used_time": 1, "children": [{"tag": "CONTENT", "attributes": {"fillMode": "Vertical", "location": "Center"}, "is_external": false, "used_time": 1, "children": []}]}, {"tag": "WizardGroupArea", "attributes": {}, "is_external": false, "used_time": 1, "children": [{"tag": "CONTENT", "attributes": {"fillMode": "Vertical", "location": "East"}, "is_external": false, "used_time": 1, "children": []}]}, {"tag": "WizardGroupArea", "attributes": {}, "is_external": false, "used_time": 1, "children": [{"tag": "CONTENT", "attributes": {"fillMode": "Vertical", "location": "South"}, "is_external": false, "used_time": 1, "children": []}]}]}, {"tag": "WizardGroupArea", "attributes": {"alignmentH": "Stretch", "alignmentV": "Top", "condid": "0", "description": "", "expanded": "true", "fillMode": "Vertical", "idTemplate": "36", "location": "North", "name": "North", "usage": "use"}, "is_external": false, "used_time": 1, "children": [{"tag": "CONTENT", "attributes": {}, "is_external": false, "used_time": 1, "children": []}, {"tag": "WizardFormLabel", "attributes": {"description": "", "idTemplate": "31", "name": "Choisissez_Civilite"}, "is_external": false, "used_time": 1, "children": [{"tag": "CONTENT", "attributes": {"breakPage": "nonallowed_always", "currentZoom": "100", "orphansNumber": "0", "spellingLang": "FR", "tagVersion": "E_P3_1_1_2_2q31", "widowsNumber": "0", "woLock": "true"}, "is_external": false, "used_time": 1, "children": [{"tag": "LocalVars", "attributes": {}, "is_external": false, "used_time": 1, "children": []}, {"tag": "STYLE-AUTOMATIC", "attributes": {}, "is_external": false, "used_time": 1, "children": []}, {"tag": "TEXT", "attributes": {}, "is_external": false, "used_time": 1, "children": [{"tag": "repository_TextStyle", "attributes": {"resdescid": "204142"}, "is_external": true, "used_time": 259, "resdescid": "204142", "children": [{"tag": "TextStyle", "attributes": {}, "is_external": false, "used_time": 1, "children": [{"tag": "CONTENT", "attributes": {"category": "character"}, "is_external": false, "used_time": 1, "children": [{"tag": "PROPERTIES_FONT", "attributes": {"bold": "true", "name": "Arial", "size": "10.0"}, "is_external": false, "used_time": 1, "children": []}]}]}, {"tag": "TextStyle", "attributes": {}, "is_external": false, "used_time": 1, "children": [{"tag": "CONTENT", "attributes": {"category": "character"}, "is_external": false, "used_time": 1, "children": [{"tag": "PROPERTIES_FONT", "attributes": {"bold": "true", "color": "255 0 0", "colorCMYK": "0 255 255 0", "name": "Arial", "size": "10.0"}, "is_external": false, "used_time": 1, "children": []}]}]}]}]}]}]}]}, {"tag": "WizardGroupArea", "attributes": {"alignmentH": "Stretch", "alignmentV": "Top", "condid": "0", "description": "", "expanded": "true", "fillMode": "Vertical", "idTemplate": "37", "location": "West", "name": "West", "usage": "use"}, "is_external": false, "used_time": 1, "children": [{"tag": "CONTENT", "attributes": {}, "is_external": false, "used_time": 1, "children": []}, {"tag": "WizardFormLabel", "attributes": {"description": "", "idTemplate": "198", "name": "Decalage"}, "is_external": false, "used_time": 1, "children": [{"tag": "CONTENT", "attributes": {"breakPage": "nonallowed_always", "currentZoom": "100", "orphansNumber": "0", "spellingLang": "FR", "tagVersion": "E_P3_1_1_2_2q31", "widowsNumber": "0", "woLock": "true"}, "is_external": false, "used_time": 1, "children": [{"tag": "LocalVars", "attributes": {}, "is_external": false, "used_time": 1, "children": []}, {"tag": "STYLE-AUTOMATIC", "attributes": {}, "is_external": false, "used_time": 1, "children": []}, {"tag": "TEXT", "attributes": {}, "is_external": false, "used_time": 1, "children": [{"tag": "repository_TextStyle", "attributes": {"resdescid": "204142"}, "is_external": true, "used_time": 259, "resdescid": "204142", "children": []}]}]}]}]}, {"tag": "WizardGroupArea", "attributes": {"alignmentH": "Stretch", "alignmentV": "Top", "condid": "0", "description": "", "expanded": "true", "fillMode": "Vertical", "idTemplate": "89", "location": "Center", "name": "Centre", "usage": "use"}, "is_external": false, "used_time": 1, "children": [{"tag": "CONTENT", "attributes": {}, "is_external": false, "used_time": 1, "children": []}, {"tag": "repository_CustomFunc", "attributes": {"expanded": "true", "idTemplate": "66", "resdescid": "278180"}, "is_external": true, "used_time": 75, "resdescid": "278180", "children": [{"tag": "Row", "attributes": {"UID": "1", "condid": "0", "description": "", "idTemplate": "67", "name": "Madame", "usage": "use"}, "is_external": false, "used_time": 1, "children": [{"tag": "CONTENT", "attributes": {}, "is_external": false, "used_time": 1, "children": []}]}, {"tag": "Row", "attributes": {"UID": "2", "condid": "0", "description": "", "idTemplate": "68", "name": "Monsieur", "usage": "use"}, "is_external": false, "used_time": 1, "children": [{"tag": "CONTENT", "attributes": {}, "is_external": false, "used_time": 1, "children": []}]}, {"tag": "Row", "attributes": {"UID": "3", "condid": "0", "description": "", "idTemplate": "69", "name": "Madame, Monsieur", "usage": "use"}, "is_external": false, "used_time": 1, "children": [{"tag": "CONTENT", "attributes": {}, "is_external": false, "used_time": 1, "children": []}]}, {"tag": "Row", "attributes": {"UID": "4", "condid": "0", "description": "", "idTemplate": "70", "name": "Messieurs", "usage": "use"}, "is_external": false, "used_time": 1, "children": [{"tag": "CONTENT", "attributes": {}, "is_external": false, "used_time": 1, "children": []}]}, {"tag": "Row", "attributes": {"UID": "5", "condid": "0", "description": "", "idTemplate": "71", "name": "Cher Ma\u00c3\u00aetre", "usage": "use"}, "is_external": false, "used_time": 1, "children": [{"tag": "CONTENT", "attributes": {}, "is_external": false, "used_time": 1, "children": []}]}, {"tag": "Row", "attributes": {"UID": "6", "condid": "0", "description": "", "idTemplate": "72", "name": "Monsieur le Directeur", "usage": "use"}, "is_external": false, "used_time": 1, "children": [{"tag": "CONTENT", "attributes": {}, "is_external": false, "used_time": 1, "children": []}]}, {"tag": "Row", "attributes": {"UID": "7", "condid": "0", "description": "", "idTemplate": "73", "name": "Docteur", "usage": "use"}, "is_external": false, "used_time": 1, "children": [{"tag": "CONTENT", "attributes": {}, "is_external": false, "used_time": 1, "children": []}]}]}]}, {"tag": "WizardGroupArea", "attributes": {"alignmentH": "Stretch", "alignmentV": "Top", "condid": "0", "description": "", "fillMode": "Vertical", "idTemplate": "38", "location": "East", "name": "East", "usage": "use"}, "is_external": false, "used_time": 1, "children": [{"tag": "CONTENT", "attributes": {}, "is_external": false, "used_time": 1, "children": []}]}, {"tag": "WizardGroupArea", "attributes": {"alignmentH": "Stretch", "alignmentV": "Top", "condid": "0", "description": "", "expanded": "true", "fillMode": "Vertical", "idTemplate": "39", "location": "South", "name": "South", "usage": "use"}, "is_external": false, "used_time": 1, "children": [{"tag": "CONTENT", "attributes": {}, "is_external": false, "used_time": 1, "children": []}, {"tag": "WizardFormLabel", "attributes": {"description": "", "idTemplate": "90", "name": "Champ_Obligatoire"}, "is_external": false, "used_time": 1, "children": [{"tag": "CONTENT", "attributes": {"breakPage": "nonallowed_always", "currentZoom": "100", "orphansNumber": "0", "spellingLang": "FR", "tagVersion": "E_P3_1_1_2_2q31", "widowsNumber": "0", "woLock": "true"}, "is_external": false, "used_time": 1, "children": [{"tag": "LocalVars", "attributes": {}, "is_external": false, "used_time": 1, "children": []}, {"tag": "STYLE-AUTOMATIC", "attributes": {}, "is_external": false, "used_time": 1, "children": []}, {"tag": "TEXT", "attributes": {}, "is_external": false, "used_time": 1, "children": [{"tag": "repository_TextStyle", "attributes": {"resdescid": "231550"}, "is_external": true, "used_time": 132, "resdescid": "231550", "children": [{"tag": "TextStyle", "attributes": {}, "is_external": false, "used_time": 1, "children": [{"tag": "CONTENT", "attributes": {"category": "character"}, "is_external": false, "used_time": 1, "children": [{"tag": "PROPERTIES_FONT", "attributes": {"color": "255 0 0", "colorCMYK": "0 255 255 0", "italic": "true", "name": "Arial"}, "is_external": false, "used_time": 1, "children": []}]}]}]}]}]}]}]}]}, {"tag": "WizardGroup", "attributes": {"description": "", "expanded": "true", "idTemplate": "77", "name": "Nouveau groupe de formulaire"}, "is_external": false, "used_time": 1, "children": [{"tag": "CONTENT", "attributes": {"layout": "Simple", "tagVersion": "E_P3_1_1_2_2q31"}, "is_external": false, "used_time": 1, "children": [{"tag": "WizardGroupArea", "attributes": {}, "is_external": false, "used_time": 1, "children": [{"tag": "CONTENT", "attributes": {"fillMode": "Vertical", "location": "Center"}, "is_external": false, "used_time": 1, "children": []}]}]}, {"tag": "WizardGroupArea", "attributes": {"alignmentH": "Stretch", "alignmentV": "Top", "condid": "0", "description": "", "expanded": "true", "fillMode": "Vertical", "idTemplate": "149", "location": "Center", "name": "Centre", "usage": "use"}, "is_external": false, "used_time": 1, "children": [{"tag": "CONTENT", "attributes": {}, "is_external": false, "used_time": 1, "children": []}, {"tag": "repository_If", "attributes": {"expanded": "true", "idTemplate": "97", "resdescid": "277648"}, "is_external": true, "used_time": 188, "resdescid": "277648", "children": [{"tag": "If_VALUE", "attributes": {"condid": "0", "description": "simple condition", "expanded": "true", "idTemplate": "408", "name": "CondIF", "usage": "use"}, "is_external": false, "used_time": 1, "children": [{"tag": "WizardAction", "attributes": {"description": "", "idTemplate": "416", "name": "OK"}, "is_external": false, "used_time": 1, "children": [{"tag": "CONTENT", "attributes": {"ask": "false", "buttonType": "standard", "defaultFocus": "false", "height": "25", "key": "OK", "tagVersion": "E_P3_1_1_2_2q31", "width": "400"}, "is_external": false, "used_time": 1, "children": [{"tag": "label", "attributes": {}, "is_external": false, "used_time": 1, "children": [{"tag": "XML_VALUE", "attributes": {"type": "expression"}, "is_external": false, "used_time": 1, "children": []}]}]}]}, {"tag": "WizardTemplateViewer", "attributes": {"description": "", "idTemplate": "114", "name": "Nouvelle visionneuse de document"}, "is_external": false, "used_time": 1, "children": [{"tag": "CONTENT", "attributes": {"filter": "paper", "tagVersion": "E_P3_1_1_2_2q31", "type": "vpf", "web_default": "vpf"}, "is_external": false, "used_time": 1, "children": []}]}]}, {"tag": "If_DEFAULT", "attributes": {"condid": "default", "description": "", "expanded": "true", "idTemplate": "409", "name": "Sinon", "usage": "use"}, "is_external": false, "used_time": 1, "children": [{"tag": "WizardAction", "attributes": {"description": "", "idTemplate": "410", "name": "PREVIEW"}, "is_external": false, "used_time": 1, "children": [{"tag": "CONTENT", "attributes": {"ask": "false", "buttonType": "standard", "defaultFocus": "false", "height": "25", "key": "PREVIEW", "tagVersion": "E_P3_1_1_2_2q31", "width": "400"}, "is_external": false, "used_time": 1, "children": [{"tag": "label", "attributes": {}, "is_external": false, "used_time": 1, "children": [{"tag": "XML_VALUE", "attributes": {"type": "expression"}, "is_external": false, "used_time": 1, "children": []}]}]}]}]}]}]}]}]}]}]}]}