{"tag": "repository_Template", "attributes": {"activated": "false", "date": "2022-05-04 20_09_17.803", "description": "Lettre dinfo au courtier sur r\u00c3\u0083\u00c2\u0083\u00c3\u0082\u00c2\u00a8glement direct acompte client", "domainid": "1916", "id": "298158", "isPlugin": "false", "lastFunctionDate": "2022-05-04 20_09_29.202", "lastFunctionParent": "30", "lastFunctionUser": "5", "name": "MRENCRA01_MARQUE-02", "resdescid": "168793", "subtypes": "63", "version": "1.20"}, "children": [{"tag": "CONTENT", "attributes": {"WZ_actionrule": "xsl/default", "WZ_viewname": "css/default", "currentZoom": "100", "debugMode": "0", "defaultTextStyle": "23", "indexingType": "Document", "indexingVarList": "\"IndexList\"", "maxIdTemplate": "98", "messageFilter": "", "monoDataLoader": "true", "tagVersion": "E_P3_1_2_1_6q22"}, "children": [{"tag": "repository_TextStyle", "attributes": {"hidden": "true", "resdescid": "4271"}, "is_external": true, "used_time": 185, "resdescid": "4271", "children": []}, {"tag": "repository_DataManager", "attributes": {"default": "true", "name": "encaissement", "resdescid": "164263"}, "is_external": true, "used_time": 5, "resdescid": "164263", "children": []}, {"tag": "inputData", "attributes": {"current": "000038-369526N-ENCBRAN-x-080319100406.xml", "filter": ""}, "is_external": false, "used_time": 1, "children": []}, {"tag": "indexData", "attributes": {"columnIndex": "0", "columnNamed": "-1", "indexingType": "Document"}, "is_external": false, "used_time": 1, "children": [{"tag": "SimpleSubstitutionTable", "attributes": {"name": "Tableau local"}, "is_external": false, "used_time": 1, "children": [{"tag": "CONTENT", "attributes": {"nbCol": "1", "nbRow": "1"}, "is_external": false, "used_time": 1, "children": [{"tag": "Row", "attributes": {}, "is_external": false, "used_time": 1, "children": [{"tag": "CONTENT", "attributes": {"UID": "0"}, "is_external": false, "used_time": 1, "children": [{"tag": "Cell", "attributes": {}, "is_external": false, "used_time": 1, "children": [{"tag": "CONTENT", "attributes": {}, "is_external": false, "used_time": 1, "children": [{"tag": "XML_VALUE", "attributes": {"type": "expression"}, "is_external": false, "used_time": 1, "children": []}]}]}]}]}, {"tag": "Column", "attributes": {}, "is_external": false, "used_time": 1, "children": [{"tag": "CONTENT", "attributes": {"UID": "0", "category": "expression", "name": "Indexes"}, "is_external": false, "used_time": 1, "children": [{"tag": "name", "attributes": {}, "is_external": false, "used_time": 1, "children": [{"tag": "XML_VALUE", "attributes": {"type": "expression"}, "is_external": false, "used_time": 1, "children": []}]}]}]}]}]}]}, {"tag": "repository_PageContext", "attributes": {"expanded": "true", "idTemplate": "71", "resdescid": "55199"}, "is_external": true, "used_time": 61, "resdescid": "55199", "children": [{"tag": "CONTENT", "attributes": {"pageName": "1_1_1"}, "is_external": false, "used_time": 1, "children": []}, {"tag": "FirstHeader", "attributes": {"description": "", "expanded": "true", "idTemplate": "76", "name": "Premier en-t\u00c3\u00aate", "usage": "use"}, "is_external": false, "used_time": 1, "children": [{"tag": "repository_CustomObject", "attributes": {"idTemplate": "74", "resdescid": "55198"}, "is_external": true, "used_time": 177, "resdescid": "55198", "children": []}, {"tag": "CustomObject", "attributes": {"description": "", "idTemplate": "81", "name": "InitPageOps"}, "is_external": false, "used_time": 1, "children": [{"tag": "CONTENT", "attributes": {"CusVar_CustomComponentName": "InitPageOps", "CusVar_CustomLibrary": "smacustoms", "numero_page": "DocVar_NumCurrentPage"}, "is_external": false, "used_time": 1, "children": [{"tag": "repository_CustomLibrary", "attributes": {"resdescid": "679"}, "is_external": true, "used_time": 365, "resdescid": "679", "children": [{"tag": "CustomObject", "attributes": {"name": "InitPageOps"}, "is_external": false, "used_time": 1, "children": []}]}]}]}, {"tag": "repository_TemplateSubSet", "attributes": {"idOwnerUse": "103", "idTemplate": "7", "resdescid": "166311"}, "is_external": true, "used_time": 9, "resdescid": "166311", "children": [{"tag": "CONTENT", "attributes": {}, "is_external": false, "used_time": 1, "children": []}]}, {"tag": "CustomObject", "attributes": {"description": "", "idTemplate": "87", "name": "InitIndex"}, "is_external": false, "used_time": 1, "children": [{"tag": "CONTENT", "attributes": {"CusVar_CustomComponentName": "InitIndex", "CusVar_CustomLibrary": "smacustoms"}, "is_external": false, "used_time": 1, "children": [{"tag": "repository_CustomLibrary", "attributes": {"resdescid": "679"}, "is_external": true, "used_time": 365, "resdescid": "679", "children": [{"tag": "CustomObject", "attributes": {"name": "InitIndex"}, "is_external": false, "used_time": 1, "children": []}]}]}]}, {"tag": "repository_LocalContext", "attributes": {"idTemplate": "89", "resdescid": "5389"}, "is_external": true, "used_time": 61, "resdescid": "5389", "children": []}, {"tag": "repository_TemplateSubSet", "attributes": {"idTemplate": "91", "resdescid": "5383"}, "is_external": true, "used_time": 79, "resdescid": "5383", "children": [{"tag": "CONTENT", "attributes": {"currentZoom": "50", "maxIdTemplate": "24", "messageFilter": "", "monoDataLoader": "true", "z_deltaY": "0", "z_leftIndent": "0", "z_localCtxUnit": "100p", "z_rightIndent": "0", "z_type": "CtxDynTop"}, "is_external": false, "used_time": 1, "children": []}]}, {"tag": "MessageLoop", "attributes": {"description": "", "expanded": "true", "idTemplate": "9", "messageName": "itenteteeditique", "name": "ForAll _ itenteteeditique"}, "is_external": false, "used_time": 1, "children": [{"tag": "CONTENT", "attributes": {}, "is_external": false, "used_time": 1, "children": []}, {"tag": "MessageLoop", "attributes": {"description": "", "idTemplate": "10", "messageName": "itdocuments", "name": "ForAll _ itdocuments"}, "is_external": false, "used_time": 1, "children": [{"tag": "CONTENT", "attributes": {}, "is_external": false, "used_time": 1, "children": []}]}, {"tag": "repository_TemplateSubSet", "attributes": {"idTemplate": "79", "resdescid": "75085"}, "is_external": true, "used_time": 8, "resdescid": "75085", "children": [{"tag": "CONTENT", "attributes": {"z_deltaY": "8503", "z_leftIndent": "0", "z_localCtxUnit": "100p", "z_rightIndent": "0", "z_type": "CtxDynTop"}, "is_external": false, "used_time": 1, "children": []}]}, {"tag": "repository_TemplateSubSet", "attributes": {"idTemplate": "78", "resdescid": "71768"}, "is_external": true, "used_time": 13, "resdescid": "71768", "children": [{"tag": "CONTENT", "attributes": {"z_deltaY": "10771", "z_leftIndent": "26362", "z_localCtxUnit": "100p", "z_rightIndent": "0", "z_type": "CtxDynTop"}, "is_external": false, "used_time": 1, "children": []}]}]}]}, {"tag": "Header", "attributes": {"description": "", "expanded": "true", "idTemplate": "2", "name": "En-t\u00c3\u00aate", "usage": "use"}, "is_external": false, "used_time": 1, "children": [{"tag": "CustomObject", "attributes": {"description": "", "idTemplate": "96", "name": "InitPageOps"}, "is_external": false, "used_time": 1, "children": [{"tag": "CONTENT", "attributes": {"CusVar_CustomComponentName": "InitPageOps", "CusVar_CustomLibrary": "smacustoms", "numero_page": "DocVar_NumCurrentPage"}, "is_external": false, "used_time": 1, "children": [{"tag": "repository_CustomLibrary", "attributes": {"resdescid": "679"}, "is_external": true, "used_time": 365, "resdescid": "679", "children": [{"tag": "CustomObject", "attributes": {"name": "InitPageOps"}, "is_external": false, "used_time": 1, "children": []}]}]}]}, {"tag": "repository_LocalContext", "attributes": {"idTemplate": "97", "resdescid": "5389"}, "is_external": true, "used_time": 61, "resdescid": "5389", "children": []}, {"tag": "repository_TemplateSubSet", "attributes": {"idTemplate": "98", "resdescid": "5383"}, "is_external": true, "used_time": 79, "resdescid": "5383", "children": [{"tag": "CONTENT", "attributes": {"currentZoom": "50", "maxIdTemplate": "24", "messageFilter": "", "monoDataLoader": "true", "z_deltaY": "0", "z_leftIndent": "0", "z_localCtxUnit": "100p", "z_rightIndent": "0", "z_type": "CtxDynTop"}, "is_external": false, "used_time": 1, "children": []}]}]}, {"tag": "Body", "attributes": {"description": "", "expanded": "true", "idTemplate": "6", "name": "Corps de page", "usage": "use"}, "is_external": false, "used_time": 1, "children": [{"tag": "CustomObject", "attributes": {"description": "", "idTemplate": "13", "name": "OrdreCheque"}, "is_external": false, "used_time": 1, "children": [{"tag": "CONTENT", "attributes": {"CusVar_CustomComponentName": "VariableLocale", "CusVar_CustomLibrary": "smacustoms", "LocalVarName": "OrdreCheque", "LocalVarValue": "\"adrdest_Nom\" \"adrdest_Prenom\""}, "is_external": false, "used_time": 1, "children": [{"tag": "repository_CustomLibrary", "attributes": {"resdescid": "679"}, "is_external": true, "used_time": 365, "resdescid": "679", "children": [{"tag": "CustomObject", "attributes": {"name": "VariableLocale"}, "is_external": false, "used_time": 1, "children": []}]}]}]}, {"tag": "Paragraph", "attributes": {"description": "Objet de la demande titre executoire", "idTemplate": "65", "name": "PC_RENC_RA_Objet_01"}, "is_external": false, "used_time": 1, "children": [{"tag": "CONTENT", "attributes": {"adjacentNextTextUse": "nonallowed", "breakPage": "nonallowed_always", "currentZoom": "100", "orphansNumber": "0", "productionPolicy": "editable_reviewable", "productionPolicyUse": "editable", "spellingLang": "FR", "widowsNumber": "0", "woLock": "false", "z_automatic": "true", "z_deltaY": "8503", "z_leftIndent": "0", "z_localCtxUnit": "100p", "z_rightIndent": "0", "z_type": "CtxDynTop"}, "is_external": false, "used_time": 1, "children": [{"tag": "LocalVars", "attributes": {}, "is_external": false, "used_time": 1, "children": []}, {"tag": "STYLE-AUTOMATIC", "attributes": {}, "is_external": false, "used_time": 1, "children": []}, {"tag": "TEXT", "attributes": {}, "is_external": false, "used_time": 1, "children": [{"tag": "repository_TextStyle", "attributes": {"resdescid": "5137"}, "is_external": true, "used_time": 43, "resdescid": "5137", "children": [{"tag": "repository_TextStyle", "attributes": {"resdescid": "20734"}, "is_external": true, "used_time": 16, "resdescid": "20734", "children": []}, {"tag": "TextStyle", "attributes": {}, "is_external": false, "used_time": 1, "children": [{"tag": "CONTENT", "attributes": {"category": "character"}, "is_external": false, "used_time": 1, "children": [{"tag": "PROPERTIES_FONT", "attributes": {}, "is_external": false, "used_time": 1, "children": []}]}]}, {"tag": "TextStyle", "attributes": {}, "is_external": false, "used_time": 1, "children": [{"tag": "CONTENT", "attributes": {"category": "character"}, "is_external": false, "used_time": 1, "children": [{"tag": "PROPERTIES_FONT", "attributes": {}, "is_external": false, "used_time": 1, "children": []}]}]}]}, {"tag": "repository_TextStyle", "attributes": {"resdescid": "4271"}, "is_external": true, "used_time": 185, "resdescid": "4271", "children": []}]}]}]}, {"tag": "repository_TemplateSubSet", "attributes": {"idOwnerUse": "84", "idTemplate": "18", "resdescid": "51882"}, "is_external": true, "used_time": 51, "resdescid": "51882", "children": [{"tag": "CONTENT", "attributes": {"z_automatic": "true", "z_deltaY": "850", "z_leftIndent": "0", "z_localCtxUnit": "100p", "z_rightIndent": "0", "z_type": "CtxDyn"}, "is_external": false, "used_time": 1, "children": []}]}, {"tag": "repository_Paragraph", "attributes": {"idTemplate": "19", "resdescid": "108235"}, "is_external": true, "used_time": 12, "resdescid": "108235", "children": [{"tag": "CONTENT", "attributes": {"adjacentNextTextUse": "nonallowed", "productionPolicyUse": "editable", "z_automatic": "true", "z_deltaY": "1417", "z_leftIndent": "0", "z_localCtxUnit": "100p", "z_rightIndent": "0", "z_type": "CtxDyn"}, "is_external": false, "used_time": 1, "children": [{"tag": "EditableInProduction", "attributes": {"editable": "false", "movable": "false"}, "is_external": false, "used_time": 1, "children": []}]}]}, {"tag": "Paragraph", "attributes": {"description": "Nous vous informons avoir encaiss\u00c3\u00a9 directement un acompte d...", "idTemplate": "63", "name": "PC_RENC_RA_Texte_01"}, "is_external": false, "used_time": 1, "children": [{"tag": "CONTENT", "attributes": {"adjacentNextTextUse": "nonallowed", "breakPage": "nonallowed_always", "currentZoom": "100", "orphansNumber": "0", "productionPolicy": "editable_reviewable", "productionPolicyUse": "editable", "spellingLang": "FR", "widowsNumber": "0", "woLock": "false", "z_automatic": "true", "z_deltaY": "1984", "z_leftIndent": "0", "z_localCtxUnit": "100p", "z_rightIndent": "0", "z_type": "CtxDyn"}, "is_external": false, "used_time": 1, "children": [{"tag": "repository_DataManager", "attributes": {"name": "encaissement", "resdescid": "164263"}, "is_external": true, "used_time": 5, "resdescid": "164263", "children": []}, {"tag": "LocalVars", "attributes": {}, "is_external": false, "used_time": 1, "children": []}, {"tag": "STYLE-AUTOMATIC", "attributes": {}, "is_external": false, "used_time": 1, "children": []}, {"tag": "TEXT", "attributes": {}, "is_external": false, "used_time": 1, "children": [{"tag": "repository_TextStyle", "attributes": {"resdescid": "4346"}, "is_external": true, "used_time": 280, "resdescid": "4346", "children": [{"tag": "repository_CustomFunc", "attributes": {"resdescid": "168791"}, "is_external": true, "used_time": 1, "resdescid": "168791", "children": []}, {"tag": "repository_Variable", "attributes": {"name": "adrdest_Nom", "resdescid": "4837"}, "is_external": true, "used_time": 7, "resdescid": "4837", "children": []}, {"tag": "repository_Variable", "attributes": {"name": "adrdest_Prenom", "resdescid": "4842"}, "is_external": true, "used_time": 5, "resdescid": "4842", "children": []}]}]}]}]}, {"tag": "LocalContext", "attributes": {"description": "", "expanded": "true", "idTemplate": "22", "name": "nouveau Zone"}, "is_external": false, "used_time": 1, "children": [{"tag": "CONTENT", "attributes": {"deltaY": "850", "leftIndent": "0", "localCtxUnit": "100p", "rightIndent": "0", "type": "CtxDyn"}, "is_external": false, "used_time": 1, "children": []}, {"tag": "MessageLoop", "attributes": {"description": "", "expanded": "true", "idTemplate": "23", "messageName": "itcotis", "name": "ForAll _ itcotis"}, "is_external": false, "used_time": 1, "children": [{"tag": "CONTENT", "attributes": {}, "is_external": false, "used_time": 1, "children": []}, {"tag": "CustomObject", "attributes": {"description": "", "idTemplate": "70", "name": "FormatNombre"}, "is_external": false, "used_time": 1, "children": [{"tag": "CONTENT", "attributes": {"CusVar_CustomComponentName": "FormatNombre", "CusVar_CustomLibrary": "smacustoms", "FormatNbDecimales": "0", "FormatNbDecimalesMin": "0", "FormatNbListe": "itcotis_NumContrat", "FormatNbParametres": "", "FormatNbTranscoAjout": "non", "FormatNbValAjout": ""}, "is_external": false, "used_time": 1, "children": [{"tag": "repository_CustomLibrary", "attributes": {"resdescid": "679"}, "is_external": true, "used_time": 365, "resdescid": "679", "children": [{"tag": "CustomObject", "attributes": {"name": "FormatNombre"}, "is_external": false, "used_time": 1, "children": []}]}]}]}, {"tag": "Table", "attributes": {"description": "", "idTemplate": "68", "name": "TB_RPRV_PR_ContratDerogation_01"}, "is_external": false, "used_time": 1, "children": [{"tag": "CONTENT", "attributes": {"currentZoom": "100", "maxCellUID": "10", "maxRowUID": "3", "maxVariableUID": "0", "nbCol": "3", "nbRow": "2", "z_absoluteX": "1417", "z_deltaY": "0", "z_fixedWidth": "49606", "z_localCtxUnit": "100p", "z_type": "CtxFixed"}, "is_external": false, "used_time": 1, "children": [{"tag": "TextStyle", "attributes": {"description": "", "name": ""}, "is_external": false, "used_time": 1, "children": [{"tag": "CONTENT", "attributes": {"basedOn": "ROOT", "category": "cell"}, "is_external": false, "used_time": 1, "children": [{"tag": "PROPERTIES_FONT", "attributes": {"bold": "false", "colorCMYK": "0 0 0 255", "italic": "false", "name": "Arial", "size": "11", "underline": "false"}, "is_external": false, "used_time": 1, "children": []}, {"tag": "PROPERTIES_CELL_ALIGNMENT", "attributes": {"alignment": "Left", "alignmentVert": "Top"}, "is_external": false, "used_time": 1, "children": []}]}]}, {"tag": "Group", "attributes": {}, "is_external": false, "used_time": 1, "children": [{"tag": "CONTENT", "attributes": {"UID": "1", "WOActive": "true", "WOEnabled": "true", "WOOline": "1", "WOWline": "1", "attachmentNext": "false", "attachmentPrevious": "false", "breakable62": "true", "rowGroupBreakable": "true", "type": "Group"}, "is_external": false, "used_time": 1, "children": [{"tag": "Cell", "attributes": {}, "is_external": false, "used_time": 1, "children": [{"tag": "CONTENT", "attributes": {"UID": "1", "insetBottom": "300", "insetLeft": "300", "insetRight": "300", "insetTop": "300", "spanColumn": "1", "spanRow": "1"}, "is_external": false, "used_time": 1, "children": [{"tag": "Paragraph", "attributes": {}, "is_external": false, "used_time": 1, "children": [{"tag": "CONTENT", "attributes": {"breakPage": "nonallowed_always"}, "is_external": false, "used_time": 1, "children": [{"tag": "LocalVars", "attributes": {}, "is_external": false, "used_time": 1, "children": []}, {"tag": "STYLE-AUTOMATIC", "attributes": {}, "is_external": false, "used_time": 1, "children": []}, {"tag": "TEXT", "attributes": {}, "is_external": false, "used_time": 1, "children": [{"tag": "TextStyle", "attributes": {}, "is_external": false, "used_time": 1, "children": []}]}]}]}]}]}, {"tag": "Cell", "attributes": {}, "is_external": false, "used_time": 1, "children": [{"tag": "CONTENT", "attributes": {"UID": "2", "insetBottom": "300", "insetLeft": "300", "insetRight": "300", "insetTop": "300", "spanColumn": "1", "spanRow": "1"}, "is_external": false, "used_time": 1, "children": [{"tag": "Paragraph", "attributes": {}, "is_external": false, "used_time": 1, "children": [{"tag": "CONTENT", "attributes": {"breakPage": "nonallowed_always"}, "is_external": false, "used_time": 1, "children": [{"tag": "LocalVars", "attributes": {}, "is_external": false, "used_time": 1, "children": []}, {"tag": "STYLE-AUTOMATIC", "attributes": {}, "is_external": false, "used_time": 1, "children": []}, {"tag": "TEXT", "attributes": {}, "is_external": false, "used_time": 1, "children": [{"tag": "TextStyle", "attributes": {}, "is_external": false, "used_time": 1, "children": []}]}]}]}]}]}, {"tag": "Cell", "attributes": {}, "is_external": false, "used_time": 1, "children": [{"tag": "CONTENT", "attributes": {"UID": "9", "insetBottom": "300", "insetLeft": "300", "insetRight": "300", "insetTop": "300", "spanColumn": "1", "spanRow": "1"}, "is_external": false, "used_time": 1, "children": [{"tag": "Paragraph", "attributes": {}, "is_external": false, "used_time": 1, "children": [{"tag": "CONTENT", "attributes": {"breakPage": "nonallowed_always"}, "is_external": false, "used_time": 1, "children": [{"tag": "LocalVars", "attributes": {}, "is_external": false, "used_time": 1, "children": []}, {"tag": "STYLE-AUTOMATIC", "attributes": {}, "is_external": false, "used_time": 1, "children": []}, {"tag": "TEXT", "attributes": {}, "is_external": false, "used_time": 1, "children": [{"tag": "TextStyle", "attributes": {}, "is_external": false, "used_time": 1, "children": [{"tag": "CONTENT", "attributes": {"parent": "true"}, "is_external": false, "used_time": 1, "children": [{"tag": "TextStyle", "attributes": {}, "is_external": false, "used_time": 1, "children": [{"tag": "CONTENT", "attributes": {"category": "paragraph"}, "is_external": false, "used_time": 1, "children": [{"tag": "PROPERTIES_PARAGRAPH", "attributes": {"alignment": "Left", "indentFirstLine": "0", "indentLeft": "0", "indentRight": "0", "lineSpacing": "0", "wrapping": "true"}, "is_external": false, "used_time": 1, "children": []}]}]}]}]}]}]}]}]}]}]}, {"tag": "Row", "attributes": {}, "is_external": false, "used_time": 1, "children": [{"tag": "CONTENT", "attributes": {"UID": "2", "attachmentNext": "false", "heightDyn": "true", "type": "Body"}, "is_external": false, "used_time": 1, "children": [{"tag": "Cell", "attributes": {}, "is_external": false, "used_time": 1, "children": [{"tag": "CONTENT", "attributes": {"UID": "3", "insetBottom": "0", "insetLeft": "0", "insetRight": "0", "insetTop": "0", "spanColumn": "1", "spanRow": "1"}, "is_external": false, "used_time": 1, "children": [{"tag": "TextStyle", "attributes": {}, "is_external": false, "used_time": 1, "children": [{"tag": "CONTENT", "attributes": {"category": "cell"}, "is_external": false, "used_time": 1, "children": [{"tag": "PROPERTIES_CELL_BORDER", "attributes": {}, "is_external": false, "used_time": 1, "children": []}, {"tag": "PROPERTIES_CELL_ALIGNMENT", "attributes": {"alignmentVert": "Center"}, "is_external": false, "used_time": 1, "children": []}]}]}, {"tag": "Paragraph", "attributes": {}, "is_external": false, "used_time": 1, "children": [{"tag": "CONTENT", "attributes": {"breakPage": "nonallowed_always"}, "is_external": false, "used_time": 1, "children": [{"tag": "LocalVars", "attributes": {}, "is_external": false, "used_time": 1, "children": []}, {"tag": "STYLE-AUTOMATIC", "attributes": {}, "is_external": false, "used_time": 1, "children": []}, {"tag": "TEXT", "attributes": {}, "is_external": false, "used_time": 1, "children": [{"tag": "repository_TextStyle", "attributes": {"resdescid": "168792"}, "is_external": true, "used_time": 11, "resdescid": "168792", "children": []}]}]}]}]}]}, {"tag": "Cell", "attributes": {}, "is_external": false, "used_time": 1, "children": [{"tag": "CONTENT", "attributes": {"UID": "4", "insetBottom": "0", "insetLeft": "0", "insetRight": "0", "insetTop": "0", "spanColumn": "1", "spanRow": "1"}, "is_external": false, "used_time": 1, "children": [{"tag": "Paragraph", "attributes": {}, "is_external": false, "used_time": 1, "children": [{"tag": "CONTENT", "attributes": {"breakPage": "nonallowed_always"}, "is_external": false, "used_time": 1, "children": [{"tag": "LocalVars", "attributes": {}, "is_external": false, "used_time": 1, "children": []}, {"tag": "STYLE-AUTOMATIC", "attributes": {}, "is_external": false, "used_time": 1, "children": []}, {"tag": "TEXT", "attributes": {}, "is_external": false, "used_time": 1, "children": [{"tag": "repository_TextStyle", "attributes": {"resdescid": "4246"}, "is_external": true, "used_time": 174, "resdescid": "4246", "children": [{"tag": "repository_Variable", "attributes": {"name": "itcotis_LibContrat", "resdescid": "164231"}, "is_external": true, "used_time": 2, "resdescid": "164231", "children": []}]}]}]}]}]}]}, {"tag": "Cell", "attributes": {}, "is_external": false, "used_time": 1, "children": [{"tag": "CONTENT", "attributes": {"UID": "10", "insetBottom": "0", "insetLeft": "0", "insetRight": "0", "insetTop": "0", "spanColumn": "1", "spanRow": "1"}, "is_external": false, "used_time": 1, "children": [{"tag": "Paragraph", "attributes": {}, "is_external": false, "used_time": 1, "children": [{"tag": "CONTENT", "attributes": {"breakPage": "nonallowed_always"}, "is_external": false, "used_time": 1, "children": [{"tag": "LocalVars", "attributes": {}, "is_external": false, "used_time": 1, "children": []}, {"tag": "STYLE-AUTOMATIC", "attributes": {}, "is_external": false, "used_time": 1, "children": []}, {"tag": "TEXT", "attributes": {}, "is_external": false, "used_time": 1, "children": [{"tag": "repository_TextStyle", "attributes": {"resdescid": "4246"}, "is_external": true, "used_time": 174, "resdescid": "4246", "children": [{"tag": "repository_Variable", "attributes": {"name": "itcotis_NumContrat", "resdescid": "164227"}, "is_external": true, "used_time": 1, "resdescid": "164227", "children": []}]}]}]}]}]}]}]}]}]}, {"tag": "Column", "attributes": {}, "is_external": false, "used_time": 1, "children": [{"tag": "CONTENT", "attributes": {"width": "1417"}, "is_external": false, "used_time": 1, "children": []}]}, {"tag": "Column", "attributes": {}, "is_external": false, "used_time": 1, "children": [{"tag": "CONTENT", "attributes": {"width": "28346"}, "is_external": false, "used_time": 1, "children": []}]}, {"tag": "Column", "attributes": {}, "is_external": false, "used_time": 1, "children": [{"tag": "CONTENT", "attributes": {"width": "12600"}, "is_external": false, "used_time": 1, "children": []}]}]}]}]}]}, {"tag": "LocalContext", "attributes": {"description": "", "expanded": "true", "idTemplate": "27", "name": "nouveau Zone"}, "is_external": false, "used_time": 1, "children": [{"tag": "CONTENT", "attributes": {"deltaY": "850", "leftIndent": "0", "localCtxUnit": "100p", "rightIndent": "0", "secable": "No", "type": "CtxDyn"}, "is_external": false, "used_time": 1, "children": []}, {"tag": "repository_Paragraph", "attributes": {"idTemplate": "28", "resdescid": "164326"}, "is_external": true, "used_time": 1, "resdescid": "164326", "children": [{"tag": "CONTENT", "attributes": {"adjacentNextTextUse": "nonallowed", "productionPolicyUse": "editable"}, "is_external": false, "used_time": 1, "children": [{"tag": "EditableInProduction", "attributes": {"editable": "false", "movable": "false"}, "is_external": false, "used_time": 1, "children": []}]}]}, {"tag": "repository_Paragraph", "attributes": {"idTemplate": "29", "resdescid": "108236"}, "is_external": true, "used_time": 7, "resdescid": "108236", "children": [{"tag": "CONTENT", "attributes": {"adjacentNextTextUse": "nonallowed", "breakPageUse": "nonallowed", "productionPolicyUse": "editable", "z_automatic": "true", "z_deltaY": "1133", "z_leftIndent": "0", "z_localCtxUnit": "100p", "z_rightIndent": "0", "z_type": "CtxDyn"}, "is_external": false, "used_time": 1, "children": [{"tag": "EditableInProduction", "attributes": {"editable": "false", "movable": "false"}, "is_external": false, "used_time": 1, "children": []}]}]}, {"tag": "repository_TemplateSubSet", "attributes": {"idOwnerUse": "95", "idTemplate": "30", "resdescid": "55197"}, "is_external": true, "used_time": 39, "resdescid": "55197", "children": [{"tag": "CONTENT", "attributes": {}, "is_external": false, "used_time": 1, "children": []}]}]}]}, {"tag": "Footer", "attributes": {"description": "", "expanded": "true", "idTemplate": "31", "name": "Pied de page", "usage": "use"}, "is_external": false, "used_time": 1, "children": [{"tag": "repository_TemplateSubSet", "attributes": {"idTemplate": "75", "resdescid": "55201"}, "is_external": true, "used_time": 46, "resdescid": "55201", "children": [{"tag": "CONTENT", "attributes": {}, "is_external": false, "used_time": 1, "children": []}]}, {"tag": "repository_LocalContext", "attributes": {"idTemplate": "72", "resdescid": "5378"}, "is_external": true, "used_time": 61, "resdescid": "5378", "children": []}]}]}]}]}