{"tag": "repository_Template", "attributes": {"activated": "false", "date": "2022-03-28 17_02_54.416", "description": "Multi document D\u00c3\u0083\u00c2\u0083\u00c3\u0082\u00c2\u00a9claration fiscale", "domainid": "386", "id": "185016", "isPlugin": "false", "lastFunctionDate": "2022-03-28 17_04_18.352", "lastFunctionParent": "30", "lastFunctionUser": "1", "name": "decl_fiscales", "resdescid": "164217", "subtypes": "", "version": "1.2"}, "children": [{"tag": "CONTENT", "attributes": {"WZ_actionrule": "xsl/default", "WZ_viewname": "css/default", "currentZoom": "100", "defaultTextStyle": "23", "indexingType": "Document", "indexingVarList": "\"IndexList\"", "maxIdTemplate": "3", "messageFilter": "", "monoDataLoader": "true"}, "children": [{"tag": "repository_TextStyle", "attributes": {"hidden": "true", "resdescid": "4249"}, "is_external": true, "used_time": 496, "resdescid": "4249", "children": []}, {"tag": "repository_DataManager", "attributes": {"name": "decl_fiscales", "resdescid": "12974"}, "is_external": true, "used_time": 4, "resdescid": "12974", "children": []}, {"tag": "inputData", "attributes": {"current": "012855-xxxxxxx-DFIILDN-x-141202140733.xml", "filter": ""}, "is_external": false, "used_time": 1, "children": []}, {"tag": "indexData", "attributes": {"columnIndex": "0", "indexingType": "Document"}, "is_external": false, "used_time": 1, "children": [{"tag": "SimpleSubstitutionTable", "attributes": {"name": "Tableau local"}, "is_external": false, "used_time": 1, "children": [{"tag": "CONTENT", "attributes": {"nbCol": "1", "nbRow": "1"}, "is_external": false, "used_time": 1, "children": [{"tag": "Row", "attributes": {}, "is_external": false, "used_time": 1, "children": [{"tag": "CONTENT", "attributes": {"UID": "0"}, "is_external": false, "used_time": 1, "children": [{"tag": "Cell", "attributes": {}, "is_external": false, "used_time": 1, "children": [{"tag": "CONTENT", "attributes": {}, "is_external": false, "used_time": 1, "children": [{"tag": "XML_VALUE", "attributes": {"type": "expression"}, "is_external": false, "used_time": 1, "children": []}]}]}]}]}, {"tag": "Column", "attributes": {}, "is_external": false, "used_time": 1, "children": [{"tag": "CONTENT", "attributes": {"UID": "0", "category": "expression", "name": "Indexes"}, "is_external": false, "used_time": 1, "children": [{"tag": "name", "attributes": {}, "is_external": false, "used_time": 1, "children": [{"tag": "XML_VALUE", "attributes": {"type": "expression"}, "is_external": false, "used_time": 1, "children": []}]}]}]}]}]}]}, {"tag": "PageContext", "attributes": {"description": "", "expanded": "true", "idTemplate": "1", "name": "nouveau Section"}, "is_external": false, "used_time": 1, "children": [{"tag": "CONTENT", "attributes": {"bottomMargin": "0", "column": "1", "heightFooter": "0", "heightHeader": "0", "interColumn": "0", "leftMargin": "0", "orientation": "Portrait", "pageFormat": "A4", "pageHeight": "84100", "pageName": "1_1_1", "pageWidth": "59500", "rightMargin": "0", "topMargin": "0", "unit": "100p"}, "is_external": false, "used_time": 1, "children": [{"tag": "Header", "attributes": {"VBalancing": "Top", "active": "false", "bottomMargin": "0", "height": "11338", "leftMargin": "0", "rightMargin": "0", "topMargin": "0"}, "is_external": false, "used_time": 1, "children": []}, {"tag": "Footer", "attributes": {"VBalancing": "Top", "active": "false", "bottomMargin": "0", "height": "5669", "leftMargin": "0", "rightMargin": "0", "topMargin": "0"}, "is_external": false, "used_time": 1, "children": []}]}, {"tag": "Body", "attributes": {"description": "", "expanded": "true", "idTemplate": "2", "name": "Corps de page", "usage": "use"}, "is_external": false, "used_time": 1, "children": [{"tag": "CustomObject", "attributes": {"description": "", "idTemplate": "3", "name": "InitMultiDoc"}, "is_external": false, "used_time": 1, "children": [{"tag": "CONTENT", "attributes": {"CusVar_CustomComponentName": "InitMultiDoc", "CusVar_CustomLibrary": "dynamic", "lookandfeel": "windows"}, "is_external": false, "used_time": 1, "children": [{"tag": "repository_CustomLibrary", "attributes": {"resdescid": "600"}, "is_external": true, "used_time": 118, "resdescid": "600", "children": [{"tag": "Custom", "attributes": {"name": "InitMultiDoc"}, "is_external": false, "used_time": 1, "children": []}]}]}]}]}]}]}]}