{"tag": "repository_Template", "attributes": {"activated": "false", "date": "2022-04-27 15_51_32.19", "description": "M\u00c3\u0083\u00c2\u0083\u00c3\u0082\u00c2\u00a9tamod\u00c3\u0083\u00c2\u0083\u00c3\u0082\u00c2\u00a8le GRC - courriers standards", "domainid": "3076", "id": "273832", "isPlugin": "false", "lastFunctionDate": "2022-04-27 15_52_09.791", "lastFunctionParent": "30", "lastFunctionUser": "10", "name": "MAGCVD201", "resdescid": "266423", "subtypes": "", "version": "1.1"}, "children": [{"tag": "CONTENT", "attributes": {"debugMode": "0", "maxIdTemplate": "34", "messageFilter": "", "monoDataLoader": "true", "tagVersion": "E_P3_1_1_4_2q53"}, "children": [{"tag": "repository_TextStyle", "attributes": {"hidden": "true", "resdescid": "204142"}, "is_external": true, "used_time": 259, "resdescid": "204142", "children": []}, {"tag": "repository_DataManager", "attributes": {"default": "true", "name": "trans_grc_cou", "resdescid": "19208"}, "is_external": true, "used_time": 20, "resdescid": "19208", "children": []}, {"tag": "inputData", "attributes": {"current": "xxxxxx-000007Y-GCVID2N-A-120404155429_GCV_X_D2.xml", "filter": ""}, "is_external": false, "used_time": 1, "children": []}, {"tag": "repository_TemplateClass", "attributes": {"expanded": "true", "idTemplate": "2", "resdescid": "265708"}, "is_external": true, "used_time": 17, "resdescid": "265708", "children": [{"tag": "CONTENT", "attributes": {}, "is_external": false, "used_time": 1, "children": []}, {"tag": "TemplateClass_Anchor", "attributes": {"description": "", "idAnchor": "6", "idOwner": "265708", "idTemplate": "3", "name": "Placement Premier ent\u00c3\u00aate", "usage": "use"}, "is_external": false, "used_time": 1, "children": []}, {"tag": "TemplateClass_Anchor", "attributes": {"description": "", "idAnchor": "10", "idOwner": "265708", "idTemplate": "4", "name": "ALIM_FLAG_MULTIDOC", "usage": "use"}, "is_external": false, "used_time": 1, "children": []}, {"tag": "TemplateClass_Anchor", "attributes": {"description": "", "idAnchor": "11", "idOwner": "265708", "idTemplate": "5", "name": "ALIM_VARIABLES_SURCHARGE", "usage": "use"}, "is_external": false, "used_time": 1, "children": []}, {"tag": "TemplateClass_Anchor", "attributes": {"description": "", "expanded": "true", "idAnchor": "13", "idOwner": "265708", "idTemplate": "6", "name": "REFERENCES", "usage": "use"}, "is_external": false, "used_time": 1, "children": [{"tag": "MessageLoop", "attributes": {"description": "", "expanded": "true", "idTemplate": "21", "messageName": "itenteteeditique", "name": "ForAll _ itenteteeditique"}, "is_external": false, "used_time": 1, "children": [{"tag": "CONTENT", "attributes": {}, "is_external": false, "used_time": 1, "children": []}, {"tag": "repository_TemplateSubSet", "attributes": {"idTemplate": "23", "resdescid": "266406"}, "is_external": true, "used_time": 3, "resdescid": "266406", "children": [{"tag": "CONTENT", "attributes": {}, "is_external": false, "used_time": 1, "children": []}]}]}, {"tag": "repository_TemplateSubSet", "attributes": {"idTemplate": "24", "resdescid": "266405"}, "is_external": true, "used_time": 7, "resdescid": "266405", "children": [{"tag": "CONTENT", "attributes": {"z_deltaY": "0", "z_leftIndent": "0", "z_localCtxUnit": "100p", "z_rightIndent": "0", "z_type": "CtxDyn"}, "is_external": false, "used_time": 1, "children": []}]}]}, {"tag": "TemplateClass_Anchor", "attributes": {"description": "", "expanded": "true", "idAnchor": "12", "idOwner": "265708", "idTemplate": "7", "name": "ADRESSE_POSTAL", "usage": "use"}, "is_external": false, "used_time": 1, "children": [{"tag": "repository_TemplateSubSet", "attributes": {"idTemplate": "29", "resdescid": "265705"}, "is_external": true, "used_time": 11, "resdescid": "265705", "children": [{"tag": "CONTENT", "attributes": {}, "is_external": false, "used_time": 1, "children": []}]}]}, {"tag": "TemplateClass_Anchor", "attributes": {"description": "", "idAnchor": "7", "idOwner": "265708", "idTemplate": "8", "name": "Placement Ent\u00c3\u00aate", "usage": "use"}, "is_external": false, "used_time": 1, "children": []}, {"tag": "TemplateClass_Anchor", "attributes": {"description": "", "idAnchor": "19", "idOwner": "265708", "idTemplate": "9", "name": "Placement Corps de page", "usage": "use"}, "is_external": false, "used_time": 1, "children": []}, {"tag": "TemplateClass_Anchor", "attributes": {"description": "", "idAnchor": "33", "idOwner": "265708", "idTemplate": "10", "name": "RECOMMANDE", "usage": "use"}, "is_external": false, "used_time": 1, "children": []}, {"tag": "TemplateClass_Anchor", "attributes": {"description": "", "idAnchor": "14", "idOwner": "265708", "idTemplate": "11", "name": "ATTENTION", "usage": "use"}, "is_external": false, "used_time": 1, "children": []}, {"tag": "TemplateClass_Anchor", "attributes": {"description": "", "expanded": "true", "idAnchor": "18", "idOwner": "265708", "idTemplate": "12", "name": "OBJET", "usage": "use"}, "is_external": false, "used_time": 1, "children": [{"tag": "repository_Paragraph", "attributes": {"idTemplate": "28", "resdescid": "266060"}, "is_external": true, "used_time": 2, "resdescid": "266060", "children": [{"tag": "CONTENT", "attributes": {"adjacentNextTextUse": "nonallowed", "breakPageUse": "nonallowed", "orphansNumber": "0", "productionPolicyUse": "editable", "widowsNumber": "0", "z_deltaY": "1000", "z_leftIndent": "0", "z_localCtxUnit": "100p", "z_rightIndent": "0", "z_type": "CtxDyn"}, "is_external": false, "used_time": 1, "children": [{"tag": "EditableInProduction", "attributes": {"editable": "false"}, "is_external": false, "used_time": 1, "children": []}]}]}]}, {"tag": "TemplateClass_Anchor", "attributes": {"description": "", "expanded": "true", "idAnchor": "17", "idOwner": "265708", "idTemplate": "13", "name": "DATE", "usage": "use"}, "is_external": false, "used_time": 1, "children": [{"tag": "repository_TemplateSubSet", "attributes": {"idTemplate": "30", "resdescid": "266009"}, "is_external": true, "used_time": 12, "resdescid": "266009", "children": [{"tag": "CONTENT", "attributes": {}, "is_external": false, "used_time": 1, "children": []}]}]}, {"tag": "TemplateClass_Anchor", "attributes": {"description": "", "expanded": "true", "idAnchor": "21", "idOwner": "265708", "idTemplate": "14", "name": "CORPS", "usage": "use"}, "is_external": false, "used_time": 1, "children": [{"tag": "MessageLoop", "attributes": {"description": "", "idTemplate": "26", "messageName": "itinfovisite", "name": "ForAll _ itinfovisite"}, "is_external": false, "used_time": 1, "children": [{"tag": "CONTENT", "attributes": {}, "is_external": false, "used_time": 1, "children": []}]}, {"tag": "MessageLoop", "attributes": {"description": "", "idTemplate": "27", "messageName": "itcontrat", "name": "ForAll _ itcontrat"}, "is_external": false, "used_time": 1, "children": [{"tag": "CONTENT", "attributes": {}, "is_external": false, "used_time": 1, "children": []}]}, {"tag": "repository_TemplateSubSet", "attributes": {"idTemplate": "31", "resdescid": "234352"}, "is_external": true, "used_time": 17, "resdescid": "234352", "children": [{"tag": "CONTENT", "attributes": {"z_automatic": "true", "z_deltaY": "1417", "z_leftIndent": "0", "z_localCtxUnit": "100p", "z_rightIndent": "0", "z_type": "CtxDyn"}, "is_external": false, "used_time": 1, "children": []}]}, {"tag": "repository_Paragraph", "attributes": {"idTemplate": "32", "resdescid": "266412"}, "is_external": true, "used_time": 1, "resdescid": "266412", "children": [{"tag": "CONTENT", "attributes": {"adjacentNextTextUse": "nonallowed", "breakPageUse": "nonallowed", "orphansNumber": "0", "productionPolicyUse": "editable", "widowsNumber": "0", "z_automatic": "true", "z_deltaY": "1400", "z_leftIndent": "0", "z_localCtxUnit": "100p", "z_rightIndent": "0", "z_type": "CtxDyn"}, "is_external": false, "used_time": 1, "children": [{"tag": "EditableInProduction", "attributes": {"editable": "false"}, "is_external": false, "used_time": 1, "children": []}]}]}, {"tag": "repository_Paragraph", "attributes": {"idTemplate": "33", "resdescid": "266411"}, "is_external": true, "used_time": 1, "resdescid": "266411", "children": [{"tag": "CONTENT", "attributes": {"adjacentNextTextUse": "nonallowed", "breakPageUse": "nonallowed", "orphansNumber": "0", "productionPolicyUse": "editable", "widowsNumber": "0", "z_automatic": "true", "z_deltaY": "800", "z_leftIndent": "0", "z_localCtxUnit": "100p", "z_rightIndent": "0", "z_type": "CtxDyn"}, "is_external": false, "used_time": 1, "children": [{"tag": "EditableInProduction", "attributes": {"editable": "false"}, "is_external": false, "used_time": 1, "children": []}]}]}, {"tag": "LocalContext", "attributes": {"description": "", "expanded": "true", "idTemplate": "34", "name": "nouveau Zone"}, "is_external": false, "used_time": 1, "children": [{"tag": "CONTENT", "attributes": {"deltaY": "1400", "leftIndent": "0", "localCtxUnit": "100p", "rightIndent": "0", "secable": "No", "type": "CtxDyn"}, "is_external": false, "used_time": 1, "children": []}, {"tag": "repository_Paragraph", "attributes": {"idTemplate": "159", "resdescid": "266057"}, "is_external": true, "used_time": 8, "resdescid": "266057", "children": [{"tag": "CONTENT", "attributes": {"adjacentNextTextUse": "nonallowed", "breakPageUse": "nonallowed", "orphansNumber": "0", "productionPolicyUse": "editable", "widowsNumber": "0"}, "is_external": false, "used_time": 1, "children": [{"tag": "EditableInProduction", "attributes": {"editable": "false"}, "is_external": false, "used_time": 1, "children": []}]}]}, {"tag": "repository_TemplateSubSet", "attributes": {"idTemplate": "160", "resdescid": "266416"}, "is_external": true, "used_time": 7, "resdescid": "266416", "children": [{"tag": "CONTENT", "attributes": {}, "is_external": false, "used_time": 1, "children": []}]}]}]}, {"tag": "TemplateClass_Anchor", "attributes": {"description": "", "idAnchor": "20", "idOwner": "265708", "idTemplate": "15", "name": "FORMULE_POLITESSE", "usage": "use"}, "is_external": false, "used_time": 1, "children": []}, {"tag": "TemplateClass_Anchor", "attributes": {"description": "", "idAnchor": "31", "idOwner": "265708", "idTemplate": "16", "name": "RENSEIGNEMENT COMPLEMENTAIRE", "usage": "use"}, "is_external": false, "used_time": 1, "children": []}, {"tag": "TemplateClass_Anchor", "attributes": {"description": "", "idAnchor": "16", "idOwner": "265708", "idTemplate": "17", "name": "PIECES_JOINTES", "usage": "use"}, "is_external": false, "used_time": 1, "children": []}, {"tag": "TemplateClass_Anchor", "attributes": {"description": "", "idAnchor": "32", "idOwner": "265708", "idTemplate": "18", "name": "DESTINATAIRES COPIES", "usage": "use"}, "is_external": false, "used_time": 1, "children": []}, {"tag": "TemplateClass_Anchor", "attributes": {"description": "", "idAnchor": "9", "idOwner": "265708", "idTemplate": "19", "name": "Placement Pied de page", "usage": "use"}, "is_external": false, "used_time": 1, "children": []}, {"tag": "TemplateClass_Anchor", "attributes": {"description": "", "idAnchor": "10", "idOwner": "265708", "idTemplate": "22", "name": "Placement Dernier pied de page", "usage": "use"}, "is_external": false, "used_time": 1, "children": []}]}]}]}