{"tag": "repository_Template", "attributes": {"activated": "false", "date": "2024-03-13 11_55_30.756", "description": "SGAM - Metamod\u00c3\u0083\u00c2\u0083le SGAM - Avenant Retrait amiante", "domainid": "347", "id": "20884996", "isPlugin": "false", "lastFunctionDate": "2024-03-13 11_55_30.756", "lastFunctionParent": "30", "lastFunctionUser": "12", "name": "MPG16TM01 - marque2017", "resdescid": "20928", "subtypes": "", "version": "1.30"}, "children": [{"tag": "CONTENT", "attributes": {"currentZoom": "100", "debugMode": "0", "maxIdTemplate": "1313", "messageFilter": "", "monoDataLoader": "true", "tagVersion": "E_P3_1_2_2_3q11"}, "children": [{"tag": "repository_TextStyle", "attributes": {"hidden": "true", "resdescid": "4249"}, "is_external": true, "used_time": 496, "resdescid": "4249", "children": []}, {"tag": "repository_DataManager", "attributes": {"name": "prod_g16_dl1", "resdescid": "4185"}, "is_external": true, "used_time": 141, "resdescid": "4185", "children": []}, {"tag": "inputData", "attributes": {"current": "", "filter": ""}, "is_external": false, "used_time": 1, "children": []}, {"tag": "repository_TemplateClass", "attributes": {"expanded": "true", "idTemplate": "2", "resdescid": "1092488"}, "is_external": true, "used_time": 390, "resdescid": "1092488", "children": [{"tag": "CONTENT", "attributes": {}, "is_external": false, "used_time": 1, "children": []}, {"tag": "TemplateClass_Anchor", "attributes": {"description": "", "idAnchor": "16", "idOwner": "1092488", "idTemplate": "3", "name": "PreInitPageOps", "usage": "use"}, "is_external": false, "used_time": 1, "children": []}, {"tag": "TemplateClass_Anchor", "attributes": {"description": "", "expanded": "true", "idAnchor": "7", "idOwner": "1092488", "idTemplate": "4", "name": "CharteGraphiqueSpecifique", "usage": "use"}, "is_external": false, "used_time": 1, "children": [{"tag": "repository_TemplateSubSet", "attributes": {"idTemplate": "883", "resdescid": "2504873"}, "is_external": true, "used_time": 93, "resdescid": "2504873", "children": [{"tag": "CONTENT", "attributes": {}, "is_external": false, "used_time": 1, "children": []}]}, {"tag": "repository_CustomObject", "attributes": {"idTemplate": "885", "resdescid": "1403711"}, "is_external": true, "used_time": 32, "resdescid": "1403711", "children": []}, {"tag": "repository_CustomObject", "attributes": {"idTemplate": "724", "resdescid": "828249"}, "is_external": true, "used_time": 157, "resdescid": "828249", "children": []}, {"tag": "repository_CustomObject", "attributes": {"idTemplate": "1300", "resdescid": "1097084"}, "is_external": true, "used_time": 233, "resdescid": "1097084", "children": []}, {"tag": "repository_CustomObject", "attributes": {"idTemplate": "1302", "resdescid": "837347"}, "is_external": true, "used_time": 354, "resdescid": "837347", "children": []}, {"tag": "repository_CustomObject", "attributes": {"idTemplate": "1304", "resdescid": "837348"}, "is_external": true, "used_time": 354, "resdescid": "837348", "children": []}]}, {"tag": "TemplateClass_Anchor", "attributes": {"description": "", "idAnchor": "8", "idOwner": "1092488", "idTemplate": "5", "name": "Entete Suite", "usage": "use"}, "is_external": false, "used_time": 1, "children": []}, {"tag": "TemplateClass_Anchor", "attributes": {"description": "", "expanded": "true", "idAnchor": "3", "idOwner": "1092488", "idTemplate": "6", "name": "Corps de page", "usage": "use"}, "is_external": false, "used_time": 1, "children": [{"tag": "MessageLoop", "attributes": {"description": "", "idTemplate": "356", "messageName": "itcontrat", "name": "ForAll _ itcontrat"}, "is_external": false, "used_time": 1, "children": [{"tag": "CONTENT", "attributes": {"messageName": ""}, "is_external": false, "used_time": 1, "children": [{"tag": "repository_DataManager", "attributes": {"name": "prod_g16_dl1", "resdescid": "4185"}, "is_external": true, "used_time": 141, "resdescid": "4185", "children": [{"tag": "repository_DataMessageIterative", "attributes": {"name": "itcontrat", "resdescid": "4177"}, "is_external": true, "used_time": 0, "resdescid": "4177", "children": []}]}]}]}, {"tag": "MessageLoop", "attributes": {"description": "", "idTemplate": "360", "messageName": "itdecomptegeneral", "name": "ForAll _ itdecomptegeneral"}, "is_external": false, "used_time": 1, "children": [{"tag": "CONTENT", "attributes": {"messageName": ""}, "is_external": false, "used_time": 1, "children": [{"tag": "repository_DataManager", "attributes": {"name": "prod_g16_dl1", "resdescid": "4185"}, "is_external": true, "used_time": 141, "resdescid": "4185", "children": [{"tag": "repository_DataMessageIterative", "attributes": {"name": "itdecomptegeneral", "resdescid": "4077"}, "is_external": true, "used_time": 0, "resdescid": "4077", "children": []}]}]}]}, {"tag": "MessageLoop", "attributes": {"description": "", "idTemplate": "472", "messageName": "itclientadresse", "name": "ForAll _ itclientadresse"}, "is_external": false, "used_time": 1, "children": [{"tag": "CONTENT", "attributes": {"messageName": ""}, "is_external": false, "used_time": 1, "children": [{"tag": "repository_DataManager", "attributes": {"name": "prod_g16_dl1", "resdescid": "4185"}, "is_external": true, "used_time": 141, "resdescid": "4185", "children": [{"tag": "repository_DataMessageIterative", "attributes": {"name": "itclientadresse", "resdescid": "4069"}, "is_external": true, "used_time": 0, "resdescid": "4069", "children": []}]}]}]}, {"tag": "MessageLoop", "attributes": {"description": "", "idTemplate": "473", "messageName": "itcourtier", "name": "ForAll _ itcourtier"}, "is_external": false, "used_time": 1, "children": [{"tag": "CONTENT", "attributes": {"messageName": ""}, "is_external": false, "used_time": 1, "children": [{"tag": "repository_DataManager", "attributes": {"name": "prod_g16_dl1", "resdescid": "4185"}, "is_external": true, "used_time": 141, "resdescid": "4185", "children": [{"tag": "repository_DataMessageIterative", "attributes": {"name": "itcourtier", "resdescid": "4070"}, "is_external": true, "used_time": 0, "resdescid": "4070", "children": []}]}]}]}, {"tag": "MessageLoop", "attributes": {"description": "", "idTemplate": "1307", "messageName": "itcontratcotis", "name": "ForAll _ itcontratcotis"}, "is_external": false, "used_time": 1, "children": [{"tag": "CONTENT", "attributes": {"messageName": ""}, "is_external": false, "used_time": 1, "children": [{"tag": "repository_DataManager", "attributes": {"name": "prod_g16_dl1", "resdescid": "4185"}, "is_external": true, "used_time": 141, "resdescid": "4185", "children": [{"tag": "repository_DataMessageIterative", "attributes": {"name": "itcontratcotis", "resdescid": "4076"}, "is_external": true, "used_time": 0, "resdescid": "4076", "children": []}]}]}]}, {"tag": "MessageLoop", "attributes": {"description": "", "idTemplate": "955", "messageName": "itindices", "name": "ForAll _ itindices"}, "is_external": false, "used_time": 1, "children": [{"tag": "CONTENT", "attributes": {"messageName": ""}, "is_external": false, "used_time": 1, "children": [{"tag": "repository_DataManager", "attributes": {"name": "prod_g16_dl1", "resdescid": "4185"}, "is_external": true, "used_time": 141, "resdescid": "4185", "children": [{"tag": "repository_DataMessageIterative", "attributes": {"name": "itindices", "resdescid": "4140"}, "is_external": true, "used_time": 0, "resdescid": "4140", "children": []}]}]}]}, {"tag": "repository_TemplateSubSet", "attributes": {"idTemplate": "1308", "resdescid": "5414202"}, "is_external": true, "used_time": 5, "resdescid": "5414202", "children": [{"tag": "CONTENT", "attributes": {}, "is_external": false, "used_time": 1, "children": []}]}, {"tag": "If", "attributes": {"description": "", "expanded": "true", "idTemplate": "1042", "name": "CS_PG16_SiCamacte_01"}, "is_external": false, "used_time": 1, "children": [{"tag": "CONTENT", "attributes": {"default": "true", "multilangue": "false", "type": "CondIF"}, "is_external": false, "used_time": 1, "children": [{"tag": "If_VALUE", "attributes": {"condid": "0", "description": "simple condition", "name": "CondIF"}, "is_external": false, "used_time": 1, "children": [{"tag": "CONDITION_OP", "attributes": {"lineid": "0", "name": "EXPR1", "select": "false", "type": "EQUAL"}, "is_external": false, "used_time": 1, "children": [{"tag": "XML_VALUE", "attributes": {"type": "expression"}, "is_external": false, "used_time": 1, "children": []}, {"tag": "XML_VALUE", "attributes": {"type": "expression"}, "is_external": false, "used_time": 1, "children": []}]}, {"tag": "CONDITION_OP", "attributes": {"lineid": "1", "name": "EXPR2", "select": "false", "type": "EQUAL"}, "is_external": false, "used_time": 1, "children": [{"tag": "XML_VALUE", "attributes": {"type": "expression"}, "is_external": false, "used_time": 1, "children": []}, {"tag": "XML_VALUE", "attributes": {"type": "expression"}, "is_external": false, "used_time": 1, "children": []}]}, {"tag": "CONDITION_OP", "attributes": {"lineid": "2", "name": "EXPR3", "select": "true", "type": "OR_OP"}, "is_external": false, "used_time": 1, "children": [{"tag": "CONDITION_OP", "attributes": {"lineid": "0", "name": "EXPR1", "select": "false", "type": "EQUAL"}, "is_external": false, "used_time": 1, "children": [{"tag": "XML_VALUE", "attributes": {"type": "expression"}, "is_external": false, "used_time": 1, "children": []}, {"tag": "XML_VALUE", "attributes": {"type": "expression"}, "is_external": false, "used_time": 1, "children": []}]}, {"tag": "CONDITION_OP", "attributes": {"lineid": "1", "name": "EXPR2", "select": "false", "type": "EQUAL"}, "is_external": false, "used_time": 1, "children": [{"tag": "XML_VALUE", "attributes": {"type": "expression"}, "is_external": false, "used_time": 1, "children": []}, {"tag": "XML_VALUE", "attributes": {"type": "expression"}, "is_external": false, "used_time": 1, "children": []}]}]}]}, {"tag": "If_DEFAULT", "attributes": {"description": "", "name": "Sinon"}, "is_external": false, "used_time": 1, "children": []}]}, {"tag": "If_VALUE", "attributes": {"condid": "0", "description": "simple condition", "expanded": "true", "idTemplate": "1043", "name": "CondIF", "usage": "use"}, "is_external": false, "used_time": 1, "children": [{"tag": "CustomObject", "attributes": {"description": "", "idTemplate": "1270", "name": "LocaliteFormatee"}, "is_external": false, "used_time": 1, "children": [{"tag": "CONTENT", "attributes": {"CusVar_CustomComponentName": "SetVariable", "CusVar_CustomLibrary": "advanced", "TPVarMode": "set"}, "is_external": false, "used_time": 1, "children": [{"tag": "repository_CustomLibrary", "attributes": {"resdescid": "97"}, "is_external": true, "used_time": 603, "resdescid": "97", "children": [{"tag": "CustomObject", "attributes": {"name": "SetVariable"}, "is_external": false, "used_time": 1, "children": []}]}, {"tag": "XML_VALUE", "attributes": {"name": "TPVarValue", "type": "expression"}, "is_external": false, "used_time": 1, "children": [{"tag": "repository_Variable", "attributes": {"name": "itgestionnaireadr_NomDenomination", "resdescid": "991"}, "is_external": true, "used_time": 30, "resdescid": "991", "children": []}]}, {"tag": "XML_VALUE", "attributes": {"name": "TPVarName", "type": "expression"}, "is_external": false, "used_time": 1, "children": []}]}]}]}, {"tag": "If_DEFAULT", "attributes": {"condid": "default", "description": "", "expanded": "true", "idTemplate": "1045", "name": "Sinon", "usage": "use"}, "is_external": false, "used_time": 1, "children": [{"tag": "CustomObject", "attributes": {"description": "", "idTemplate": "1272", "name": "LocaliteFormatee"}, "is_external": false, "used_time": 1, "children": [{"tag": "CONTENT", "attributes": {"CusVar_CustomComponentName": "SetVariable", "CusVar_CustomLibrary": "advanced", "TPVarMode": "set"}, "is_external": false, "used_time": 1, "children": [{"tag": "repository_CustomLibrary", "attributes": {"resdescid": "97"}, "is_external": true, "used_time": 603, "resdescid": "97", "children": [{"tag": "CustomObject", "attributes": {"name": "SetVariable"}, "is_external": false, "used_time": 1, "children": []}]}, {"tag": "XML_VALUE", "attributes": {"name": "TPVarValue", "type": "expression"}, "is_external": false, "used_time": 1, "children": [{"tag": "repository_Variable", "attributes": {"name": "itcontratadrsg_NomLocalite", "resdescid": "1045"}, "is_external": true, "used_time": 43, "resdescid": "1045", "children": []}]}, {"tag": "XML_VALUE", "attributes": {"name": "TPVarName", "type": "expression"}, "is_external": false, "used_time": 1, "children": []}]}]}]}]}, {"tag": "If", "attributes": {"description": "", "expanded": "true", "idTemplate": "1052", "name": "CS_PG16_Document_NbrExemplaires1_01"}, "is_external": false, "used_time": 1, "children": [{"tag": "CONTENT", "attributes": {"default": "true", "multilangue": "false", "type": "CondIF"}, "is_external": false, "used_time": 1, "children": [{"tag": "If_VALUE", "attributes": {"condid": "0", "description": "from old version", "name": "new condition"}, "is_external": false, "used_time": 1, "children": [{"tag": "CONDITION_OP", "attributes": {"lineid": "0", "name": "expr0", "select": "true", "type": "EQUAL"}, "is_external": false, "used_time": 1, "children": [{"tag": "XML_VALUE", "attributes": {"type": "expression"}, "is_external": false, "used_time": 1, "children": [{"tag": "repository_Variable", "attributes": {"name": "Document_NbrExemplaires", "resdescid": "3934"}, "is_external": true, "used_time": 37, "resdescid": "3934", "children": []}]}, {"tag": "XML_VALUE", "attributes": {"type": "expression"}, "is_external": false, "used_time": 1, "children": []}]}]}, {"tag": "If_DEFAULT", "attributes": {"description": "from old version", "name": "new condition"}, "is_external": false, "used_time": 1, "children": []}]}, {"tag": "If_VALUE", "attributes": {"condid": "0", "description": "from old version", "expanded": "true", "idTemplate": "1053", "name": "new condition", "usage": "use"}, "is_external": false, "used_time": 1, "children": [{"tag": "CONTENT", "attributes": {"value": "\"TRUE\""}, "is_external": false, "used_time": 1, "children": []}, {"tag": "repository_CustomObject", "attributes": {"idTemplate": "1054", "resdescid": "5285761"}, "is_external": true, "used_time": 22, "resdescid": "5285761", "children": []}]}, {"tag": "If_DEFAULT", "attributes": {"condid": "0", "description": "from old version", "expanded": "true", "idTemplate": "1055", "name": "new condition", "usage": "use"}, "is_external": false, "used_time": 1, "children": [{"tag": "repository_CustomObject", "attributes": {"idTemplate": "1056", "resdescid": "5285762"}, "is_external": true, "used_time": 22, "resdescid": "5285762", "children": []}]}]}, {"tag": "repository_TemplateSubSet", "attributes": {"idTemplate": "1064", "resdescid": "1010525"}, "is_external": true, "used_time": 58, "resdescid": "1010525", "children": [{"tag": "CONTENT", "attributes": {}, "is_external": false, "used_time": 1, "children": []}]}, {"tag": "MessageLoop", "attributes": {"description": "", "expanded": "true", "idTemplate": "947", "messageName": "itannexes", "name": "ForAll _ itannexes"}, "is_external": false, "used_time": 1, "children": [{"tag": "CONTENT", "attributes": {"messageName": ""}, "is_external": false, "used_time": 1, "children": [{"tag": "repository_DataManager", "attributes": {"name": "prod_g16_dl1", "resdescid": "4185"}, "is_external": true, "used_time": 141, "resdescid": "4185", "children": [{"tag": "repository_DataMessageIterative", "attributes": {"name": "itannexes", "resdescid": "302"}, "is_external": true, "used_time": 0, "resdescid": "302", "children": []}]}]}, {"tag": "If", "attributes": {"description": "", "expanded": "true", "idTemplate": "1023", "name": "CS_PG16_TAM_01"}, "is_external": false, "used_time": 1, "children": [{"tag": "CONTENT", "attributes": {"default": "false", "multilangue": "false", "type": "CondIF"}, "is_external": false, "used_time": 1, "children": [{"tag": "If_VALUE", "attributes": {"condid": "0", "description": "simple condition", "name": "CondIF"}, "is_external": false, "used_time": 1, "children": [{"tag": "CONDITION_OP", "attributes": {"lineid": "0", "name": "EXPR1", "select": "true", "type": "EQUAL"}, "is_external": false, "used_time": 1, "children": [{"tag": "XML_VALUE", "attributes": {"type": "expression"}, "is_external": false, "used_time": 1, "children": [{"tag": "repository_Variable", "attributes": {"name": "itannexes_Formule", "resdescid": "2807"}, "is_external": true, "used_time": 11, "resdescid": "2807", "children": []}]}, {"tag": "XML_VALUE", "attributes": {"type": "expression"}, "is_external": false, "used_time": 1, "children": []}]}]}]}, {"tag": "If_VALUE", "attributes": {"condid": "0", "description": "simple condition", "expanded": "true", "idTemplate": "1024", "name": "CondIF", "usage": "use"}, "is_external": false, "used_time": 1, "children": [{"tag": "CustomObject", "attributes": {"description": "", "idTemplate": "1058", "name": "V_G16_TAM_TauxHtObjet"}, "is_external": false, "used_time": 1, "children": [{"tag": "CONTENT", "attributes": {"CusVar_CustomComponentName": "SetVariable", "CusVar_CustomLibrary": "advanced", "TPVarMode": "set"}, "is_external": false, "used_time": 1, "children": [{"tag": "repository_CustomLibrary", "attributes": {"resdescid": "97"}, "is_external": true, "used_time": 603, "resdescid": "97", "children": [{"tag": "CustomObject", "attributes": {"name": "SetVariable"}, "is_external": false, "used_time": 1, "children": []}]}, {"tag": "XML_VALUE", "attributes": {"name": "TPVarValue", "type": "expression"}, "is_external": false, "used_time": 1, "children": [{"tag": "repository_Variable", "attributes": {"name": "itannexes_TauxHtObjet", "resdescid": "2800"}, "is_external": true, "used_time": 9, "resdescid": "2800", "children": []}]}, {"tag": "XML_VALUE", "attributes": {"name": "TPVarName", "type": "expression"}, "is_external": false, "used_time": 1, "children": []}]}]}, {"tag": "CustomObject", "attributes": {"description": "", "idTemplate": "1060", "name": "V_G16_TAM_MiniObjet"}, "is_external": false, "used_time": 1, "children": [{"tag": "CONTENT", "attributes": {"CusVar_CustomComponentName": "SetVariable", "CusVar_CustomLibrary": "advanced", "TPVarMode": "set"}, "is_external": false, "used_time": 1, "children": [{"tag": "repository_CustomLibrary", "attributes": {"resdescid": "97"}, "is_external": true, "used_time": 603, "resdescid": "97", "children": [{"tag": "CustomObject", "attributes": {"name": "SetVariable"}, "is_external": false, "used_time": 1, "children": []}]}, {"tag": "XML_VALUE", "attributes": {"name": "TPVarValue", "type": "expression"}, "is_external": false, "used_time": 1, "children": [{"tag": "repository_Variable", "attributes": {"name": "itannexes_MiniObjet", "resdescid": "2804"}, "is_external": true, "used_time": 7, "resdescid": "2804", "children": []}]}, {"tag": "XML_VALUE", "attributes": {"name": "TPVarName", "type": "expression"}, "is_external": false, "used_time": 1, "children": []}]}]}, {"tag": "CustomObject", "attributes": {"description": "Variable cr\u00c3\u00a9\u00c3\u00a9e dans le subset Annexes.", "idTemplate": "1062", "name": "V_G16_TAM_TauxHtMiniObjet"}, "is_external": false, "used_time": 1, "children": [{"tag": "CONTENT", "attributes": {"CusVar_CustomComponentName": "SetVariable", "CusVar_CustomLibrary": "advanced", "TPVarMode": "set"}, "is_external": false, "used_time": 1, "children": [{"tag": "repository_CustomLibrary", "attributes": {"resdescid": "97"}, "is_external": true, "used_time": 603, "resdescid": "97", "children": [{"tag": "CustomObject", "attributes": {"name": "SetVariable"}, "is_external": false, "used_time": 1, "children": []}]}, {"tag": "XML_VALUE", "attributes": {"name": "TPVarValue", "type": "expression"}, "is_external": false, "used_time": 1, "children": [{"tag": "repository_Variable", "attributes": {"name": "itannexes_MontMiniObjet", "resdescid": "2805"}, "is_external": true, "used_time": 7, "resdescid": "2805", "children": []}]}, {"tag": "XML_VALUE", "attributes": {"name": "TPVarName", "type": "expression"}, "is_external": false, "used_time": 1, "children": []}]}]}, {"tag": "CustomObject", "attributes": {"description": "", "idTemplate": "1306", "name": "Var_no_article"}, "is_external": false, "used_time": 1, "children": [{"tag": "CONTENT", "attributes": {"CusVar_CustomComponentName": "SetVariable", "CusVar_CustomLibrary": "advanced", "TPVarMode": "set"}, "is_external": false, "used_time": 1, "children": [{"tag": "repository_CustomLibrary", "attributes": {"resdescid": "97"}, "is_external": true, "used_time": 603, "resdescid": "97", "children": [{"tag": "CustomObject", "attributes": {"name": "SetVariable"}, "is_external": false, "used_time": 1, "children": []}]}, {"tag": "XML_VALUE", "attributes": {"name": "TPVarValue", "type": "expression"}, "is_external": false, "used_time": 1, "children": []}, {"tag": "XML_VALUE", "attributes": {"name": "TPVarName", "type": "expression"}, "is_external": false, "used_time": 1, "children": []}]}]}, {"tag": "repository_TemplateSubSet", "attributes": {"idTemplate": "1030", "resdescid": "5422888"}, "is_external": true, "used_time": 1, "resdescid": "5422888", "children": [{"tag": "CONTENT", "attributes": {"z_deltaY": "8000", "z_leftIndent": "0", "z_localCtxUnit": "100p", "z_rightIndent": "0", "z_type": "CtxDyn"}, "is_external": false, "used_time": 1, "children": []}]}]}]}]}]}, {"tag": "TemplateClass_Anchor", "attributes": {"description": "", "idAnchor": "9", "idOwner": "1092488", "idTemplate": "7", "name": "Pied de page", "usage": "use"}, "is_external": false, "used_time": 1, "children": []}, {"tag": "TemplateClass_Anchor", "attributes": {"description": "", "idAnchor": "13", "idOwner": "1092488", "idTemplate": "8", "name": "Dernier Pied de Page", "usage": "use"}, "is_external": false, "used_time": 1, "children": []}, {"tag": "TemplateClass_Anchor", "attributes": {"description": "", "idAnchor": "14", "idOwner": "1092488", "idTemplate": "9", "name": "Verso Blanc", "usage": "use"}, "is_external": false, "used_time": 1, "children": []}]}, {"tag": "Wizard", "attributes": {"description": "", "expanded": "true", "idTemplate": "83", "name": "nouveau Sc\u00c3\u00a9nario"}, "is_external": false, "used_time": 1, "children": [{"tag": "CONTENT", "attributes": {}, "is_external": false, "used_time": 1, "children": []}, {"tag": "WizardForm", "attributes": {"description": "", "expanded": "true", "idTemplate": "986", "name": "nouveau Formulaire transactionnel"}, "is_external": false, "used_time": 1, "children": [{"tag": "CONTENT", "attributes": {}, "is_external": false, "used_time": 1, "children": [{"tag": "repository_WizardRenderer", "attributes": {"description": "", "domainid": "1486", "name": "Theme PRODUCTION", "resdescid": "5130"}, "is_external": true, "used_time": 71, "resdescid": "5130", "children": [{"tag": "CONTENT", "attributes": {"background": "204 255 255"}, "is_external": false, "used_time": 1, "children": [{"tag": "PROPERTIES_FONT", "attributes": {"bold": "false", "color": "0 0 0", "italic": "false", "name": "Tahoma", "size": "12"}, "is_external": false, "used_time": 1, "children": []}, {"tag": "PROPERTIES_DESCRIPTION_FONT", "attributes": {"bold": "false", "color": "0 0 0", "isManual": "false", "italic": "false", "name": "Tahoma", "size": "11"}, "is_external": false, "used_time": 1, "children": []}, {"tag": "PROPERTIES_BORDER_WIZ", "attributes": {"color": "0 0 0", "pattern": "3DLowered", "thickness": "1"}, "is_external": false, "used_time": 1, "children": []}, {"tag": "PROPERTIES_SUB_ELEMENT_INDENT_WIZ", "attributes": {"bottom": "0", "left": "0", "right": "0", "top": "0"}, "is_external": false, "used_time": 1, "children": []}, {"tag": "PROPERTIES_DESCRIPTION_SIZE", "attributes": {"isManual": "false", "width": "25000"}, "is_external": false, "used_time": 1, "children": []}, {"tag": "PROPERTIES_DESCRIPTION_COLOR", "attributes": {"background": "240 240 240", "isManual": "false"}, "is_external": false, "used_time": 1, "children": []}]}]}]}, {"tag": "WizardGroup", "attributes": {"description": "", "expanded": "true", "idTemplate": "987", "name": "nouveau Groupe de formulaire"}, "is_external": false, "used_time": 1, "children": [{"tag": "CONTENT", "attributes": {"layout": "Border"}, "is_external": false, "used_time": 1, "children": [{"tag": "WizardGroupArea", "attributes": {}, "is_external": false, "used_time": 1, "children": [{"tag": "CONTENT", "attributes": {"fillMode": "Vertical", "location": "North"}, "is_external": false, "used_time": 1, "children": []}]}, {"tag": "WizardGroupArea", "attributes": {}, "is_external": false, "used_time": 1, "children": [{"tag": "CONTENT", "attributes": {"fillMode": "Vertical", "location": "West"}, "is_external": false, "used_time": 1, "children": []}]}, {"tag": "WizardGroupArea", "attributes": {}, "is_external": false, "used_time": 1, "children": [{"tag": "CONTENT", "attributes": {"fillMode": "Vertical", "location": "Center"}, "is_external": false, "used_time": 1, "children": []}]}, {"tag": "WizardGroupArea", "attributes": {}, "is_external": false, "used_time": 1, "children": [{"tag": "CONTENT", "attributes": {"fillMode": "Vertical", "location": "East"}, "is_external": false, "used_time": 1, "children": []}]}, {"tag": "WizardGroupArea", "attributes": {}, "is_external": false, "used_time": 1, "children": [{"tag": "CONTENT", "attributes": {"fillMode": "Vertical", "location": "South"}, "is_external": false, "used_time": 1, "children": []}]}]}, {"tag": "WizardGroupArea", "attributes": {"alignmentH": "Stretch", "alignmentV": "Top", "condid": "0", "description": "", "fillMode": "Vertical", "idTemplate": "1252", "location": "North", "name": "Nord", "usage": "use"}, "is_external": false, "used_time": 1, "children": []}, {"tag": "WizardGroupArea", "attributes": {"alignmentH": "Stretch", "alignmentV": "Top", "condid": "0", "description": "", "fillMode": "Vertical", "idTemplate": "1253", "location": "West", "name": "Ouest", "usage": "use"}, "is_external": false, "used_time": 1, "children": []}, {"tag": "WizardGroupArea", "attributes": {"alignmentH": "Center", "alignmentV": "Top", "condid": "0", "description": "", "expanded": "true", "fillMode": "Vertical", "idTemplate": "988", "location": "Center", "name": "Centre", "usage": "use"}, "is_external": false, "used_time": 1, "children": [{"tag": "CONTENT", "attributes": {}, "is_external": false, "used_time": 1, "children": []}, {"tag": "WizardFormLabel", "attributes": {"description": "", "idTemplate": "989", "name": "Libelle de lavenant sur les assistants "}, "is_external": false, "used_time": 1, "children": [{"tag": "CONTENT", "attributes": {"currentZoom": "100", "height": "50", "spellingLang": "FR", "width": "500"}, "is_external": false, "used_time": 1, "children": [{"tag": "LocalVars", "attributes": {}, "is_external": false, "used_time": 1, "children": []}, {"tag": "STYLE-AUTOMATIC", "attributes": {}, "is_external": false, "used_time": 1, "children": []}, {"tag": "TEXT", "attributes": {}, "is_external": false, "used_time": 1, "children": [{"tag": "repository_TextStyle", "attributes": {"resdescid": "4943"}, "is_external": true, "used_time": 37, "resdescid": "4943", "children": [{"tag": "TextStyle", "attributes": {}, "is_external": false, "used_time": 1, "children": [{"tag": "CONTENT", "attributes": {"category": "character"}, "is_external": false, "used_time": 1, "children": [{"tag": "PROPERTIES_FONT", "attributes": {}, "is_external": false, "used_time": 1, "children": []}]}]}]}, {"tag": "repository_TextStyle", "attributes": {"resdescid": "4943"}, "is_external": true, "used_time": 37, "resdescid": "4943", "children": [{"tag": "TextStyle", "attributes": {}, "is_external": false, "used_time": 1, "children": [{"tag": "CONTENT", "attributes": {"category": "character"}, "is_external": false, "used_time": 1, "children": [{"tag": "PROPERTIES_FONT", "attributes": {}, "is_external": false, "used_time": 1, "children": []}]}]}]}, {"tag": "repository_TextStyle", "attributes": {"resdescid": "4943"}, "is_external": true, "used_time": 37, "resdescid": "4943", "children": []}]}]}]}, {"tag": "WizardFormLabel", "attributes": {"description": "", "idTemplate": "990", "name": "Label_G16_FormCertif"}, "is_external": false, "used_time": 1, "children": [{"tag": "CONTENT", "attributes": {"currentZoom": "100", "height": "20", "spellingLang": "FR", "width": "500"}, "is_external": false, "used_time": 1, "children": [{"tag": "LocalVars", "attributes": {}, "is_external": false, "used_time": 1, "children": []}, {"tag": "STYLE-AUTOMATIC", "attributes": {}, "is_external": false, "used_time": 1, "children": []}, {"tag": "TEXT", "attributes": {}, "is_external": false, "used_time": 1, "children": [{"tag": "repository_TextStyle", "attributes": {"resdescid": "4249"}, "is_external": true, "used_time": 496, "resdescid": "4249", "children": []}]}]}]}, {"tag": "repository_CustomFunc", "attributes": {"expanded": "true", "idTemplate": "991", "resdescid": "5418492"}, "is_external": true, "used_time": 1, "resdescid": "5418492", "children": [{"tag": "Row", "attributes": {"UID": "1", "condid": "0", "description": "", "idTemplate": "992", "name": "1552", "usage": "use"}, "is_external": false, "used_time": 1, "children": [{"tag": "CONTENT", "attributes": {}, "is_external": false, "used_time": 1, "children": []}]}, {"tag": "Row", "attributes": {"UID": "2", "condid": "0", "description": "", "idTemplate": "993", "name": "NF X 46 - 010", "usage": "use"}, "is_external": false, "used_time": 1, "children": [{"tag": "CONTENT", "attributes": {}, "is_external": false, "used_time": 1, "children": []}]}]}, {"tag": "WizardFormLabel", "attributes": {"description": "", "idTemplate": "994", "name": "Label_G16_OrgQualif"}, "is_external": false, "used_time": 1, "children": [{"tag": "CONTENT", "attributes": {"currentZoom": "100", "height": "20", "spellingLang": "FR", "width": "500"}, "is_external": false, "used_time": 1, "children": [{"tag": "LocalVars", "attributes": {}, "is_external": false, "used_time": 1, "children": []}, {"tag": "STYLE-AUTOMATIC", "attributes": {}, "is_external": false, "used_time": 1, "children": []}, {"tag": "TEXT", "attributes": {}, "is_external": false, "used_time": 1, "children": [{"tag": "repository_TextStyle", "attributes": {"resdescid": "4249"}, "is_external": true, "used_time": 496, "resdescid": "4249", "children": []}]}]}]}, {"tag": "repository_CustomFunc", "attributes": {"expanded": "true", "idTemplate": "995", "resdescid": "5418502"}, "is_external": true, "used_time": 1, "resdescid": "5418502", "children": [{"tag": "Row", "attributes": {"UID": "1", "condid": "0", "description": "", "idTemplate": "996", "name": "Qualibat", "usage": "use"}, "is_external": false, "used_time": 1, "children": [{"tag": "CONTENT", "attributes": {}, "is_external": false, "used_time": 1, "children": []}]}, {"tag": "Row", "attributes": {"UID": "2", "condid": "0", "description": "", "idTemplate": "997", "name": "AFNOR", "usage": "use"}, "is_external": false, "used_time": 1, "children": [{"tag": "CONTENT", "attributes": {}, "is_external": false, "used_time": 1, "children": []}]}, {"tag": "Row", "attributes": {"UID": "5", "condid": "0", "description": "", "idTemplate": "998", "name": "Global Certification", "usage": "deleted"}, "is_external": false, "used_time": 1, "children": [{"tag": "CONTENT", "attributes": {}, "is_external": false, "used_time": 1, "children": []}]}]}, {"tag": "WizardFormLabel", "attributes": {"description": "", "idTemplate": "999", "name": "Label_G16_SecteurActivites"}, "is_external": false, "used_time": 1, "children": [{"tag": "CONTENT", "attributes": {"currentZoom": "100", "height": "20", "spellingLang": "FR", "width": "500"}, "is_external": false, "used_time": 1, "children": [{"tag": "LocalVars", "attributes": {}, "is_external": false, "used_time": 1, "children": []}, {"tag": "STYLE-AUTOMATIC", "attributes": {}, "is_external": false, "used_time": 1, "children": []}, {"tag": "TEXT", "attributes": {}, "is_external": false, "used_time": 1, "children": [{"tag": "repository_TextStyle", "attributes": {"resdescid": "4249"}, "is_external": true, "used_time": 496, "resdescid": "4249", "children": []}]}]}]}, {"tag": "WizardGroup", "attributes": {"description": "", "expanded": "true", "idTemplate": "1187", "name": "nouveau Groupe de formulaire"}, "is_external": false, "used_time": 1, "children": [{"tag": "CONTENT", "attributes": {"layout": "Border"}, "is_external": false, "used_time": 1, "children": [{"tag": "WizardGroupArea", "attributes": {}, "is_external": false, "used_time": 1, "children": [{"tag": "CONTENT", "attributes": {"fillMode": "Vertical", "location": "North"}, "is_external": false, "used_time": 1, "children": []}]}, {"tag": "WizardGroupArea", "attributes": {}, "is_external": false, "used_time": 1, "children": [{"tag": "CONTENT", "attributes": {"fillMode": "Vertical", "location": "West"}, "is_external": false, "used_time": 1, "children": []}]}, {"tag": "WizardGroupArea", "attributes": {}, "is_external": false, "used_time": 1, "children": [{"tag": "CONTENT", "attributes": {"fillMode": "Vertical", "location": "Center"}, "is_external": false, "used_time": 1, "children": []}]}, {"tag": "WizardGroupArea", "attributes": {}, "is_external": false, "used_time": 1, "children": [{"tag": "CONTENT", "attributes": {"fillMode": "Vertical", "location": "East"}, "is_external": false, "used_time": 1, "children": []}]}, {"tag": "WizardGroupArea", "attributes": {}, "is_external": false, "used_time": 1, "children": [{"tag": "CONTENT", "attributes": {"fillMode": "Vertical", "location": "South"}, "is_external": false, "used_time": 1, "children": []}]}]}, {"tag": "WizardGroupArea", "attributes": {"alignmentH": "Stretch", "alignmentV": "Top", "condid": "0", "description": "", "fillMode": "Vertical", "idTemplate": "1191", "location": "North", "name": "Nord", "usage": "use"}, "is_external": false, "used_time": 1, "children": []}, {"tag": "WizardGroupArea", "attributes": {"alignmentH": "Left", "alignmentV": "Top", "condid": "0", "description": "", "expanded": "true", "fillMode": "Vertical", "idTemplate": "1189", "location": "West", "name": "Ouest", "usage": "use"}, "is_external": false, "used_time": 1, "children": [{"tag": "CONTENT", "attributes": {}, "is_external": false, "used_time": 1, "children": []}, {"tag": "WizardFormLabel", "attributes": {"description": "", "idTemplate": "1310", "name": "Ouvrages ext\u00c3\u00a9rieurs de B\u00c3\u00a2timent"}, "is_external": false, "used_time": 1, "children": [{"tag": "CONTENT", "attributes": {"breakPage": "nonallowed_always", "currentZoom": "100", "orphansNumber": "0", "spellingLang": "FR", "tagVersion": "E_P3_1_2_2_3q11", "widowsNumber": "0", "woLock": "true"}, "is_external": false, "used_time": 1, "children": [{"tag": "LocalVars", "attributes": {}, "is_external": false, "used_time": 1, "children": []}, {"tag": "STYLE-AUTOMATIC", "attributes": {}, "is_external": false, "used_time": 1, "children": []}, {"tag": "TEXT", "attributes": {}, "is_external": false, "used_time": 1, "children": [{"tag": "repository_TextStyle", "attributes": {"resdescid": "2435463"}, "is_external": true, "used_time": 139, "resdescid": "2435463", "children": []}]}]}]}, {"tag": "repository_CustomFunc", "attributes": {"expanded": "true", "idTemplate": "1311", "resdescid": "5418575"}, "is_external": true, "used_time": 1, "resdescid": "5418575", "children": [{"tag": "Row", "attributes": {"UID": "1", "description": "", "idTemplate": "1312", "name": "Oui", "usage": "use"}, "is_external": false, "used_time": 1, "children": [{"tag": "CONTENT", "attributes": {}, "is_external": false, "used_time": 1, "children": []}]}, {"tag": "Row", "attributes": {"UID": "3", "description": "", "idTemplate": "1313", "name": "Non", "usage": "use"}, "is_external": false, "used_time": 1, "children": [{"tag": "CONTENT", "attributes": {}, "is_external": false, "used_time": 1, "children": []}]}]}, {"tag": "WizardFormLabel", "attributes": {"description": "", "idTemplate": "1114", "name": "Ouvrages int\u00c3\u00a9rieurs de B\u00c3\u00a2timents"}, "is_external": false, "used_time": 1, "children": [{"tag": "CONTENT", "attributes": {"currentZoom": "100", "spellingLang": "FR"}, "is_external": false, "used_time": 1, "children": [{"tag": "LocalVars", "attributes": {}, "is_external": false, "used_time": 1, "children": []}, {"tag": "STYLE-AUTOMATIC", "attributes": {}, "is_external": false, "used_time": 1, "children": []}, {"tag": "TEXT", "attributes": {}, "is_external": false, "used_time": 1, "children": [{"tag": "repository_TextStyle", "attributes": {"resdescid": "4249"}, "is_external": true, "used_time": 496, "resdescid": "4249", "children": [{"tag": "TextStyle", "attributes": {}, "is_external": false, "used_time": 1, "children": [{"tag": "CONTENT", "attributes": {"category": "paragraph"}, "is_external": false, "used_time": 1, "children": [{"tag": "PROPERTIES_PARAGRAPH", "attributes": {"alignment": "Left"}, "is_external": false, "used_time": 1, "children": []}]}]}]}]}]}]}, {"tag": "repository_CustomFunc", "attributes": {"expanded": "true", "idTemplate": "1118", "resdescid": "5418570"}, "is_external": true, "used_time": 1, "resdescid": "5418570", "children": [{"tag": "CONTENT", "attributes": {}, "is_external": false, "used_time": 1, "children": []}, {"tag": "Row", "attributes": {"UID": "1", "condid": "0", "description": "", "idTemplate": "1119", "name": "Oui", "usage": "use"}, "is_external": false, "used_time": 1, "children": [{"tag": "CONTENT", "attributes": {}, "is_external": false, "used_time": 1, "children": []}]}, {"tag": "Row", "attributes": {"UID": "3", "condid": "0", "description": "", "idTemplate": "1262", "name": "Non", "usage": "use"}, "is_external": false, "used_time": 1, "children": [{"tag": "CONTENT", "attributes": {}, "is_external": false, "used_time": 1, "children": []}]}, {"tag": "Row", "attributes": {"UID": "2", "condid": "0", "description": "", "idTemplate": "1120", "name": "Non", "usage": "deleted"}, "is_external": false, "used_time": 1, "children": [{"tag": "CONTENT", "attributes": {}, "is_external": false, "used_time": 1, "children": []}]}]}, {"tag": "WizardFormLabel", "attributes": {"description": "", "idTemplate": "1130", "name": "G\u00c3\u00a9nie civil et terrains amiantif\u00c3\u00a8res"}, "is_external": false, "used_time": 1, "children": [{"tag": "CONTENT", "attributes": {"currentZoom": "100", "spellingLang": "FR"}, "is_external": false, "used_time": 1, "children": [{"tag": "LocalVars", "attributes": {}, "is_external": false, "used_time": 1, "children": []}, {"tag": "STYLE-AUTOMATIC", "attributes": {}, "is_external": false, "used_time": 1, "children": []}, {"tag": "TEXT", "attributes": {}, "is_external": false, "used_time": 1, "children": [{"tag": "repository_TextStyle", "attributes": {"resdescid": "4249"}, "is_external": true, "used_time": 496, "resdescid": "4249", "children": [{"tag": "TextStyle", "attributes": {}, "is_external": false, "used_time": 1, "children": [{"tag": "CONTENT", "attributes": {"category": "paragraph"}, "is_external": false, "used_time": 1, "children": [{"tag": "PROPERTIES_PARAGRAPH", "attributes": {"alignment": "Left"}, "is_external": false, "used_time": 1, "children": []}]}]}]}]}]}]}, {"tag": "repository_CustomFunc", "attributes": {"expanded": "true", "idTemplate": "1134", "resdescid": "5418571"}, "is_external": true, "used_time": 1, "resdescid": "5418571", "children": [{"tag": "CONTENT", "attributes": {}, "is_external": false, "used_time": 1, "children": []}, {"tag": "Row", "attributes": {"UID": "1", "condid": "0", "description": "", "idTemplate": "1135", "name": "Oui", "usage": "use"}, "is_external": false, "used_time": 1, "children": [{"tag": "CONTENT", "attributes": {}, "is_external": false, "used_time": 1, "children": []}]}, {"tag": "Row", "attributes": {"UID": "3", "condid": "0", "description": "", "idTemplate": "1263", "name": "Non", "usage": "use"}, "is_external": false, "used_time": 1, "children": [{"tag": "CONTENT", "attributes": {}, "is_external": false, "used_time": 1, "children": []}]}, {"tag": "Row", "attributes": {"UID": "2", "condid": "0", "description": "", "idTemplate": "1136", "name": "Non", "usage": "deleted"}, "is_external": false, "used_time": 1, "children": [{"tag": "CONTENT", "attributes": {}, "is_external": false, "used_time": 1, "children": []}]}]}, {"tag": "WizardFormLabel", "attributes": {"description": "", "idTemplate": "1144", "name": "Installations fixes de traitement de lamiante"}, "is_external": false, "used_time": 1, "children": [{"tag": "CONTENT", "attributes": {"currentZoom": "100", "spellingLang": "FR"}, "is_external": false, "used_time": 1, "children": [{"tag": "LocalVars", "attributes": {}, "is_external": false, "used_time": 1, "children": []}, {"tag": "STYLE-AUTOMATIC", "attributes": {}, "is_external": false, "used_time": 1, "children": []}, {"tag": "TEXT", "attributes": {}, "is_external": false, "used_time": 1, "children": [{"tag": "repository_TextStyle", "attributes": {"resdescid": "4249"}, "is_external": true, "used_time": 496, "resdescid": "4249", "children": [{"tag": "TextStyle", "attributes": {}, "is_external": false, "used_time": 1, "children": [{"tag": "CONTENT", "attributes": {"category": "paragraph"}, "is_external": false, "used_time": 1, "children": [{"tag": "PROPERTIES_PARAGRAPH", "attributes": {"alignment": "Left"}, "is_external": false, "used_time": 1, "children": []}]}]}]}]}]}]}, {"tag": "repository_CustomFunc", "attributes": {"expanded": "true", "idTemplate": "1163", "resdescid": "5418572"}, "is_external": true, "used_time": 1, "resdescid": "5418572", "children": [{"tag": "Row", "attributes": {"UID": "1", "condid": "0", "description": "", "idTemplate": "1164", "name": "Oui", "usage": "use"}, "is_external": false, "used_time": 1, "children": [{"tag": "CONTENT", "attributes": {}, "is_external": false, "used_time": 1, "children": []}]}, {"tag": "Row", "attributes": {"UID": "3", "condid": "0", "description": "", "idTemplate": "1264", "name": "Non", "usage": "use"}, "is_external": false, "used_time": 1, "children": [{"tag": "CONTENT", "attributes": {}, "is_external": false, "used_time": 1, "children": []}]}, {"tag": "Row", "attributes": {"UID": "2", "condid": "0", "description": "", "idTemplate": "1165", "name": "Non", "usage": "deleted"}, "is_external": false, "used_time": 1, "children": [{"tag": "CONTENT", "attributes": {}, "is_external": false, "used_time": 1, "children": []}]}]}, {"tag": "WizardFormLabel", "attributes": {"description": "", "idTemplate": "1159", "name": "Installations industrielles"}, "is_external": false, "used_time": 1, "children": [{"tag": "CONTENT", "attributes": {"currentZoom": "100", "spellingLang": "FR"}, "is_external": false, "used_time": 1, "children": [{"tag": "LocalVars", "attributes": {}, "is_external": false, "used_time": 1, "children": []}, {"tag": "STYLE-AUTOMATIC", "attributes": {}, "is_external": false, "used_time": 1, "children": []}, {"tag": "TEXT", "attributes": {}, "is_external": false, "used_time": 1, "children": [{"tag": "repository_TextStyle", "attributes": {"resdescid": "4249"}, "is_external": true, "used_time": 496, "resdescid": "4249", "children": []}]}]}]}, {"tag": "repository_CustomFunc", "attributes": {"expanded": "true", "idTemplate": "1166", "resdescid": "5418573"}, "is_external": true, "used_time": 1, "resdescid": "5418573", "children": [{"tag": "Row", "attributes": {"UID": "1", "condid": "0", "description": "", "idTemplate": "1167", "name": "Oui", "usage": "use"}, "is_external": false, "used_time": 1, "children": [{"tag": "CONTENT", "attributes": {}, "is_external": false, "used_time": 1, "children": []}]}, {"tag": "Row", "attributes": {"UID": "3", "condid": "0", "description": "", "idTemplate": "1265", "name": "Non", "usage": "use"}, "is_external": false, "used_time": 1, "children": [{"tag": "CONTENT", "attributes": {}, "is_external": false, "used_time": 1, "children": []}]}, {"tag": "Row", "attributes": {"UID": "2", "condid": "0", "description": "", "idTemplate": "1168", "name": "Non", "usage": "deleted"}, "is_external": false, "used_time": 1, "children": [{"tag": "CONTENT", "attributes": {}, "is_external": false, "used_time": 1, "children": []}]}]}, {"tag": "WizardFormLabel", "attributes": {"description": "", "idTemplate": "1176", "name": "Mat\u00c3\u00a9riels et \u00c3\u00a9quipements de transport"}, "is_external": false, "used_time": 1, "children": [{"tag": "CONTENT", "attributes": {"currentZoom": "100", "spellingLang": "FR"}, "is_external": false, "used_time": 1, "children": [{"tag": "LocalVars", "attributes": {}, "is_external": false, "used_time": 1, "children": []}, {"tag": "STYLE-AUTOMATIC", "attributes": {}, "is_external": false, "used_time": 1, "children": []}, {"tag": "TEXT", "attributes": {}, "is_external": false, "used_time": 1, "children": [{"tag": "repository_TextStyle", "attributes": {"resdescid": "4249"}, "is_external": true, "used_time": 496, "resdescid": "4249", "children": []}]}]}]}, {"tag": "repository_CustomFunc", "attributes": {"expanded": "true", "idTemplate": "1182", "resdescid": "5418574"}, "is_external": true, "used_time": 1, "resdescid": "5418574", "children": [{"tag": "Row", "attributes": {"UID": "1", "condid": "0", "description": "", "idTemplate": "1183", "name": "Oui", "usage": "use"}, "is_external": false, "used_time": 1, "children": [{"tag": "CONTENT", "attributes": {}, "is_external": false, "used_time": 1, "children": []}]}, {"tag": "Row", "attributes": {"UID": "3", "condid": "0", "description": "", "idTemplate": "1266", "name": "Non", "usage": "use"}, "is_external": false, "used_time": 1, "children": [{"tag": "CONTENT", "attributes": {}, "is_external": false, "used_time": 1, "children": []}]}, {"tag": "Row", "attributes": {"UID": "2", "condid": "0", "description": "", "idTemplate": "1184", "name": "Non", "usage": "deleted"}, "is_external": false, "used_time": 1, "children": [{"tag": "CONTENT", "attributes": {}, "is_external": false, "used_time": 1, "children": []}]}]}]}, {"tag": "WizardGroupArea", "attributes": {"alignmentH": "Center", "alignmentV": "Top", "condid": "0", "description": "", "fillMode": "Vertical", "idTemplate": "1188", "location": "Center", "name": "Centre", "usage": "use"}, "is_external": false, "used_time": 1, "children": [{"tag": "CONTENT", "attributes": {}, "is_external": false, "used_time": 1, "children": []}]}, {"tag": "WizardGroupArea", "attributes": {"alignmentH": "Right", "alignmentV": "Top", "condid": "0", "description": "", "fillMode": "Vertical", "idTemplate": "1190", "location": "East", "name": "Est", "usage": "use"}, "is_external": false, "used_time": 1, "children": [{"tag": "CONTENT", "attributes": {}, "is_external": false, "used_time": 1, "children": []}]}, {"tag": "WizardGroupArea", "attributes": {"alignmentH": "Stretch", "alignmentV": "Top", "condid": "0", "description": "", "expanded": "true", "fillMode": "Vertical", "idTemplate": "1192", "location": "South", "name": "Sud", "usage": "use"}, "is_external": false, "used_time": 1, "children": [{"tag": "CONTENT", "attributes": {}, "is_external": false, "used_time": 1, "children": []}, {"tag": "WizardAction", "attributes": {"description": "", "idTemplate": "1309", "name": "PREVIEW"}, "is_external": false, "used_time": 1, "children": [{"tag": "CONTENT", "attributes": {"ask": "false", "buttonType": "standard", "defaultFocus": "false", "key": "PREVIEW", "tagVersion": "E_P3_1_2_2_3q11"}, "is_external": false, "used_time": 1, "children": [{"tag": "label", "attributes": {}, "is_external": false, "used_time": 1, "children": [{"tag": "XML_VALUE", "attributes": {"type": "expression"}, "is_external": false, "used_time": 1, "children": []}]}]}]}]}]}]}, {"tag": "WizardGroupArea", "attributes": {"alignmentH": "Stretch", "alignmentV": "Top", "condid": "0", "description": "", "fillMode": "Vertical", "idTemplate": "1254", "location": "East", "name": "Est", "usage": "use"}, "is_external": false, "used_time": 1, "children": [{"tag": "CONTENT", "attributes": {}, "is_external": false, "used_time": 1, "children": []}]}, {"tag": "WizardGroupArea", "attributes": {"alignmentH": "Stretch", "alignmentV": "Top", "condid": "0", "description": "", "fillMode": "Vertical", "idTemplate": "1255", "location": "South", "name": "Sud", "usage": "use"}, "is_external": false, "used_time": 1, "children": [{"tag": "CONTENT", "attributes": {}, "is_external": false, "used_time": 1, "children": []}]}]}]}]}]}]}