{"tag": "repository_Template", "attributes": {"activated": "false", "date": "2022-05-18 15_56_14.264", "description": "Relev\u00c3\u0083\u00c2\u0083\u00c3\u0082\u00c2\u00a9 de compte unitaire pour gestion de compte", "domainid": "1904", "id": "492325", "isPlugin": "false", "lastFunctionDate": "2022-05-18 15_56_14.264", "lastFunctionParent": "30", "lastFunctionUser": "1", "name": "1RGDCRU01-MARQUE-02", "resdescid": "472380", "subtypes": "63", "version": "1.5"}, "children": [{"tag": "CONTENT", "attributes": {"WZ_actionrule": "xsl/default", "WZ_viewname": "css/default", "currentZoom": "100", "debugMode": "0", "defaultTextStyle": "23", "indexingType": "Document", "indexingVarList": "\"IndexList\"", "maxIdTemplate": "147", "messageFilter": "", "monoDataLoader": "true", "tagVersion": "E_P3_1_2_1_6q22"}, "children": [{"tag": "repository_TextStyle", "attributes": {"hidden": "true", "resdescid": "4271"}, "is_external": true, "used_time": 185, "resdescid": "4271", "children": []}, {"tag": "repository_DataManager", "attributes": {"default": "true", "name": "gestion_compte", "resdescid": "425679"}, "is_external": true, "used_time": 6, "resdescid": "425679", "children": []}, {"tag": "inputData", "attributes": {"current": "263258-085080M-GDCIRUN-x-151020183532-1-GDC-RU.xml", "filter": ""}, "is_external": false, "used_time": 1, "children": []}, {"tag": "indexData", "attributes": {"columnIndex": "0", "columnNamed": "-1", "indexingType": "Document"}, "is_external": false, "used_time": 1, "children": [{"tag": "SimpleSubstitutionTable", "attributes": {"name": "Tableau local"}, "is_external": false, "used_time": 1, "children": [{"tag": "CONTENT", "attributes": {"nbCol": "1", "nbRow": "1"}, "is_external": false, "used_time": 1, "children": [{"tag": "Row", "attributes": {}, "is_external": false, "used_time": 1, "children": [{"tag": "CONTENT", "attributes": {"UID": "0"}, "is_external": false, "used_time": 1, "children": [{"tag": "Cell", "attributes": {}, "is_external": false, "used_time": 1, "children": [{"tag": "CONTENT", "attributes": {}, "is_external": false, "used_time": 1, "children": [{"tag": "XML_VALUE", "attributes": {"type": "expression"}, "is_external": false, "used_time": 1, "children": []}]}]}]}]}, {"tag": "Column", "attributes": {}, "is_external": false, "used_time": 1, "children": [{"tag": "CONTENT", "attributes": {"UID": "0", "category": "expression", "name": "Indexes"}, "is_external": false, "used_time": 1, "children": [{"tag": "name", "attributes": {}, "is_external": false, "used_time": 1, "children": [{"tag": "XML_VALUE", "attributes": {"type": "expression"}, "is_external": false, "used_time": 1, "children": []}]}]}]}]}]}]}, {"tag": "repository_PageContext", "attributes": {"expanded": "true", "idTemplate": "84", "resdescid": "55199"}, "is_external": true, "used_time": 61, "resdescid": "55199", "children": [{"tag": "CONTENT", "attributes": {"pageName": "1_1_1"}, "is_external": false, "used_time": 1, "children": []}, {"tag": "FirstHeader", "attributes": {"description": "", "expanded": "true", "idTemplate": "85", "name": "Premier en-t\u00c3\u00aate", "usage": "use"}, "is_external": false, "used_time": 1, "children": [{"tag": "repository_CustomObject", "attributes": {"idTemplate": "88", "resdescid": "55198"}, "is_external": true, "used_time": 177, "resdescid": "55198", "children": []}, {"tag": "CustomObject", "attributes": {"description": "", "idTemplate": "94", "name": "InitPageOps"}, "is_external": false, "used_time": 1, "children": [{"tag": "CONTENT", "attributes": {"CusVar_CustomComponentName": "InitPageOps", "CusVar_CustomLibrary": "smacustoms", "numero_page": "DocVar_NumCurrentPage"}, "is_external": false, "used_time": 1, "children": [{"tag": "repository_CustomLibrary", "attributes": {"resdescid": "679"}, "is_external": true, "used_time": 365, "resdescid": "679", "children": [{"tag": "CustomObject", "attributes": {"name": "InitPageOps"}, "is_external": false, "used_time": 1, "children": []}]}]}]}, {"tag": "MessageLoop", "attributes": {"description": "", "idTemplate": "115", "messageName": "itcontrat", "name": "ForAll _ itcontrat"}, "is_external": false, "used_time": 1, "children": [{"tag": "CONTENT", "attributes": {}, "is_external": false, "used_time": 1, "children": []}]}, {"tag": "MessageLoop", "attributes": {"description": "", "expanded": "true", "idTemplate": "14", "messageName": "itenteteeditique", "name": "ForAll _ itenteteeditique"}, "is_external": false, "used_time": 1, "children": [{"tag": "CONTENT", "attributes": {}, "is_external": false, "used_time": 1, "children": []}, {"tag": "MessageLoop", "attributes": {"description": "", "idTemplate": "15", "messageName": "itdocuments", "name": "ForAll _ itdocuments"}, "is_external": false, "used_time": 1, "children": [{"tag": "CONTENT", "attributes": {}, "is_external": false, "used_time": 1, "children": []}]}]}, {"tag": "repository_TemplateSubSet", "attributes": {"idTemplate": "126", "resdescid": "55201"}, "is_external": true, "used_time": 46, "resdescid": "55201", "children": [{"tag": "CONTENT", "attributes": {}, "is_external": false, "used_time": 1, "children": []}]}, {"tag": "repository_TemplateSubSet", "attributes": {"idTemplate": "116", "resdescid": "356462"}, "is_external": true, "used_time": 18, "resdescid": "356462", "children": [{"tag": "CONTENT", "attributes": {}, "is_external": false, "used_time": 1, "children": []}]}, {"tag": "CustomObject", "attributes": {"description": "", "idTemplate": "117", "name": "InitIndex"}, "is_external": false, "used_time": 1, "children": [{"tag": "CONTENT", "attributes": {"CusVar_CustomComponentName": "InitIndex", "CusVar_CustomLibrary": "smacustoms"}, "is_external": false, "used_time": 1, "children": [{"tag": "repository_CustomLibrary", "attributes": {"resdescid": "679"}, "is_external": true, "used_time": 365, "resdescid": "679", "children": [{"tag": "CustomObject", "attributes": {"name": "InitIndex"}, "is_external": false, "used_time": 1, "children": []}]}]}]}, {"tag": "repository_LocalContext", "attributes": {"idTemplate": "98", "resdescid": "5389"}, "is_external": true, "used_time": 61, "resdescid": "5389", "children": []}, {"tag": "repository_TemplateSubSet", "attributes": {"idTemplate": "100", "resdescid": "5383"}, "is_external": true, "used_time": 79, "resdescid": "5383", "children": [{"tag": "CONTENT", "attributes": {"currentZoom": "50", "maxIdTemplate": "24", "messageFilter": "", "monoDataLoader": "true", "z_deltaY": "0", "z_leftIndent": "0", "z_localCtxUnit": "100p", "z_rightIndent": "0", "z_type": "CtxDynTop"}, "is_external": false, "used_time": 1, "children": []}]}, {"tag": "CustomObject", "attributes": {"description": "", "idTemplate": "33", "name": "V_TYPE_ADRESSE"}, "is_external": false, "used_time": 1, "children": [{"tag": "CONTENT", "attributes": {"CusVar_CustomComponentName": "SetVariable", "CusVar_CustomLibrary": "advanced", "TPVarMode": "set"}, "is_external": false, "used_time": 1, "children": [{"tag": "repository_CustomLibrary", "attributes": {"resdescid": "97"}, "is_external": true, "used_time": 603, "resdescid": "97", "children": [{"tag": "CustomObject", "attributes": {"name": "SetVariable"}, "is_external": false, "used_time": 1, "children": []}]}, {"tag": "XML_VALUE", "attributes": {"name": "TPVarValue", "type": "expression"}, "is_external": false, "used_time": 1, "children": []}, {"tag": "XML_VALUE", "attributes": {"name": "TPVarName", "type": "expression"}, "is_external": false, "used_time": 1, "children": []}]}]}, {"tag": "repository_TemplateSubSet", "attributes": {"idTemplate": "40", "resdescid": "5668"}, "is_external": true, "used_time": 19, "resdescid": "5668", "children": [{"tag": "CONTENT", "attributes": {"z_deltaY": "7086", "z_leftIndent": "0", "z_localCtxUnit": "100p", "z_rightIndent": "0", "z_type": "CtxDynTop"}, "is_external": false, "used_time": 1, "children": []}]}, {"tag": "repository_TemplateSubSet", "attributes": {"idTemplate": "42", "resdescid": "5766"}, "is_external": true, "used_time": 18, "resdescid": "5766", "children": [{"tag": "CONTENT", "attributes": {"z_deltaY": "0", "z_leftIndent": "0", "z_localCtxUnit": "100p", "z_rightIndent": "0", "z_type": "CtxDyn"}, "is_external": false, "used_time": 1, "children": []}]}, {"tag": "repository_TemplateSubSet", "attributes": {"idTemplate": "35", "resdescid": "5600"}, "is_external": true, "used_time": 21, "resdescid": "5600", "children": [{"tag": "CONTENT", "attributes": {"z_deltaY": "10771", "z_leftIndent": "26362", "z_localCtxUnit": "100p", "z_rightIndent": "0", "z_type": "CtxDynTop"}, "is_external": false, "used_time": 1, "children": []}]}, {"tag": "CustomObject", "attributes": {"description": "", "idTemplate": "5", "name": "premierContent"}, "is_external": false, "used_time": 1, "children": [{"tag": "CONTENT", "attributes": {"CusVar_CustomComponentName": "VariableLocale", "CusVar_CustomLibrary": "smacustoms", "LocalVarName": "premierContent", "LocalVarValue": "NON"}, "is_external": false, "used_time": 1, "children": [{"tag": "repository_CustomLibrary", "attributes": {"resdescid": "679"}, "is_external": true, "used_time": 365, "resdescid": "679", "children": [{"tag": "CustomObject", "attributes": {"name": "VariableLocale"}, "is_external": false, "used_time": 1, "children": []}]}]}]}, {"tag": "CustomObject", "attributes": {"description": "", "idTemplate": "6", "name": "NumPageCour"}, "is_external": false, "used_time": 1, "children": [{"tag": "CONTENT", "attributes": {"CusVar_CustomComponentName": "VariableLocale", "CusVar_CustomLibrary": "smacustoms", "LocalVarName": "NumPageCour", "LocalVarValue": "\"DocVar_NumCurrentPage\""}, "is_external": false, "used_time": 1, "children": [{"tag": "repository_CustomLibrary", "attributes": {"resdescid": "679"}, "is_external": true, "used_time": 365, "resdescid": "679", "children": [{"tag": "CustomObject", "attributes": {"name": "VariableLocale"}, "is_external": false, "used_time": 1, "children": []}]}]}]}]}, {"tag": "Header", "attributes": {"description": "", "expanded": "true", "idTemplate": "2", "name": "En-t\u00c3\u00aate", "usage": "use"}, "is_external": false, "used_time": 1, "children": [{"tag": "CustomObject", "attributes": {"description": "", "idTemplate": "105", "name": "InitPageOps"}, "is_external": false, "used_time": 1, "children": [{"tag": "CONTENT", "attributes": {"CusVar_CustomComponentName": "InitPageOps", "CusVar_CustomLibrary": "smacustoms", "numero_page": "DocVar_NumCurrentPage"}, "is_external": false, "used_time": 1, "children": [{"tag": "repository_CustomLibrary", "attributes": {"resdescid": "679"}, "is_external": true, "used_time": 365, "resdescid": "679", "children": [{"tag": "CustomObject", "attributes": {"name": "InitPageOps"}, "is_external": false, "used_time": 1, "children": []}]}]}]}, {"tag": "CustomObject", "attributes": {"description": "", "idTemplate": "129", "name": "NumPageCour"}, "is_external": false, "used_time": 1, "children": [{"tag": "CONTENT", "attributes": {"CusVar_CustomComponentName": "VariableLocale", "CusVar_CustomLibrary": "smacustoms", "LocalVarName": "NumPageCour", "LocalVarValue": "\"DocVar_NumCurrentPage\""}, "is_external": false, "used_time": 1, "children": [{"tag": "repository_CustomLibrary", "attributes": {"resdescid": "679"}, "is_external": true, "used_time": 365, "resdescid": "679", "children": [{"tag": "CustomObject", "attributes": {"name": "VariableLocale"}, "is_external": false, "used_time": 1, "children": []}]}]}]}, {"tag": "repository_LocalContext", "attributes": {"idTemplate": "91", "resdescid": "5389"}, "is_external": true, "used_time": 61, "resdescid": "5389", "children": []}, {"tag": "repository_TemplateSubSet", "attributes": {"idTemplate": "102", "resdescid": "5383"}, "is_external": true, "used_time": 79, "resdescid": "5383", "children": [{"tag": "CONTENT", "attributes": {"currentZoom": "50", "maxIdTemplate": "24", "messageFilter": "", "monoDataLoader": "true", "z_deltaY": "0", "z_leftIndent": "0", "z_localCtxUnit": "100p", "z_rightIndent": "0", "z_type": "CtxDynTop"}, "is_external": false, "used_time": 1, "children": []}]}, {"tag": "repository_CustomObject", "attributes": {"idTemplate": "140", "resdescid": "472366"}, "is_external": true, "used_time": 6, "resdescid": "472366", "children": []}, {"tag": "repository_TemplateSubSet", "attributes": {"idTemplate": "139", "resdescid": "5668"}, "is_external": true, "used_time": 19, "resdescid": "5668", "children": [{"tag": "CONTENT", "attributes": {"z_deltaY": "3118", "z_leftIndent": "0", "z_localCtxUnit": "100p", "z_rightIndent": "0", "z_type": "CtxDyn"}, "is_external": false, "used_time": 1, "children": []}]}, {"tag": "CustomObject", "attributes": {"description": "", "idTemplate": "142", "name": "Nouveau Macro"}, "is_external": false, "used_time": 1, "children": [{"tag": "CONTENT", "attributes": {"CommandSet": "R10", "CusVar_CustomComponentName": "Macro", "CusVar_CustomLibrary": "generic"}, "is_external": false, "used_time": 1, "children": [{"tag": "repository_CustomLibrary", "attributes": {"resdescid": "40"}, "is_external": true, "used_time": 207, "resdescid": "40", "children": [{"tag": "CustomObject", "attributes": {"name": "Macro"}, "is_external": false, "used_time": 1, "children": []}]}, {"tag": "XML_VALUE", "attributes": {"name": "Var3", "type": "expression"}, "is_external": false, "used_time": 1, "children": []}, {"tag": "XML_VALUE", "attributes": {"name": "Var2", "type": "expression"}, "is_external": false, "used_time": 1, "children": []}, {"tag": "XML_VALUE", "attributes": {"name": "Var1", "type": "expression"}, "is_external": false, "used_time": 1, "children": []}]}]}]}, {"tag": "Body", "attributes": {"description": "", "expanded": "true", "idTemplate": "8", "name": "Corps de page", "usage": "use"}, "is_external": false, "used_time": 1, "children": [{"tag": "MessageLoop", "attributes": {"description": "", "expanded": "true", "idTemplate": "123", "messageName": "itenteteeditique", "name": "ForAll _ itenteteeditique"}, "is_external": false, "used_time": 1, "children": [{"tag": "CONTENT", "attributes": {}, "is_external": false, "used_time": 1, "children": []}, {"tag": "MessageLoop", "attributes": {"description": "", "idTemplate": "124", "messageName": "itdocuments", "name": "ForAll _ itdocuments"}, "is_external": false, "used_time": 1, "children": [{"tag": "CONTENT", "attributes": {}, "is_external": false, "used_time": 1, "children": []}]}]}, {"tag": "repository_TemplateSubSet", "attributes": {"expanded": "true", "idTemplate": "146", "resdescid": "472379"}, "is_external": true, "used_time": 3, "resdescid": "472379", "children": [{"tag": "CONTENT", "attributes": {"z_deltaY": "2551", "z_leftIndent": "0", "z_localCtxUnit": "100p", "z_rightIndent": "0", "z_type": "CtxDyn"}, "is_external": false, "used_time": 1, "children": []}, {"tag": "TemplateSubSet_Anchor", "attributes": {"description": "", "expanded": "true", "idAnchor": "1", "idOwner": "472379", "idTemplate": "147", "name": "Init_RegDetail", "usage": "use"}, "is_external": false, "used_time": 1, "children": [{"tag": "repository_TemplateSubSet", "attributes": {"idTemplate": "144", "resdescid": "425658"}, "is_external": true, "used_time": 3, "resdescid": "425658", "children": [{"tag": "CONTENT", "attributes": {}, "is_external": false, "used_time": 1, "children": []}]}]}]}]}, {"tag": "Footer", "attributes": {"description": "", "expanded": "true", "idTemplate": "20", "name": "Pied de page", "usage": "use"}, "is_external": false, "used_time": 1, "children": [{"tag": "repository_LocalContext", "attributes": {"idTemplate": "87", "resdescid": "5378"}, "is_external": true, "used_time": 61, "resdescid": "5378", "children": []}, {"tag": "If", "attributes": {"description": "", "expanded": "true", "idTemplate": "21", "name": "CS_DocVar_LastPageYes_01"}, "is_external": false, "used_time": 1, "children": [{"tag": "CONTENT", "attributes": {"default": "false", "multilangue": "false", "type": "CondIF"}, "is_external": false, "used_time": 1, "children": [{"tag": "If_VALUE", "attributes": {"condid": "0", "description": "from old version", "name": "new condition"}, "is_external": false, "used_time": 1, "children": [{"tag": "CONDITION_OP", "attributes": {"lineid": "0", "name": "expr0", "select": "true", "type": "EQUAL"}, "is_external": false, "used_time": 1, "children": [{"tag": "XML_VALUE", "attributes": {"type": "expression"}, "is_external": false, "used_time": 1, "children": [{"tag": "repository_Variable", "attributes": {"name": "DocVar_LastPage", "resdescid": "1"}, "is_external": true, "used_time": 12, "resdescid": "1", "children": []}]}, {"tag": "XML_VALUE", "attributes": {"type": "expression"}, "is_external": false, "used_time": 1, "children": []}]}]}]}, {"tag": "If_VALUE", "attributes": {"condid": "0", "description": "from old version", "expanded": "true", "idTemplate": "22", "name": "new condition", "usage": "use"}, "is_external": false, "used_time": 1, "children": [{"tag": "CONTENT", "attributes": {"value": "\"TRUE\""}, "is_external": false, "used_time": 1, "children": []}, {"tag": "CustomObject", "attributes": {"description": "", "idTemplate": "23", "name": "NbPageRelV"}, "is_external": false, "used_time": 1, "children": [{"tag": "CONTENT", "attributes": {"CusVar_CustomComponentName": "VariableLocale", "CusVar_CustomLibrary": "smacustoms", "LocalVarName": "NbPageRelV", "LocalVarValue": "\"DocVar_NumCurrentPage\""}, "is_external": false, "used_time": 1, "children": [{"tag": "repository_CustomLibrary", "attributes": {"resdescid": "679"}, "is_external": true, "used_time": 365, "resdescid": "679", "children": [{"tag": "CustomObject", "attributes": {"name": "VariableLocale"}, "is_external": false, "used_time": 1, "children": []}]}]}]}]}]}]}]}]}]}