{"tag": "repository_Template", "attributes": {"activated": "false", "date": "2023-07-25 18_30_01.172", "description": "D\u00c3\u0083\u00c2\u0083\u00c3\u0082\u00c2\u00a9caissement Partenaire - Lettre ch\u00c3\u0083\u00c2\u0083\u00c3\u0082\u00c2\u00a8qu", "domainid": "1913", "id": "12872539", "isPlugin": "false", "lastFunctionDate": "2023-07-25 18_30_01.183", "lastFunctionParent": "30", "lastFunctionUser": "5", "name": "1RDCOCO01", "resdescid": "75088", "subtypes": "63", "version": "1.16"}, "children": [{"tag": "CONTENT", "attributes": {"WZ_actionrule": "xsl/default", "WZ_viewname": "css/default", "currentZoom": "100", "debugMode": "0", "defaultTextStyle": "23", "indexingType": "Document", "indexingVarList": "\"IndexList\"", "maxIdTemplate": "83", "messageFilter": "", "monoDataLoader": "true", "tagVersion": "E_P3_1_2_2_3q11"}, "children": [{"tag": "repository_TextStyle", "attributes": {"hidden": "true", "resdescid": "4271"}, "is_external": true, "used_time": 185, "resdescid": "4271", "children": []}, {"tag": "repository_DataManager", "attributes": {"default": "true", "name": "decaissement", "resdescid": "21280"}, "is_external": true, "used_time": 22, "resdescid": "21280", "children": []}, {"tag": "inputData", "attributes": {"current": "851385-xxxxxxx-DECBMDN-x-220106160502-splitbatch-2RDCOCO.xml", "filter": ""}, "is_external": false, "used_time": 1, "children": []}, {"tag": "indexData", "attributes": {"columnIndex": "0", "columnNamed": "-1", "indexingType": "Document"}, "is_external": false, "used_time": 1, "children": [{"tag": "SimpleSubstitutionTable", "attributes": {"name": "Tableau local"}, "is_external": false, "used_time": 1, "children": [{"tag": "CONTENT", "attributes": {"nbCol": "1", "nbRow": "1"}, "is_external": false, "used_time": 1, "children": [{"tag": "Row", "attributes": {}, "is_external": false, "used_time": 1, "children": [{"tag": "CONTENT", "attributes": {"UID": "0"}, "is_external": false, "used_time": 1, "children": [{"tag": "Cell", "attributes": {}, "is_external": false, "used_time": 1, "children": [{"tag": "CONTENT", "attributes": {}, "is_external": false, "used_time": 1, "children": [{"tag": "XML_VALUE", "attributes": {"type": "expression"}, "is_external": false, "used_time": 1, "children": []}]}]}]}]}, {"tag": "Column", "attributes": {}, "is_external": false, "used_time": 1, "children": [{"tag": "CONTENT", "attributes": {"UID": "0", "category": "expression", "name": "Indexes"}, "is_external": false, "used_time": 1, "children": [{"tag": "name", "attributes": {}, "is_external": false, "used_time": 1, "children": [{"tag": "XML_VALUE", "attributes": {"type": "expression"}, "is_external": false, "used_time": 1, "children": []}]}]}]}]}]}]}, {"tag": "repository_PageContext", "attributes": {"expanded": "true", "idTemplate": "1", "resdescid": "55204"}, "is_external": true, "used_time": 11, "resdescid": "55204", "children": [{"tag": "CONTENT", "attributes": {"pageName": "1_1_1"}, "is_external": false, "used_time": 1, "children": []}, {"tag": "Header", "attributes": {"description": "", "expanded": "true", "idTemplate": "2", "name": "En-t\u00c3\u00aate", "usage": "use"}, "is_external": false, "used_time": 1, "children": [{"tag": "repository_CustomObject", "attributes": {"idTemplate": "51", "resdescid": "55203"}, "is_external": true, "used_time": 21, "resdescid": "55203", "children": []}, {"tag": "CustomObject", "attributes": {"description": "", "idTemplate": "3", "name": "InitPageOps"}, "is_external": false, "used_time": 1, "children": [{"tag": "CONTENT", "attributes": {"CusVar_CustomComponentName": "InitPageOps", "CusVar_CustomLibrary": "smacustoms", "numero_page": "DocVar_NumCurrentPage"}, "is_external": false, "used_time": 1, "children": [{"tag": "repository_CustomLibrary", "attributes": {"resdescid": "679"}, "is_external": true, "used_time": 365, "resdescid": "679", "children": [{"tag": "CustomObject", "attributes": {"name": "InitPageOps"}, "is_external": false, "used_time": 1, "children": []}]}]}]}, {"tag": "repository_If", "attributes": {"expanded": "true", "idTemplate": "55", "resdescid": "5605"}, "is_external": true, "used_time": 19, "resdescid": "5605", "children": [{"tag": "If_VALUE", "attributes": {"condid": "0", "description": "simple condition", "expanded": "true", "idTemplate": "56", "name": "si 1ere page", "usage": "use"}, "is_external": false, "used_time": 1, "children": [{"tag": "CustomObject", "attributes": {"description": "", "idTemplate": "57", "name": "InitIndex"}, "is_external": false, "used_time": 1, "children": [{"tag": "CONTENT", "attributes": {"CusVar_CustomComponentName": "InitIndex", "CusVar_CustomLibrary": "smacustoms"}, "is_external": false, "used_time": 1, "children": [{"tag": "repository_CustomLibrary", "attributes": {"resdescid": "679"}, "is_external": true, "used_time": 365, "resdescid": "679", "children": [{"tag": "CustomObject", "attributes": {"name": "InitIndex"}, "is_external": false, "used_time": 1, "children": []}]}]}]}]}]}, {"tag": "repository_TemplateSubSet", "attributes": {"idTemplate": "47", "resdescid": "5383"}, "is_external": true, "used_time": 79, "resdescid": "5383", "children": [{"tag": "CONTENT", "attributes": {"currentZoom": "50", "maxIdTemplate": "24", "messageFilter": "", "monoDataLoader": "true", "z_deltaY": "0", "z_leftIndent": "0", "z_localCtxUnit": "100p", "z_rightIndent": "0", "z_type": "CtxDynTop"}, "is_external": false, "used_time": 1, "children": []}]}, {"tag": "repository_TemplateSubSet", "attributes": {"idTemplate": "66", "resdescid": "55206"}, "is_external": true, "used_time": 13, "resdescid": "55206", "children": [{"tag": "CONTENT", "attributes": {}, "is_external": false, "used_time": 1, "children": []}]}]}, {"tag": "Body", "attributes": {"description": "", "expanded": "true", "idTemplate": "6", "name": "Corps de page", "usage": "use"}, "is_external": false, "used_time": 1, "children": [{"tag": "MessageLoop", "attributes": {"description": "", "expanded": "true", "idTemplate": "9", "messageName": "itenteteeditique", "name": "ForAll _ itenteteeditique"}, "is_external": false, "used_time": 1, "children": [{"tag": "CONTENT", "attributes": {}, "is_external": false, "used_time": 1, "children": []}, {"tag": "MessageLoop", "attributes": {"description": "", "idTemplate": "10", "messageName": "itdocuments", "name": "ForAll _ itdocuments"}, "is_external": false, "used_time": 1, "children": [{"tag": "CONTENT", "attributes": {}, "is_external": false, "used_time": 1, "children": []}]}]}, {"tag": "TemplateSubSet", "attributes": {"description": "Bloc Notre Reference recouvrement - COURTAGE", "idTemplate": "50", "name": "SE_RDCO_XX_NotreRefRecouvrementCourtage"}, "is_external": false, "used_time": 1, "children": [{"tag": "CONTENT", "attributes": {"WZ_actionrule": "xsl/default", "WZ_viewname": "css/default", "currentZoom": "100", "debugMode": "0", "defaultTextStyle": "23", "maxIdTemplate": "15", "messageFilter": "", "monoDataLoader": "true", "tagVersion": "E_P3_1_2_2_3q11"}, "is_external": false, "used_time": 1, "children": [{"tag": "repository_TextStyle", "attributes": {"hidden": "true", "resdescid": "4271"}, "is_external": true, "used_time": 185, "resdescid": "4271", "children": []}, {"tag": "repository_DataManager", "attributes": {"default": "true", "name": "decaissement", "resdescid": "21280"}, "is_external": true, "used_time": 22, "resdescid": "21280", "children": []}, {"tag": "inputData", "attributes": {"current": "", "filter": ""}, "is_external": false, "used_time": 1, "children": []}, {"tag": "repository_Paragraph", "attributes": {"idTemplate": "71", "resdescid": "31988"}, "is_external": true, "used_time": 8, "resdescid": "31988", "children": [{"tag": "CONTENT", "attributes": {"adjacentNextTextUse": "nonallowed", "breakPageUse": "nonallowed", "orphansNumber": "0", "productionPolicyUse": "editable", "widowsNumber": "0", "z_automatic": "true", "z_deltaY": "2551", "z_leftIndent": "0", "z_localCtxUnit": "100p", "z_rightIndent": "0", "z_secable": "No", "z_type": "CtxDynTop"}, "is_external": false, "used_time": 1, "children": []}]}, {"tag": "If", "attributes": {"description": "", "expanded": "true", "idTemplate": "72", "name": "refcourtier_NumCourtLogibatrefcourtier_NumCourtLogibat"}, "is_external": false, "used_time": 1, "children": [{"tag": "CONTENT", "attributes": {"default": "false", "multilangue": "false", "tagVersion": "E_P3_1_2_2_3q11", "type": "CondIF"}, "is_external": false, "used_time": 1, "children": [{"tag": "If_VALUE", "attributes": {"condid": "0", "description": "from old version", "name": "new condition"}, "is_external": false, "used_time": 1, "children": [{"tag": "CONDITION_OP", "attributes": {"lineid": "0", "name": "expr0", "select": "true", "type": "DIFFERENT"}, "is_external": false, "used_time": 1, "children": [{"tag": "XML_VALUE", "attributes": {"ExpressionType": "variable", "type": "expression"}, "is_external": false, "used_time": 1, "children": [{"tag": "CustomFunc", "attributes": {"description": "0", "name": "Exist_NumCourtLogibat_refCourtier"}, "is_external": false, "used_time": 1, "children": [{"tag": "CONTENT", "attributes": {"isDelayed": "false", "isEditableInProduction": "false", "isWizard": "false", "tagVersion": "E_P3_1_2_2_3q11"}, "is_external": false, "used_time": 1, "children": [{"tag": "XML_VALUE", "attributes": {"type": "function"}, "is_external": false, "used_time": 1, "children": [{"tag": "repository_CustomLibrary", "attributes": {"CusVar_CustomComponentName": "ExistStr", "CusVar_CustomLibrary": "lb", "option": "\"0\"", "resdescid": "74"}, "is_external": true, "used_time": 257, "resdescid": "74", "children": [{"tag": "XML_VALUE", "attributes": {"name": "initial", "type": "expression"}, "is_external": false, "used_time": 1, "children": [{"tag": "repository_Variable", "attributes": {"name": "refcourtier_NumCourtLogibat", "resdescid": "4643"}, "is_external": true, "used_time": 14, "resdescid": "4643", "children": []}]}, {"tag": "XML_VALUE", "attributes": {"name": "search", "type": "expression"}, "is_external": false, "used_time": 1, "children": []}, {"tag": "CustomFunc", "attributes": {"name": "ExistStr"}, "is_external": false, "used_time": 1, "children": []}]}]}, {"tag": "WIZARD_VALUE", "attributes": {}, "is_external": false, "used_time": 1, "children": [{"tag": "Parameter", "attributes": {"category": "Edit", "currentPath": "", "description": "", "directoryChoice": "false", "guiEmbeddedVariableTarget": "false", "hideVarName": "false", "isEditable": "false", "linesNumber": "10", "parameterValue": "", "position": "vertical", "subElementsDisplayMode": "Enabled_Disabled", "titleBorder": "true", "withAbsolutePath": "true", "withParameter": "false", "withScroll": "false", "with_unit": "false"}, "is_external": false, "used_time": 1, "children": [{"tag": "Parameter_HelpInfo", "attributes": {}, "is_external": false, "used_time": 1, "children": []}]}]}]}]}]}, {"tag": "XML_VALUE", "attributes": {"ExpressionType": "variable", "type": "expression"}, "is_external": false, "used_time": 1, "children": []}]}]}]}, {"tag": "If_VALUE", "attributes": {"condid": "0", "description": "from old version", "expanded": "true", "idTemplate": "73", "name": "new condition", "usage": "use"}, "is_external": false, "used_time": 1, "children": [{"tag": "CONTENT", "attributes": {"value": "\"TRUE\""}, "is_external": false, "used_time": 1, "children": []}, {"tag": "repository_Paragraph", "attributes": {"idTemplate": "4", "resdescid": "75082"}, "is_external": true, "used_time": 4, "resdescid": "75082", "children": [{"tag": "CONTENT", "attributes": {"adjacentNextTextUse": "nonallowed", "breakPageUse": "nonallowed", "orphansNumber": "0", "productionPolicyUse": "editable", "widowsNumber": "0"}, "is_external": false, "used_time": 1, "children": []}]}]}]}, {"tag": "If", "attributes": {"description": "", "expanded": "false", "idTemplate": "5", "name": "refclient_NumSousLogibatrefclient_NumSousLogibat"}, "is_external": false, "used_time": 1, "children": [{"tag": "CONTENT", "attributes": {"default": "false", "multilangue": "false", "tagVersion": "E_P3_1_2_1_6q22", "type": "CondIF"}, "is_external": false, "used_time": 1, "children": [{"tag": "If_VALUE", "attributes": {"condid": "0", "description": "from old version", "name": "new condition"}, "is_external": false, "used_time": 1, "children": [{"tag": "CONDITION_OP", "attributes": {"lineid": "0", "name": "expr0", "select": "true", "type": "DIFFERENT"}, "is_external": false, "used_time": 1, "children": [{"tag": "XML_VALUE", "attributes": {"ExpressionType": "variable", "type": "expression"}, "is_external": false, "used_time": 1, "children": [{"tag": "CustomFunc", "attributes": {"description": "n", "name": "Exist_NumSousLogibat_refClient"}, "is_external": false, "used_time": 1, "children": [{"tag": "CONTENT", "attributes": {"isDelayed": "false", "isEditableInProduction": "false", "isWizard": "false", "tagVersion": "E_P3_1_2_1_6q22"}, "is_external": false, "used_time": 1, "children": [{"tag": "XML_VALUE", "attributes": {"type": "function"}, "is_external": false, "used_time": 1, "children": [{"tag": "repository_CustomLibrary", "attributes": {"CusVar_CustomComponentName": "ExistStr", "CusVar_CustomLibrary": "lb", "option": "\"0\"", "resdescid": "74"}, "is_external": true, "used_time": 257, "resdescid": "74", "children": [{"tag": "XML_VALUE", "attributes": {"name": "initial", "type": "expression"}, "is_external": false, "used_time": 1, "children": [{"tag": "repository_Variable", "attributes": {"name": "refclient_NumSousLogibat", "resdescid": "4835"}, "is_external": true, "used_time": 7, "resdescid": "4835", "children": []}]}, {"tag": "XML_VALUE", "attributes": {"name": "search", "type": "expression"}, "is_external": false, "used_time": 1, "children": []}, {"tag": "CustomFunc", "attributes": {"name": "ExistStr"}, "is_external": false, "used_time": 1, "children": []}]}]}, {"tag": "WIZARD_VALUE", "attributes": {}, "is_external": false, "used_time": 1, "children": [{"tag": "Parameter", "attributes": {"category": "Edit", "currentPath": "", "description": "", "directoryChoice": "false", "guiEmbeddedVariableTarget": "false", "hideVarName": "false", "isEditable": "false", "linesNumber": "10", "parameterValue": "", "position": "vertical", "subElementsDisplayMode": "Enabled_Disabled", "titleBorder": "true", "withAbsolutePath": "true", "withParameter": "false", "withScroll": "false", "with_unit": "false"}, "is_external": false, "used_time": 1, "children": [{"tag": "Parameter_HelpInfo", "attributes": {}, "is_external": false, "used_time": 1, "children": []}]}]}]}]}]}, {"tag": "XML_VALUE", "attributes": {"ExpressionType": "variable", "type": "expression"}, "is_external": false, "used_time": 1, "children": []}]}]}]}, {"tag": "If_VALUE", "attributes": {"condid": "0", "description": "from old version", "expanded": "true", "idTemplate": "74", "name": "new condition", "usage": "use"}, "is_external": false, "used_time": 1, "children": [{"tag": "CONTENT", "attributes": {"value": "\"TRUE\""}, "is_external": false, "used_time": 1, "children": []}, {"tag": "repository_Paragraph", "attributes": {"idTemplate": "7", "resdescid": "71769"}, "is_external": true, "used_time": 1, "resdescid": "71769", "children": [{"tag": "CONTENT", "attributes": {"adjacentNextTextUse": "nonallowed", "breakPageUse": "nonallowed", "orphansNumber": "0", "productionPolicyUse": "editable", "widowsNumber": "0"}, "is_external": false, "used_time": 1, "children": [{"tag": "EditableInProduction", "attributes": {"editable": "false", "movable": "false"}, "is_external": false, "used_time": 1, "children": []}]}]}]}]}, {"tag": "repository_Table", "attributes": {"idTemplate": "15", "resdescid": "31989"}, "is_external": true, "used_time": 1, "resdescid": "31989", "children": [{"tag": "CONTENT", "attributes": {"currentZoom": "100"}, "is_external": false, "used_time": 1, "children": [{"tag": "EditableInProduction", "attributes": {"editable": "false", "movable": "false"}, "is_external": false, "used_time": 1, "children": []}]}]}, {"tag": "TemplateSubSet", "attributes": {"description": "Bloc UG correspondant recouvrement - Courtage", "idTemplate": "11", "name": "SE_COR_XX_SiteGestionRecouvrementCourtage"}, "is_external": false, "used_time": 1, "children": [{"tag": "CONTENT", "attributes": {"WZ_actionrule": "xsl/default", "WZ_viewname": "css/default", "currentZoom": "100", "debugMode": "0", "defaultTextStyle": "23", "maxIdTemplate": "8", "messageFilter": "", "monoDataLoader": "true", "tagVersion": "E_P3_1_2_1_6q22"}, "is_external": false, "used_time": 1, "children": [{"tag": "repository_TextStyle", "attributes": {"hidden": "true", "resdescid": "4271"}, "is_external": true, "used_time": 185, "resdescid": "4271", "children": []}, {"tag": "repository_DataManager", "attributes": {"default": "true", "name": "franchises", "resdescid": "75081"}, "is_external": true, "used_time": 0, "resdescid": "75081", "children": []}, {"tag": "inputData", "attributes": {"current": "", "filter": ""}, "is_external": false, "used_time": 1, "children": []}, {"tag": "CustomObject", "attributes": {"description": "", "idTemplate": "75", "name": "InitFormatAdresse"}, "is_external": false, "used_time": 1, "children": [{"tag": "CONTENT", "attributes": {"CusVar_CustomComponentName": "InitFormatAdresse", "CusVar_CustomLibrary": "smacustoms", "VarAdrListe": "\"sgcourtier_LibelleSite\";\"sgcourtier_ComplIdent\";\"sgcourtier_Voie\";\"sgcourtier_Hameau\";\"sgcourtier_ComplDistr\";\"sgcourtier_CodPostal\" \"sgcourtier_Localite\""}, "is_external": false, "used_time": 1, "children": [{"tag": "repository_CustomLibrary", "attributes": {"resdescid": "679"}, "is_external": true, "used_time": 365, "resdescid": "679", "children": [{"tag": "CustomObject", "attributes": {"name": "InitFormatAdresse"}, "is_external": false, "used_time": 1, "children": []}]}]}]}, {"tag": "LocalContext", "attributes": {"description": "", "expanded": "true", "idTemplate": "76", "name": "nouveau Zone"}, "is_external": false, "used_time": 1, "children": [{"tag": "CONTENT", "attributes": {"VBalancing": "NONE", "attachment": "false", "behavious": "parent", "deltaY": "0", "heightAfter": "0", "leftIndent": "0", "localCtxUnit": "100p", "publish": "false", "resetPos": "false", "rightIndent": "0", "standardUser": "false", "type": "CtxDyn"}, "is_external": false, "used_time": 1, "children": []}, {"tag": "repository_Paragraph", "attributes": {"idTemplate": "77", "resdescid": "31990"}, "is_external": true, "used_time": 1, "resdescid": "31990", "children": [{"tag": "CONTENT", "attributes": {"adjacentNextTextUse": "nonallowed", "breakPageUse": "nonallowed", "orphansNumber": "0", "productionPolicyUse": "editable", "widowsNumber": "0"}, "is_external": false, "used_time": 1, "children": [{"tag": "EditableInProduction", "attributes": {"editable": "false", "movable": "false"}, "is_external": false, "used_time": 1, "children": []}]}]}, {"tag": "Table", "attributes": {"description": "", "idTemplate": "8", "name": "Nouveau tableau"}, "is_external": false, "used_time": 1, "children": [{"tag": "CONTENT", "attributes": {"currentZoom": "100", "maxCellUID": "6", "maxRowUID": "3", "maxVariableUID": "0", "nbCol": "1", "nbRow": "2", "tagVersion": "E_P3_1_2_1_6q22"}, "is_external": false, "used_time": 1, "children": [{"tag": "TextStyle", "attributes": {"description": "", "name": ""}, "is_external": false, "used_time": 1, "children": [{"tag": "CONTENT", "attributes": {"basedOn": "ROOT", "category": "cell"}, "is_external": false, "used_time": 1, "children": [{"tag": "PROPERTIES_FONT", "attributes": {"bold": "false", "colorCMYK": "0 0 0 255", "italic": "false", "name": "Arial", "size": "11", "underline": "false"}, "is_external": false, "used_time": 1, "children": []}, {"tag": "PROPERTIES_CELL_ALIGNMENT", "attributes": {"alignment": "Left", "alignmentVert": "Top"}, "is_external": false, "used_time": 1, "children": []}]}]}, {"tag": "Group", "attributes": {}, "is_external": false, "used_time": 1, "children": [{"tag": "CONTENT", "attributes": {"UID": "1", "WOActive": "true", "WOEnabled": "true", "WOOline": "1", "WOWline": "1", "attachmentNext": "false", "attachmentPrevious": "false", "breakable62": "true", "rowGroupBreakable": "true", "type": "Group"}, "is_external": false, "used_time": 1, "children": [{"tag": "Cell", "attributes": {}, "is_external": false, "used_time": 1, "children": [{"tag": "CONTENT", "attributes": {"UID": "1", "spanColumn": "1", "spanRow": "1"}, "is_external": false, "used_time": 1, "children": [{"tag": "Paragraph", "attributes": {}, "is_external": false, "used_time": 1, "children": [{"tag": "CONTENT", "attributes": {"breakPage": "nonallowed_always"}, "is_external": false, "used_time": 1, "children": [{"tag": "LocalVars", "attributes": {}, "is_external": false, "used_time": 1, "children": []}, {"tag": "STYLE-AUTOMATIC", "attributes": {}, "is_external": false, "used_time": 1, "children": []}, {"tag": "TEXT", "attributes": {}, "is_external": false, "used_time": 1, "children": [{"tag": "TextStyle", "attributes": {}, "is_external": false, "used_time": 1, "children": []}]}]}]}]}]}]}, {"tag": "Row", "attributes": {}, "is_external": false, "used_time": 1, "children": [{"tag": "CONTENT", "attributes": {"UID": "2", "attachmentNext": "false", "breakable": "false", "heightDyn": "true", "rowBodyBreakableEnabled": "true", "type": "Body"}, "is_external": false, "used_time": 1, "children": [{"tag": "Cell", "attributes": {}, "is_external": false, "used_time": 1, "children": [{"tag": "CONTENT", "attributes": {"UID": "3", "spanColumn": "1", "spanRow": "1"}, "is_external": false, "used_time": 1, "children": [{"tag": "TextStyle", "attributes": {}, "is_external": false, "used_time": 1, "children": [{"tag": "CONTENT", "attributes": {"category": "cell"}, "is_external": false, "used_time": 1, "children": [{"tag": "PROPERTIES_CELL_INSETS", "attributes": {"insetBottom": "300", "insetLeft": "300", "insetRight": "300", "insetTop": "300"}, "is_external": false, "used_time": 1, "children": []}]}]}, {"tag": "Paragraph", "attributes": {}, "is_external": false, "used_time": 1, "children": [{"tag": "CONTENT", "attributes": {"breakPage": "nonallowed_always"}, "is_external": false, "used_time": 1, "children": [{"tag": "LocalVars", "attributes": {}, "is_external": false, "used_time": 1, "children": []}, {"tag": "STYLE-AUTOMATIC", "attributes": {}, "is_external": false, "used_time": 1, "children": []}, {"tag": "TEXT", "attributes": {}, "is_external": false, "used_time": 1, "children": [{"tag": "TextStyle", "attributes": {}, "is_external": false, "used_time": 1, "children": [{"tag": "CONTENT", "attributes": {"parent": "true"}, "is_external": false, "used_time": 1, "children": [{"tag": "TextStyle", "attributes": {}, "is_external": false, "used_time": 1, "children": [{"tag": "CONTENT", "attributes": {"category": "paragraph"}, "is_external": false, "used_time": 1, "children": [{"tag": "PROPERTIES_PARAGRAPH", "attributes": {"alignment": "Left", "indentFirstLine": "0", "indentLeft": "0", "indentRight": "0", "lineSpacing": "0", "wrapping": "true"}, "is_external": false, "used_time": 1, "children": []}]}, {"tag": "TextStyle", "attributes": {}, "is_external": false, "used_time": 1, "children": [{"tag": "CONTENT", "attributes": {"category": "character"}, "is_external": false, "used_time": 1, "children": [{"tag": "PROPERTIES_FONT", "attributes": {"bold": "true", "name": "Arial", "resdescid": "-1", "size": "8.0"}, "is_external": false, "used_time": 0, "resdescid": "-1", "children": []}]}]}]}]}]}]}]}]}]}]}]}]}]}, {"tag": "Column", "attributes": {}, "is_external": false, "used_time": 1, "children": [{"tag": "CONTENT", "attributes": {"width": "24300"}, "is_external": false, "used_time": 1, "children": []}]}]}]}, {"tag": "LocalContext", "attributes": {"description": "", "expanded": "true", "idTemplate": "78", "name": "nouveau Zone"}, "is_external": false, "used_time": 1, "children": [{"tag": "CONTENT", "attributes": {"deltaY": "566", "leftIndent": "0", "localCtxUnit": "100p", "rightIndent": "0", "type": "CtxDyn"}, "is_external": false, "used_time": 1, "children": []}, {"tag": "CustomObject", "attributes": {"description": "", "idTemplate": "79", "name": "FormatTel"}, "is_external": false, "used_time": 1, "children": [{"tag": "CONTENT", "attributes": {"CusVar_CustomComponentName": "FormatTel", "CusVar_CustomLibrary": "smacustoms", "VarListeTel": "sgcourtier_Telephone"}, "is_external": false, "used_time": 1, "children": [{"tag": "repository_CustomLibrary", "attributes": {"resdescid": "679"}, "is_external": true, "used_time": 365, "resdescid": "679", "children": [{"tag": "CustomObject", "attributes": {"name": "FormatTel"}, "is_external": false, "used_time": 1, "children": []}]}]}]}, {"tag": "repository_Paragraph", "attributes": {"idTemplate": "80", "resdescid": "75084"}, "is_external": true, "used_time": 1, "resdescid": "75084", "children": [{"tag": "CONTENT", "attributes": {"adjacentNextTextUse": "nonallowed", "breakPageUse": "nonallowed", "orphansNumber": "0", "productionPolicyUse": "editable", "widowsNumber": "0"}, "is_external": false, "used_time": 1, "children": []}]}]}]}]}]}]}]}, {"tag": "repository_TemplateSubSet", "attributes": {"idOwnerUse": "103", "idTemplate": "81", "resdescid": "71768"}, "is_external": true, "used_time": 13, "resdescid": "71768", "children": [{"tag": "CONTENT", "attributes": {"z_deltaY": "5669", "z_leftIndent": "26362", "z_localCtxUnit": "100p", "z_rightIndent": "0", "z_type": "CtxDynTop"}, "is_external": false, "used_time": 1, "children": []}]}, {"tag": "CustomObject", "attributes": {"description": "", "idTemplate": "13", "name": "OrdreCheque"}, "is_external": false, "used_time": 1, "children": [{"tag": "CONTENT", "attributes": {"CusVar_CustomComponentName": "VariableLocale", "CusVar_CustomLibrary": "smacustoms", "LocalVarName": "OrdreCheque", "LocalVarValue": "\"adrcourtier_CodCivilite\" \"adrcourtier_Nom\" \"adrcourtier_Prenom\""}, "is_external": false, "used_time": 1, "children": [{"tag": "repository_CustomLibrary", "attributes": {"resdescid": "679"}, "is_external": true, "used_time": 365, "resdescid": "679", "children": [{"tag": "CustomObject", "attributes": {"name": "VariableLocale"}, "is_external": false, "used_time": 1, "children": []}]}]}]}, {"tag": "repository_Paragraph", "attributes": {"idTemplate": "16", "resdescid": "71767"}, "is_external": true, "used_time": 3, "resdescid": "71767", "children": [{"tag": "CONTENT", "attributes": {"adjacentNextTextUse": "nonallowed", "productionPolicyUse": "editable", "z_automatic": "true", "z_deltaY": "8503", "z_leftIndent": "0", "z_localCtxUnit": "100p", "z_rightIndent": "0", "z_type": "CtxDyn"}, "is_external": false, "used_time": 1, "children": []}]}, {"tag": "repository_TemplateSubSet", "attributes": {"idOwnerUse": "84", "idTemplate": "82", "resdescid": "51882"}, "is_external": true, "used_time": 51, "resdescid": "51882", "children": [{"tag": "CONTENT", "attributes": {"z_automatic": "true", "z_deltaY": "1417", "z_leftIndent": "0", "z_localCtxUnit": "100p", "z_rightIndent": "0", "z_type": "CtxDyn"}, "is_external": false, "used_time": 1, "children": []}]}, {"tag": "Paragraph", "attributes": {"description": "Cher partenaire", "idTemplate": "17", "name": "PE_CIV_CO_RglDecCivilitePartenaire"}, "is_external": false, "used_time": 1, "children": [{"tag": "CONTENT", "attributes": {"adjacentNextTextUse": "nonallowed", "breakPage": "nonallowed_always", "breakPageUse": "nonallowed_always", "orphansNumber": "0", "productionPolicy": "editable_reviewable", "productionPolicyUse": "editable", "widowsNumber": "0", "woLock": "false", "z_automatic": "true", "z_deltaY": "1417", "z_leftIndent": "0", "z_localCtxUnit": "100p", "z_rightIndent": "0", "z_type": "CtxDyn"}, "is_external": false, "used_time": 1, "children": [{"tag": "LocalVars", "attributes": {}, "is_external": false, "used_time": 1, "children": []}, {"tag": "STYLE-AUTOMATIC", "attributes": {}, "is_external": false, "used_time": 1, "children": []}, {"tag": "TEXT", "attributes": {}, "is_external": false, "used_time": 1, "children": [{"tag": "repository_TextStyle", "attributes": {"resdescid": "4969"}, "is_external": true, "used_time": 31, "resdescid": "4969", "children": []}]}]}]}, {"tag": "Paragraph", "attributes": {"description": "Conformement \u00c3\u00a0 nos accords de distribution", "idTemplate": "58", "name": "PC_RCO_CO_ConformementANosAccordsDeDistribution"}, "is_external": false, "used_time": 1, "children": [{"tag": "CONTENT", "attributes": {"adjacentNextTextUse": "nonallowed", "breakPage": "nonallowed_always", "breakPageUse": "nonallowed", "currentZoom": "100", "orphansNumber": "0", "productionPolicy": "editable_reviewable", "productionPolicyUse": "editable", "spellingLang": "FR", "widowsNumber": "0", "woLock": "true", "z_automatic": "true", "z_deltaY": "1133", "z_leftIndent": "0", "z_localCtxUnit": "100p", "z_rightIndent": "0", "z_type": "CtxDyn"}, "is_external": false, "used_time": 1, "children": [{"tag": "LocalVars", "attributes": {}, "is_external": false, "used_time": 1, "children": []}, {"tag": "STYLE-AUTOMATIC", "attributes": {}, "is_external": false, "used_time": 1, "children": []}, {"tag": "TEXT", "attributes": {}, "is_external": false, "used_time": 1, "children": [{"tag": "repository_TextStyle", "attributes": {"resdescid": "4346"}, "is_external": true, "used_time": 280, "resdescid": "4346", "children": [{"tag": "repository_CustomFunc", "attributes": {"resdescid": "41944"}, "is_external": true, "used_time": 9, "resdescid": "41944", "children": []}, {"tag": "is", "attributes": {}, "is_external": false, "used_time": 1, "children": []}]}]}]}]}, {"tag": "repository_Paragraph", "attributes": {"idTemplate": "19", "resdescid": "75087"}, "is_external": true, "used_time": 6, "resdescid": "75087", "children": [{"tag": "CONTENT", "attributes": {"adjacentNextTextUse": "nonallowed", "breakPageUse": "nonallowed", "orphansNumber": "0", "productionPolicyUse": "editable", "widowsNumber": "0", "z_automatic": "true", "z_deltaY": "800", "z_leftIndent": "0", "z_localCtxUnit": "100p", "z_rightIndent": "0", "z_type": "CtxDyn"}, "is_external": false, "used_time": 1, "children": []}]}, {"tag": "repository_Paragraph", "attributes": {"idTemplate": "20", "resdescid": "41945"}, "is_external": true, "used_time": 14, "resdescid": "41945", "children": [{"tag": "CONTENT", "attributes": {"adjacentNextTextUse": "nonallowed", "breakPageUse": "nonallowed", "orphansNumber": "0", "productionPolicyUse": "editable", "widowsNumber": "0", "z_automatic": "true", "z_deltaY": "800", "z_leftIndent": "0", "z_localCtxUnit": "100p", "z_rightIndent": "0", "z_type": "CtxDyn"}, "is_external": false, "used_time": 1, "children": []}]}, {"tag": "Paragraph", "attributes": {"description": "Veuillez agr\u00c3\u00a9er, cher partenaire, lexpression de nos sentiments distingu\u00c3\u00a9s.", "idTemplate": "21", "name": "PP_POL_XX_VeuillezAgreerCherPartenaire"}, "is_external": false, "used_time": 1, "children": [{"tag": "CONTENT", "attributes": {"adjacentNextTextUse": "nonallowed", "breakPage": "nonallowed_always", "breakPageUse": "nonallowed", "currentZoom": "100", "orphansNumber": "0", "productionPolicy": "editable_reviewable", "productionPolicyUse": "editable", "spellingLang": "FR", "widowsNumber": "0"}, "is_external": false, "used_time": 1, "children": [{"tag": "LocalVars", "attributes": {}, "is_external": false, "used_time": 1, "children": []}, {"tag": "STYLE-AUTOMATIC", "attributes": {}, "is_external": false, "used_time": 1, "children": []}, {"tag": "TEXT", "attributes": {}, "is_external": false, "used_time": 1, "children": [{"tag": "repository_TextStyle", "attributes": {"resdescid": "71766"}, "is_external": true, "used_time": 2, "resdescid": "71766", "children": []}]}]}]}, {"tag": "repository_TemplateSubSet", "attributes": {"idOwnerUse": "95", "idTemplate": "22", "resdescid": "55197"}, "is_external": true, "used_time": 39, "resdescid": "55197", "children": [{"tag": "CONTENT", "attributes": {"z_automatic": "true", "z_deltaY": "-1000", "z_leftIndent": "0", "z_localCtxUnit": "100p", "z_rightIndent": "0", "z_type": "CtxDyn"}, "is_external": false, "used_time": 1, "children": []}]}, {"tag": "repository_TemplateSubSet", "attributes": {"idTemplate": "69", "resdescid": "31981"}, "is_external": true, "used_time": 7, "resdescid": "31981", "children": [{"tag": "CONTENT", "attributes": {}, "is_external": false, "used_time": 1, "children": []}]}]}, {"tag": "Footer", "attributes": {"description": "", "idTemplate": "24", "name": "Pied de page", "usage": "use"}, "is_external": false, "used_time": 1, "children": []}]}]}]}