{"tag": "repository_Template", "attributes": {"activated": "false", "date": "2022-08-29 14_27_36.036", "description": "", "domainid": "386", "id": "556722", "isPlugin": "false", "lastFunctionDate": "2022-08-29 14_27_36.052", "lastFunctionParent": "30", "lastFunctionUser": "1", "name": "derogation_sma", "resdescid": "426027", "subtypes": "63", "version": "1.4"}, "children": [{"tag": "CONTENT", "attributes": {"debugMode": "0", "indexingType": "Document", "maxIdTemplate": "11", "messageFilter": "", "monoDataLoader": "true", "tagVersion": "E_P3_1_2_1_9q12"}, "children": [{"tag": "repository_TextStyle", "attributes": {"hidden": "true", "resdescid": "23"}, "is_external": true, "used_time": 138, "resdescid": "23", "children": []}, {"tag": "repository_DataManager", "attributes": {"default": "true", "name": "derogation", "resdescid": "10434"}, "is_external": true, "used_time": 11, "resdescid": "10434", "children": []}, {"tag": "inputData", "attributes": {"current": "", "filter": ""}, "is_external": false, "used_time": 1, "children": []}, {"tag": "indexData", "attributes": {"columnIndex": "2", "columnNamed": "-1", "indexingType": "Document"}, "is_external": false, "used_time": 1, "children": [{"tag": "SimpleSubstitutionTable", "attributes": {"description": "", "name": "Local Resource"}, "is_external": false, "used_time": 1, "children": [{"tag": "CONTENT", "attributes": {"maxColUID": "-1", "maxRowUID": "-1", "nbCol": "1", "nbRow": "1", "tagVersion": "E_P3_1_2_1_6q22"}, "is_external": false, "used_time": 1, "children": [{"tag": "WIZARD_VALUE", "attributes": {}, "is_external": false, "used_time": 1, "children": [{"tag": "TABLE_VIEW", "attributes": {"allowRowInsert": "true", "showColHeader": "true", "showGrid": "true", "showingMode": "grid"}, "is_external": false, "used_time": 1, "children": [{"tag": "level", "attributes": {"filling": "horizontalFilling"}, "is_external": false, "used_time": 1, "children": []}]}, {"tag": "Column", "attributes": {}, "is_external": false, "used_time": 1, "children": [{"tag": "CONTENT", "attributes": {"UID": "2", "control": "label", "level": "1", "prodEditable": "true", "prodExclusive": "false", "prodHeight": "0", "prodOrder": "0", "prodView": "radio", "prodVisible": "true", "prodVisibleField": "true", "prodVisibleLabel": "false", "prodWidth": "0", "validationMode": "none"}, "is_external": false, "used_time": 1, "children": [{"tag": "Parameter_Helpinfo", "attributes": {}, "is_external": false, "used_time": 1, "children": []}]}]}, {"tag": "RESOURCE_PICKER", "attributes": {"asPopup": "false", "show": "false"}, "is_external": false, "used_time": 1, "children": []}, {"tag": "DOCUMENT_INSERTION_SPOT", "attributes": {}, "is_external": false, "used_time": 1, "children": []}]}, {"tag": "Row", "attributes": {}, "is_external": false, "used_time": 1, "children": [{"tag": "CONTENT", "attributes": {"UID": "0", "height": "21"}, "is_external": false, "used_time": 1, "children": [{"tag": "Cell", "attributes": {}, "is_external": false, "used_time": 1, "children": [{"tag": "CONTENT", "attributes": {"columnUid": "2"}, "is_external": false, "used_time": 1, "children": [{"tag": "XML_VALUE", "attributes": {"type": "expression"}, "is_external": false, "used_time": 1, "children": []}]}]}]}]}, {"tag": "Column", "attributes": {}, "is_external": false, "used_time": 1, "children": [{"tag": "CONTENT", "attributes": {"UID": "2", "category": "expression", "name": "", "uniqueness": "false", "width": "200"}, "is_external": false, "used_time": 1, "children": [{"tag": "name", "attributes": {}, "is_external": false, "used_time": 1, "children": [{"tag": "XML_VALUE", "attributes": {"type": "expression"}, "is_external": false, "used_time": 1, "children": []}]}]}]}]}]}]}, {"tag": "PageContext", "attributes": {"description": "", "expanded": "true", "idTemplate": "2", "name": "A4 par d\u00c3\u00a9faut", "subtypes": "63"}, "is_external": false, "used_time": 1, "children": [{"tag": "CONTENT", "attributes": {"bottomMargin": "0", "breakPageEnd": "false", "column": "1", "heightFooter": "5669", "heightHeader": "11338", "interColumn": "0", "leftMargin": "10", "mainSection": "true", "orientation": "Portrait", "pageFormat": "A4", "pageHeight": "84188", "pageName": "1_1_1", "pageWidth": "59527", "resetNumbering": "false", "rightMargin": "0", "sectionRule": "continue", "startNumber": "1", "startPageRule": "none", "tagVersion": "E_P3_1_2_1_9q12", "topMargin": "0", "unit": "100p"}, "is_external": false, "used_time": 1, "children": [{"tag": "Header", "attributes": {"VBalancing": "Top", "active": "false", "bottomMargin": "0", "height": "11338", "leftMargin": "0", "rightMargin": "0", "topMargin": "0"}, "is_external": false, "used_time": 1, "children": []}, {"tag": "Footer", "attributes": {"VBalancing": "Top", "active": "false", "bottomMargin": "0", "height": "5669", "leftMargin": "0", "rightMargin": "0", "topMargin": "0"}, "is_external": false, "used_time": 1, "children": []}, {"tag": "Body", "attributes": {"VBalancing": "NONE", "bottomMargin": "566", "column": "1", "columnWidth": "59517", "gauging": "false", "height": "-1", "interColumn": "0", "leftMargin": "0", "rightMargin": "0", "topMargin": "566"}, "is_external": false, "used_time": 1, "children": []}, {"tag": "FirstHeader", "attributes": {"VBalancing": "NONE", "active": "false", "bottomMargin": "0", "height": "-1", "leftMargin": "0", "rightMargin": "0", "topMargin": "0"}, "is_external": false, "used_time": 1, "children": []}, {"tag": "LastFooter", "attributes": {"VBalancing": "NONE", "active": "false", "bottomMargin": "0", "height": "-1", "leftMargin": "0", "rightMargin": "0", "topMargin": "0"}, "is_external": false, "used_time": 1, "children": []}]}, {"tag": "Body", "attributes": {"description": "", "expanded": "true", "idTemplate": "4", "name": "Corps de page", "usage": "use"}, "is_external": false, "used_time": 1, "children": [{"tag": "CustomObject", "attributes": {"description": "", "idTemplate": "6", "name": "Nouveau InitMultidoc"}, "is_external": false, "used_time": 1, "children": [{"tag": "CONTENT", "attributes": {"CusVar_CustomComponentName": "InitMultidoc", "CusVar_CustomLibrary": "libtechniquesma", "tagVersion": "E_P3_1_2_1_6q22", "z_deltaY": "0", "z_leftIndent": "0", "z_localCtxUnit": "100p", "z_rightIndent": "0", "z_type": "CtxDyn"}, "is_external": false, "used_time": 1, "children": [{"tag": "repository_CustomLibrary", "attributes": {"resdescid": "20961"}, "is_external": true, "used_time": 126, "resdescid": "20961", "children": [{"tag": "CustomObject", "attributes": {"name": "InitMultidoc"}, "is_external": false, "used_time": 1, "children": []}]}]}]}]}]}]}]}