{"tag": "repository_Template", "attributes": {"activated": "false", "date": "2015-08-27 11_54_10.046", "description": "Responsive design sample template", "domainid": "235", "id": "1185", "isPlugin": "false", "lastFunctionDate": "2015-08-27 11_54_10.062", "lastFunctionParent": "30", "lastFunctionUser": "1", "name": "Web Page", "resdescid": "448", "subtypes": "60", "version": "1.2"}, "children": [{"tag": "CONTENT", "attributes": {"maxIdTemplate": "35", "messageFilter": "", "monoDataLoader": "true"}, "children": [{"tag": "repository_TextStyle", "attributes": {"hidden": "true", "resdescid": "23"}, "is_external": true, "used_time": 138, "resdescid": "23", "children": []}, {"tag": "repository_DataManager", "attributes": {"name": "sample", "resdescid": "444"}, "is_external": true, "used_time": 7, "resdescid": "444", "children": []}, {"tag": "inputData", "attributes": {"current": "sample.xml", "filter": ""}, "is_external": false, "used_time": 1, "children": []}, {"tag": "PageContext", "attributes": {"description": "", "expanded": "true", "idTemplate": "30", "name": "Default Web Section", "subtypes": "60"}, "is_external": false, "used_time": 1, "children": [{"tag": "CONTENT", "attributes": {"_maxSectionId": "0", "gridName": "testWebSection"}, "is_external": false, "used_time": 1, "children": [{"tag": "webcells", "attributes": {}, "is_external": false, "used_time": 1, "children": [{"tag": "webcell", "attributes": {"_cellHtmlId": "testWebSection_cell_1", "cellColor": "#cdf7d9", "cellDescription": "", "cellId": "1", "gridPositions": "null"}, "is_external": false, "used_time": 1, "children": [{"tag": "devices", "attributes": {}, "is_external": false, "used_time": 1, "children": [{"tag": "LargeDevice", "attributes": {}, "is_external": false, "used_time": 1, "children": [{"tag": "device", "attributes": {"generic": "true", "name": "generic"}, "is_external": false, "used_time": 1, "children": [{"tag": "position", "attributes": {"col": "1", "row": "1", "size_x": "3", "size_y": "4"}, "is_external": false, "used_time": 1, "children": []}]}]}, {"tag": "MediumDevice", "attributes": {}, "is_external": false, "used_time": 1, "children": [{"tag": "device", "attributes": {"generic": "true", "name": "generic"}, "is_external": false, "used_time": 1, "children": [{"tag": "position", "attributes": {"col": "1", "row": "1", "size_x": "3", "size_y": "4"}, "is_external": false, "used_time": 1, "children": []}]}]}, {"tag": "SmallDevice", "attributes": {}, "is_external": false, "used_time": 1, "children": [{"tag": "device", "attributes": {"generic": "true", "name": "generic"}, "is_external": false, "used_time": 1, "children": [{"tag": "position", "attributes": {"col": "1", "row": "1", "size_x": "19", "size_y": "3"}, "is_external": false, "used_time": 1, "children": []}]}]}]}, {"tag": "discardedDevices", "attributes": {}, "is_external": false, "used_time": 1, "children": []}]}, {"tag": "webcell", "attributes": {"_cellHtmlId": "testWebSection_cell_2", "cellColor": "#ffffff", "cellDescription": "", "cellId": "2", "gridPositions": "null"}, "is_external": false, "used_time": 1, "children": [{"tag": "devices", "attributes": {}, "is_external": false, "used_time": 1, "children": [{"tag": "LargeDevice", "attributes": {}, "is_external": false, "used_time": 1, "children": [{"tag": "device", "attributes": {"generic": "true", "name": "generic"}, "is_external": false, "used_time": 1, "children": [{"tag": "position", "attributes": {"col": "1", "row": "5", "size_x": "3", "size_y": "17"}, "is_external": false, "used_time": 1, "children": []}]}]}]}, {"tag": "discardedDevices", "attributes": {"MediumDevice.generic": "true"}, "is_external": false, "used_time": 1, "children": []}]}, {"tag": "webcell", "attributes": {"_cellHtmlId": "testWebSection_cell_3", "cellColor": "#ffffff", "cellDescription": "", "cellId": "3", "gridPositions": "null"}, "is_external": false, "used_time": 1, "children": [{"tag": "devices", "attributes": {}, "is_external": false, "used_time": 1, "children": [{"tag": "LargeDevice", "attributes": {}, "is_external": false, "used_time": 1, "children": [{"tag": "device", "attributes": {"generic": "true", "name": "generic"}, "is_external": false, "used_time": 1, "children": [{"tag": "position", "attributes": {"col": "4", "row": "1", "size_x": "15", "size_y": "4"}, "is_external": false, "used_time": 1, "children": []}]}]}, {"tag": "MediumDevice", "attributes": {}, "is_external": false, "used_time": 1, "children": [{"tag": "device", "attributes": {"generic": "true", "name": "generic"}, "is_external": false, "used_time": 1, "children": [{"tag": "position", "attributes": {"col": "4", "row": "1", "size_x": "15", "size_y": "4"}, "is_external": false, "used_time": 1, "children": []}]}]}, {"tag": "SmallDevice", "attributes": {}, "is_external": false, "used_time": 1, "children": [{"tag": "device", "attributes": {"generic": "true", "name": "generic"}, "is_external": false, "used_time": 1, "children": [{"tag": "position", "attributes": {"col": "4", "row": "1", "size_x": "15", "size_y": "4"}, "is_external": false, "used_time": 1, "children": []}]}]}]}, {"tag": "discardedDevices", "attributes": {"SmallDevice.generic": "true"}, "is_external": false, "used_time": 1, "children": []}]}, {"tag": "webcell", "attributes": {"_cellHtmlId": "testWebSection_cell_4", "cellColor": "#b1cdf7", "cellDescription": "", "cellId": "4", "gridPositions": "null"}, "is_external": false, "used_time": 1, "children": [{"tag": "devices", "attributes": {}, "is_external": false, "used_time": 1, "children": [{"tag": "LargeDevice", "attributes": {}, "is_external": false, "used_time": 1, "children": [{"tag": "device", "attributes": {"generic": "true", "name": "generic"}, "is_external": false, "used_time": 1, "children": [{"tag": "position", "attributes": {"col": "4", "row": "5", "size_x": "15", "size_y": "1"}, "is_external": false, "used_time": 1, "children": []}]}]}, {"tag": "MediumDevice", "attributes": {}, "is_external": false, "used_time": 1, "children": [{"tag": "device", "attributes": {"generic": "true", "name": "generic"}, "is_external": false, "used_time": 1, "children": [{"tag": "position", "attributes": {"col": "1", "row": "5", "size_x": "18", "size_y": "1"}, "is_external": false, "used_time": 1, "children": []}]}]}, {"tag": "SmallDevice", "attributes": {}, "is_external": false, "used_time": 1, "children": [{"tag": "device", "attributes": {"generic": "true", "name": "generic"}, "is_external": false, "used_time": 1, "children": [{"tag": "position", "attributes": {"col": "1", "row": "4", "size_x": "19", "size_y": "2"}, "is_external": false, "used_time": 1, "children": []}]}]}]}, {"tag": "discardedDevices", "attributes": {"SmallDevice.generic": "true"}, "is_external": false, "used_time": 1, "children": []}]}, {"tag": "webcell", "attributes": {"_cellHtmlId": "testWebSection_cell_5", "cellColor": "#fafcff", "cellDescription": "", "cellId": "5", "gridPositions": "null"}, "is_external": false, "used_time": 1, "children": [{"tag": "devices", "attributes": {}, "is_external": false, "used_time": 1, "children": [{"tag": "LargeDevice", "attributes": {}, "is_external": false, "used_time": 1, "children": [{"tag": "device", "attributes": {"generic": "true", "name": "generic"}, "is_external": false, "used_time": 1, "children": [{"tag": "position", "attributes": {"col": "4", "row": "6", "size_x": "15", "size_y": "4"}, "is_external": false, "used_time": 1, "children": []}]}]}]}, {"tag": "discardedDevices", "attributes": {"MediumDevice.generic": "true"}, "is_external": false, "used_time": 1, "children": []}]}, {"tag": "webcell", "attributes": {"_cellHtmlId": "testWebSection_cell_6", "cellColor": "#f8fbff", "cellDescription": "", "cellId": "6", "gridPositions": "null"}, "is_external": false, "used_time": 1, "children": [{"tag": "devices", "attributes": {}, "is_external": false, "used_time": 1, "children": [{"tag": "LargeDevice", "attributes": {}, "is_external": false, "used_time": 1, "children": [{"tag": "device", "attributes": {"generic": "true", "name": "generic"}, "is_external": false, "used_time": 1, "children": [{"tag": "position", "attributes": {"col": "4", "row": "10", "size_x": "15", "size_y": "12"}, "is_external": false, "used_time": 1, "children": []}]}]}, {"tag": "MediumDevice", "attributes": {}, "is_external": false, "used_time": 1, "children": [{"tag": "device", "attributes": {"generic": "true", "name": "generic"}, "is_external": false, "used_time": 1, "children": [{"tag": "position", "attributes": {"col": "1", "row": "6", "size_x": "18", "size_y": "12"}, "is_external": false, "used_time": 1, "children": []}]}]}, {"tag": "SmallDevice", "attributes": {}, "is_external": false, "used_time": 1, "children": [{"tag": "device", "attributes": {"generic": "true", "name": "generic"}, "is_external": false, "used_time": 1, "children": [{"tag": "position", "attributes": {"col": "1", "row": "4", "size_x": "19", "size_y": "13"}, "is_external": false, "used_time": 1, "children": []}]}]}]}, {"tag": "discardedDevices", "attributes": {}, "is_external": false, "used_time": 1, "children": []}]}, {"tag": "webcell", "attributes": {"_cellHtmlId": "testWebSection_cell_7", "cellColor": "#cacaca", "cellDescription": "", "cellId": "7", "gridPositions": "null"}, "is_external": false, "used_time": 1, "children": [{"tag": "devices", "attributes": {}, "is_external": false, "used_time": 1, "children": [{"tag": "LargeDevice", "attributes": {}, "is_external": false, "used_time": 1, "children": [{"tag": "device", "attributes": {"generic": "true", "name": "generic"}, "is_external": false, "used_time": 1, "children": [{"tag": "position", "attributes": {"col": "19", "row": "1", "size_x": "3", "size_y": "21"}, "is_external": false, "used_time": 1, "children": []}]}]}]}, {"tag": "discardedDevices", "attributes": {"MediumDevice.generic": "true"}, "is_external": false, "used_time": 1, "children": []}]}]}, {"tag": "gridModel", "attributes": {"defaultGeneric": "LargeDevice", "horizontalMargin": "5", "id": "testWebContewt", "maxColumns": "24", "maxLines": "24", "showColors": "true", "showDescription": "true", "showHiddenSections": "false", "verticalMargin": "5"}, "is_external": false, "used_time": 1, "children": [{"tag": "availableDevices", "attributes": {}, "is_external": false, "used_time": 1, "children": [{"tag": "SmallDevice", "attributes": {"classIcon": "smalldevice-sprite icon", "id": "SmallDevice", "title": "Small_Devices", "zoom": "1.6"}, "is_external": false, "used_time": 1, "children": [{"tag": "devices", "attributes": {}, "is_external": false, "used_time": 1, "children": [{"tag": "device", "attributes": {"_aspectRatio": "71.40", "_pixelCount": "727040", "_pixelDim": "0.077", "_ppcm": "128.33", "_ppi": "325.969", "_viewAreaX": "88.51", "_viewAreaY": "49.86", "browserXSize": "334.52598425196857", "browserYSize": "188.4472440944882", "d": "4", "dMmm": "101.6", "generic": "false", "id": "Iphone5Retina", "name": "Iphone5Retina", "parentGroup": "SmallDevice", "resX": "1136", "resY": "640", "title": "Iphone 5 Retina"}, "is_external": false, "used_time": 1, "children": []}, {"tag": "device", "attributes": {"_aspectRatio": "16.9", "_pixelCount": "2073600", "_pixelDim": "0.057", "_ppcm": "175.2", "_ppi": "445.031", "_viewAreaX": "109.58", "_viewAreaY": "61.64", "browserXSize": "414.1606299212599", "browserYSize": "232.9700787401575", "d": "4.95", "dMmm": "125.73", "generic": "false", "id": "Nexus5", "name": "Nexus5", "parentGroup": "SmallDevice", "resX": "1920", "resY": "1080", "title": "Nexus 5"}, "is_external": false, "used_time": 1, "children": []}, {"tag": "device", "attributes": {"_aspectRatio": "3.2", "_pixelCount": "153600", "_pixelDim": "0.261", "_ppcm": "38.17", "_ppi": "96.956", "_viewAreaX": "125.74", "_viewAreaY": "83.83", "browserXSize": "475.2377952755906", "browserYSize": "316.83779527559057", "d": "5.95", "dMmm": "151.13", "generic": "false", "id": "generic", "name": "generic", "parentGroup": "SmallDevice", "resX": "480", "resY": "320", "title": "Generic Small Device"}, "is_external": false, "used_time": 1, "children": []}]}]}, {"tag": "MediumDevice", "attributes": {"classIcon": "mediumdevice-sprite icon", "id": "MediumDevice", "title": "Medium_Devices", "zoom": "1.2"}, "is_external": false, "used_time": 1, "children": [{"tag": "devices", "attributes": {}, "is_external": false, "used_time": 1, "children": [{"tag": "device", "attributes": {"_aspectRatio": "4.3", "_pixelCount": "3145728", "_pixelDim": "0.096", "_ppcm": "103.9", "_ppi": "263.917", "_viewAreaX": "197.1", "_viewAreaY": "147.82", "browserXSize": "744.9448818897638", "browserYSize": "558.6897637795275", "d": "9.7", "dMmm": "246.37999999999997", "generic": "false", "id": "Ipad4", "name": "Ipad4", "parentGroup": "MediumDevice", "resX": "2048", "resY": "1536", "title": "Ipad 4 Retina"}, "is_external": false, "used_time": 1, "children": []}, {"tag": "device", "attributes": {"_aspectRatio": "4.3", "_pixelCount": "3145728", "_pixelDim": "0.078", "_ppcm": "127.57", "_ppi": "324.05", "_viewAreaX": "160.52", "_viewAreaY": "120.39", "browserXSize": "606.6897637795277", "browserYSize": "455.0173228346457", "d": "7.9", "dMmm": "200.66", "generic": "false", "id": "IpadMini2", "name": "IpadMini2", "parentGroup": "MediumDevice", "resX": "2048", "resY": "1536", "title": "Ipad Mini Second Generation"}, "is_external": false, "used_time": 1, "children": []}, {"tag": "device", "attributes": {"_aspectRatio": "16.10", "_pixelCount": "2304000", "_pixelDim": "0.078", "_ppcm": "126.98", "_ppi": "322.529", "_viewAreaX": "151.2", "_viewAreaY": "94.5", "browserXSize": "571.4645669291339", "browserYSize": "357.1653543307087", "d": "7.02", "dMmm": "178.308", "generic": "false", "id": "Nexus72013", "name": "Nexus72013", "parentGroup": "MediumDevice", "resX": "1920", "resY": "1200", "title": "Nexus 7 2013"}, "is_external": false, "used_time": 1, "children": []}, {"tag": "device", "attributes": {"_aspectRatio": "1024.767", "_pixelCount": "785408", "_pixelDim": "0.178", "_ppcm": "55.96", "_ppi": "142.155", "_viewAreaX": "182.96", "_viewAreaY": "137.04", "browserXSize": "691.5023622047245", "browserYSize": "517.9464566929134", "d": "9", "dMmm": "228.6", "generic": "false", "id": "generic", "name": "generic", "parentGroup": "MediumDevice", "resX": "1024", "resY": "767", "title": "Generic Medium Device"}, "is_external": false, "used_time": 1, "children": []}]}]}, {"tag": "LargeDevice", "attributes": {"classIcon": "largedevice-sprite icon", "id": "LargeDevice", "title": "Large_Devices", "zoom": "0.6"}, "is_external": false, "used_time": 1, "children": [{"tag": "devices", "attributes": {}, "is_external": false, "used_time": 1, "children": [{"tag": "device", "attributes": {"_aspectRatio": "175.96", "_pixelCount": "1075200", "_pixelDim": "0.27", "_ppcm": "36.98", "_ppi": "93.93", "_viewAreaX": "378.57", "_viewAreaY": "207.67", "browserXSize": "1430.8157480314962", "browserYSize": "784.8944881889764", "d": "17", "dMmm": "431.79999999999995", "generic": "false", "id": "generic", "name": "generic", "parentGroup": "LargeDevice", "resX": "1400", "resY": "768", "title": "Generic Large Device"}, "is_external": false, "used_time": 1, "children": []}]}]}]}]}]}]}]}]}