{"tag": "repository_Template", "attributes": {"activated": "false", "date": "2022-11-09 10_02_36.681", "description": "M\u00c3\u0083\u00c2\u0083\u00c3\u0082\u00c2\u00a9tamod\u00c3\u0083\u00c2\u0083\u00c3\u0082\u00c2\u00a8le GRC courriers standards", "domainid": "3624", "id": "570347", "isPlugin": "false", "lastFunctionDate": "2022-11-09 10_02_36.697", "lastFunctionParent": "30", "lastFunctionUser": "5", "name": "MAGCIC101", "resdescid": "266058", "subtypes": "", "version": "1.6"}, "children": [{"tag": "CONTENT", "attributes": {"debugMode": "0", "indexingType": "Document", "maxIdTemplate": "54", "messageFilter": "", "monoDataLoader": "true", "tagVersion": "E_P3_1_2_2_1q23"}, "children": [{"tag": "repository_TextStyle", "attributes": {"hidden": "true", "resdescid": "204142"}, "is_external": true, "used_time": 259, "resdescid": "204142", "children": []}, {"tag": "repository_DataManager", "attributes": {"default": "true", "name": "trans_grc_cou", "resdescid": "19208"}, "is_external": true, "used_time": 20, "resdescid": "19208", "children": []}, {"tag": "inputData", "attributes": {"current": "xxxxxx-000007Y-GCIIC1N-A-140113173144_GCI_1_C1.xml", "filter": ""}, "is_external": false, "used_time": 1, "children": []}, {"tag": "indexData", "attributes": {"columnIndex": "2", "columnNamed": "-1", "indexingType": "Document"}, "is_external": false, "used_time": 1, "children": [{"tag": "repository_SimpleSubstitutionTable", "attributes": {"expanded": "true", "resdescid": "20968"}, "is_external": true, "used_time": 57, "resdescid": "20968", "children": []}]}, {"tag": "repository_TemplateClass", "attributes": {"expanded": "true", "idTemplate": "2", "resdescid": "265708"}, "is_external": true, "used_time": 17, "resdescid": "265708", "children": [{"tag": "CONTENT", "attributes": {}, "is_external": false, "used_time": 1, "children": []}, {"tag": "TemplateClass_Anchor", "attributes": {"description": "", "idAnchor": "6", "idOwner": "265708", "idTemplate": "3", "name": "Placement Premier ent\u00c3\u00aate", "usage": "use"}, "is_external": false, "used_time": 1, "children": []}, {"tag": "TemplateClass_Anchor", "attributes": {"description": "", "idAnchor": "10", "idOwner": "265708", "idTemplate": "4", "name": "ALIM_FLAG_MULTIDOC", "usage": "use"}, "is_external": false, "used_time": 1, "children": []}, {"tag": "TemplateClass_Anchor", "attributes": {"description": "", "idAnchor": "11", "idOwner": "265708", "idTemplate": "5", "name": "ALIM_VARIABLES_SURCHARGE", "usage": "use"}, "is_external": false, "used_time": 1, "children": []}, {"tag": "TemplateClass_Anchor", "attributes": {"description": "", "expanded": "true", "idAnchor": "13", "idOwner": "265708", "idTemplate": "6", "name": "REFERENCES", "usage": "use"}, "is_external": false, "used_time": 1, "children": [{"tag": "repository_TemplateSubSet", "attributes": {"idTemplate": "23", "resdescid": "5668"}, "is_external": true, "used_time": 19, "resdescid": "5668", "children": [{"tag": "CONTENT", "attributes": {"z_deltaY": "1500", "z_leftIndent": "0", "z_localCtxUnit": "100p", "z_rightIndent": "0", "z_type": "CtxDyn"}, "is_external": false, "used_time": 1, "children": []}]}]}, {"tag": "TemplateClass_Anchor", "attributes": {"description": "", "expanded": "true", "idAnchor": "12", "idOwner": "265708", "idTemplate": "7", "name": "ADRESSE_POSTAL", "usage": "use"}, "is_external": false, "used_time": 1, "children": [{"tag": "repository_TemplateSubSet", "attributes": {"idTemplate": "24", "resdescid": "265705"}, "is_external": true, "used_time": 11, "resdescid": "265705", "children": [{"tag": "CONTENT", "attributes": {}, "is_external": false, "used_time": 1, "children": []}]}]}, {"tag": "TemplateClass_Anchor", "attributes": {"description": "", "idAnchor": "7", "idOwner": "265708", "idTemplate": "8", "name": "Placement Ent\u00c3\u00aate", "usage": "use"}, "is_external": false, "used_time": 1, "children": []}, {"tag": "TemplateClass_Anchor", "attributes": {"description": "", "idAnchor": "19", "idOwner": "265708", "idTemplate": "9", "name": "Placement Corps de page", "usage": "use"}, "is_external": false, "used_time": 1, "children": []}, {"tag": "TemplateClass_Anchor", "attributes": {"description": "", "idAnchor": "33", "idOwner": "265708", "idTemplate": "10", "name": "RECOMMANDE", "usage": "use"}, "is_external": false, "used_time": 1, "children": []}, {"tag": "TemplateClass_Anchor", "attributes": {"description": "", "idAnchor": "14", "idOwner": "265708", "idTemplate": "11", "name": "ATTENTION", "usage": "use"}, "is_external": false, "used_time": 1, "children": []}, {"tag": "TemplateClass_Anchor", "attributes": {"description": "", "expanded": "true", "idAnchor": "18", "idOwner": "265708", "idTemplate": "13", "name": "OBJET", "usage": "use"}, "is_external": false, "used_time": 1, "children": [{"tag": "MessageLoop", "attributes": {"description": "", "expanded": "true", "idTemplate": "25", "messageName": "itenteteeditique", "name": "ForAll _ itenteteeditique"}, "is_external": false, "used_time": 1, "children": [{"tag": "CONTENT", "attributes": {}, "is_external": false, "used_time": 1, "children": []}, {"tag": "repository_TemplateSubSet", "attributes": {"idTemplate": "11", "resdescid": "234350"}, "is_external": true, "used_time": 13, "resdescid": "234350", "children": [{"tag": "CONTENT", "attributes": {}, "is_external": false, "used_time": 1, "children": []}]}, {"tag": "repository_Paragraph", "attributes": {"idTemplate": "31", "resdescid": "266055"}, "is_external": true, "used_time": 1, "resdescid": "266055", "children": [{"tag": "CONTENT", "attributes": {"adjacentNextTextUse": "nonallowed", "breakPageUse": "nonallowed", "orphansNumber": "0", "productionPolicyUse": "editable", "widowsNumber": "0", "z_deltaY": "0", "z_leftIndent": "0", "z_localCtxUnit": "100p", "z_rightIndent": "0", "z_type": "CtxDyn"}, "is_external": false, "used_time": 1, "children": [{"tag": "EditableInProduction", "attributes": {"editable": "false"}, "is_external": false, "used_time": 1, "children": []}]}]}, {"tag": "MessageLoop", "attributes": {"description": "", "idTemplate": "28", "messageName": "itinfovisite", "name": "ForAll _ itinfovisite"}, "is_external": false, "used_time": 1, "children": [{"tag": "CONTENT", "attributes": {}, "is_external": false, "used_time": 1, "children": []}]}, {"tag": "MessageLoop", "attributes": {"description": "", "idTemplate": "29", "messageName": "itcontrat", "name": "ForAll _ itcontrat"}, "is_external": false, "used_time": 1, "children": [{"tag": "CONTENT", "attributes": {}, "is_external": false, "used_time": 1, "children": []}]}, {"tag": "CustomObject", "attributes": {"description": "", "idTemplate": "30", "name": "UPPER_CASE"}, "is_external": false, "used_time": 1, "children": [{"tag": "CONTENT", "attributes": {"CusVar_CustomComponentName": "python_exec", "CusVar_CustomLibrary": "generic", "code": "techvars.itcontrat_L_ContratType=techvars.itcontrat_L_ContratType.upper()", "tagVersion": "E_P3_1_1_4_2q53"}, "is_external": false, "used_time": 1, "children": [{"tag": "repository_CustomLibrary", "attributes": {"resdescid": "40"}, "is_external": true, "used_time": 207, "resdescid": "40", "children": [{"tag": "CustomObject", "attributes": {"name": "python_exec"}, "is_external": false, "used_time": 1, "children": []}]}]}]}]}]}, {"tag": "TemplateClass_Anchor", "attributes": {"description": "", "expanded": "true", "idAnchor": "17", "idOwner": "265708", "idTemplate": "12", "name": "DATE", "usage": "use"}, "is_external": false, "used_time": 1, "children": [{"tag": "repository_TemplateSubSet", "attributes": {"idTemplate": "46", "resdescid": "266009"}, "is_external": true, "used_time": 12, "resdescid": "266009", "children": [{"tag": "CONTENT", "attributes": {}, "is_external": false, "used_time": 1, "children": []}]}]}, {"tag": "TemplateClass_Anchor", "attributes": {"description": "", "expanded": "true", "idAnchor": "21", "idOwner": "265708", "idTemplate": "14", "name": "CORPS", "usage": "use"}, "is_external": false, "used_time": 1, "children": [{"tag": "repository_TemplateSubSet", "attributes": {"idTemplate": "34", "resdescid": "234352"}, "is_external": true, "used_time": 17, "resdescid": "234352", "children": [{"tag": "CONTENT", "attributes": {"z_automatic": "true", "z_deltaY": "1417", "z_leftIndent": "0", "z_localCtxUnit": "100p", "z_rightIndent": "0", "z_type": "CtxDyn"}, "is_external": false, "used_time": 1, "children": []}]}, {"tag": "Paragraph", "attributes": {"description": "C1 - Nouveau conseiller corps 01", "idTemplate": "35", "name": "PC_AGCI_C1_Corps_01"}, "is_external": false, "used_time": 1, "children": [{"tag": "CONTENT", "attributes": {"adjacentNextTextUse": "nonallowed", "breakPage": "nonallowed_always", "currentZoom": "100", "productionPolicy": "editable_reviewable", "productionPolicyUse": "editable", "spellingLang": "FR", "tagVersion": "E_P3_1_1_4_2q53", "woLock": "true", "z_automatic": "true", "z_deltaY": "1400", "z_leftIndent": "0", "z_localCtxUnit": "100p", "z_rightIndent": "0", "z_type": "CtxDyn"}, "is_external": false, "used_time": 1, "children": [{"tag": "LocalVars", "attributes": {}, "is_external": false, "used_time": 1, "children": []}, {"tag": "STYLE-AUTOMATIC", "attributes": {}, "is_external": false, "used_time": 1, "children": []}, {"tag": "TEXT", "attributes": {}, "is_external": false, "used_time": 1, "children": [{"tag": "repository_TextStyle", "attributes": {"resdescid": "4986"}, "is_external": true, "used_time": 206, "resdescid": "4986", "children": [{"tag": "CustomFunc", "attributes": {"description": "", "name": "VF_PXXX_LibSociete_LibelleSocieteMaj", "subtypes": ""}, "is_external": false, "used_time": 1, "children": [{"tag": "CONTENT", "attributes": {"isDelayed": "false", "isEditableInProduction": "false", "isWizard": "false", "tagVersion": "E_P3_1_1_4_2q53"}, "is_external": false, "used_time": 1, "children": [{"tag": "XML_VALUE", "attributes": {"category": "cell", "inputColumnUID": "1", "resultColumnUID": "22", "type": "list"}, "is_external": false, "used_time": 1, "children": [{"tag": "repository_SimpleSubstitutionTable", "attributes": {"expanded": "true", "resdescid": "4540"}, "is_external": true, "used_time": 1, "resdescid": "4540", "children": []}, {"tag": "XML_VALUE", "attributes": {"type": "expression"}, "is_external": false, "used_time": 1, "children": []}, {"tag": "InputValueDefault", "attributes": {"type": "multiple"}, "is_external": false, "used_time": 1, "children": [{"tag": "XML_VALUE", "attributes": {"type": "expression"}, "is_external": false, "used_time": 1, "children": []}]}]}, {"tag": "WIZARD_VALUE", "attributes": {}, "is_external": false, "used_time": 1, "children": [{"tag": "Parameter", "attributes": {"category": "Edit", "currentPath": "", "description": "", "directoryChoice": "false", "guiEmbeddedVariableTarget": "false", "hideVarName": "false", "isEditable": "false", "linesNumber": "10", "parameterValue": "", "position": "vertical", "subElementsDisplayMode": "Enabled_Disabled", "titleBorder": "true", "withAbsolutePath": "true", "withParameter": "false", "withScroll": "false", "with_unit": "false"}, "is_external": false, "used_time": 1, "children": [{"tag": "Parameter_HelpInfo", "attributes": {}, "is_external": false, "used_time": 1, "children": []}]}]}]}]}]}]}]}]}, {"tag": "repository_Paragraph", "attributes": {"idTemplate": "36", "resdescid": "266052"}, "is_external": true, "used_time": 1, "resdescid": "266052", "children": [{"tag": "CONTENT", "attributes": {"adjacentNextTextUse": "nonallowed", "breakPageUse": "nonallowed", "orphansNumber": "0", "productionPolicyUse": "editable", "widowsNumber": "0", "z_automatic": "true", "z_deltaY": "800", "z_leftIndent": "0", "z_localCtxUnit": "100p", "z_rightIndent": "0", "z_type": "CtxDyn"}, "is_external": false, "used_time": 1, "children": [{"tag": "EditableInProduction", "attributes": {"editable": "false"}, "is_external": false, "used_time": 1, "children": []}]}]}, {"tag": "Paragraph", "attributes": {"description": "C1 - Nouveau conseiller corps 03", "idTemplate": "37", "name": "PC_PAR_C1_GRC_Corps_03"}, "is_external": false, "used_time": 1, "children": [{"tag": "CONTENT", "attributes": {"adjacentNextTextUse": "nonallowed", "breakPage": "nonallowed_always", "currentZoom": "100", "productionPolicy": "editable_reviewable", "productionPolicyUse": "editable", "spellingLang": "US", "tagVersion": "E_P3_1_1_4_2q53", "woLock": "true", "z_automatic": "true", "z_deltaY": "1000", "z_leftIndent": "0", "z_localCtxUnit": "100p", "z_rightIndent": "0", "z_type": "CtxDyn"}, "is_external": false, "used_time": 1, "children": [{"tag": "repository_DataManager", "attributes": {"name": "trans_grc_cou", "resdescid": "19208"}, "is_external": true, "used_time": 20, "resdescid": "19208", "children": []}, {"tag": "LocalVars", "attributes": {}, "is_external": false, "used_time": 1, "children": []}, {"tag": "STYLE-AUTOMATIC", "attributes": {}, "is_external": false, "used_time": 1, "children": []}, {"tag": "TEXT", "attributes": {}, "is_external": false, "used_time": 1, "children": [{"tag": "repository_TextStyle", "attributes": {"resdescid": "38630"}, "is_external": true, "used_time": 15, "resdescid": "38630", "children": [{"tag": "repository_Variable", "attributes": {"name": "gestionnaireadr_Prenom", "resdescid": "13131"}, "is_external": true, "used_time": 1, "resdescid": "13131", "children": []}, {"tag": "repository_Variable", "attributes": {"name": "gestionnaireadr_NomDenomination", "resdescid": "13142"}, "is_external": true, "used_time": 1, "resdescid": "13142", "children": []}]}, {"tag": "repository_TextStyle", "attributes": {"resdescid": "147992"}, "is_external": true, "used_time": 10, "resdescid": "147992", "children": [{"tag": "CustomFunc", "attributes": {"description": "", "name": "V_GestionnaireAdr_NumTel"}, "is_external": false, "used_time": 1, "children": [{"tag": "CONTENT", "attributes": {"isDelayed": "false", "isEditableInProduction": "false", "isWizard": "false", "tagVersion": "E_P3_1_1_4_2q53"}, "is_external": false, "used_time": 1, "children": [{"tag": "XML_VALUE", "attributes": {"type": "function"}, "is_external": false, "used_time": 1, "children": [{"tag": "repository_CustomLibrary", "attributes": {"CusVar_CustomComponentName": "FormatTel", "CusVar_CustomLibrary": "formatval", "resdescid": "230641", "var_format": "ValSortie1"}, "is_external": true, "used_time": 45, "resdescid": "230641", "children": [{"tag": "XML_VALUE", "attributes": {"name": "var_tel", "type": "expression"}, "is_external": false, "used_time": 1, "children": [{"tag": "repository_Variable", "attributes": {"name": "gestionnaireadr_N_Telephone", "resdescid": "6539"}, "is_external": true, "used_time": 3, "resdescid": "6539", "children": []}]}, {"tag": "CustomFunc", "attributes": {"name": "FormatTel"}, "is_external": false, "used_time": 1, "children": []}]}]}, {"tag": "WIZARD_VALUE", "attributes": {}, "is_external": false, "used_time": 1, "children": [{"tag": "Parameter", "attributes": {"category": "Edit", "currentPath": "", "description": "", "directoryChoice": "false", "guiEmbeddedVariableTarget": "false", "hideVarName": "false", "isEditable": "false", "linesNumber": "10", "parameterValue": "", "position": "vertical", "subElementsDisplayMode": "Enabled_Disabled", "titleBorder": "true", "withAbsolutePath": "true", "withParameter": "false", "withScroll": "false", "with_unit": "false"}, "is_external": false, "used_time": 1, "children": []}]}]}]}]}, {"tag": "repository_TextStyle", "attributes": {"resdescid": "147992"}, "is_external": true, "used_time": 10, "resdescid": "147992", "children": [{"tag": "CustomFunc", "attributes": {"description": "", "name": "V_Gestionnaire_ADR_NumTelecopie"}, "is_external": false, "used_time": 1, "children": [{"tag": "CONTENT", "attributes": {"isDelayed": "false", "isEditableInProduction": "false", "isWizard": "false", "tagVersion": "E_P3_1_1_4_2q53"}, "is_external": false, "used_time": 1, "children": [{"tag": "XML_VALUE", "attributes": {"type": "function"}, "is_external": false, "used_time": 1, "children": [{"tag": "repository_CustomLibrary", "attributes": {"CusVar_CustomComponentName": "FormatTel", "CusVar_CustomLibrary": "formatval", "resdescid": "230641", "var_format": "ValSortie1"}, "is_external": true, "used_time": 45, "resdescid": "230641", "children": [{"tag": "XML_VALUE", "attributes": {"name": "var_tel", "type": "expression"}, "is_external": false, "used_time": 1, "children": [{"tag": "repository_Variable", "attributes": {"name": "gestionnaireadr_N_Telecopie", "resdescid": "13138"}, "is_external": true, "used_time": 1, "resdescid": "13138", "children": []}]}, {"tag": "CustomFunc", "attributes": {"name": "FormatTel"}, "is_external": false, "used_time": 1, "children": []}]}]}, {"tag": "WIZARD_VALUE", "attributes": {}, "is_external": false, "used_time": 1, "children": [{"tag": "Parameter", "attributes": {"category": "Edit", "currentPath": "", "description": "", "directoryChoice": "false", "guiEmbeddedVariableTarget": "false", "hideVarName": "false", "isEditable": "false", "linesNumber": "10", "parameterValue": "", "position": "vertical", "subElementsDisplayMode": "Enabled_Disabled", "titleBorder": "true", "withAbsolutePath": "true", "withParameter": "false", "withScroll": "false", "with_unit": "false"}, "is_external": false, "used_time": 1, "children": []}]}]}]}]}, {"tag": "repository_TextStyle", "attributes": {"resdescid": "147992"}, "is_external": true, "used_time": 10, "resdescid": "147992", "children": [{"tag": "repository_Variable", "attributes": {"name": "gestionnaireadr_AdresseMail", "resdescid": "6536"}, "is_external": true, "used_time": 12, "resdescid": "6536", "children": []}]}]}]}]}, {"tag": "repository_Paragraph", "attributes": {"idTemplate": "38", "resdescid": "266053"}, "is_external": true, "used_time": 1, "resdescid": "266053", "children": [{"tag": "CONTENT", "attributes": {"adjacentNextTextUse": "nonallowed", "breakPageUse": "nonallowed", "orphansNumber": "0", "productionPolicyUse": "editable", "widowsNumber": "0", "z_automatic": "true", "z_deltaY": "1000", "z_leftIndent": "0", "z_localCtxUnit": "100p", "z_rightIndent": "0", "z_type": "CtxDyn"}, "is_external": false, "used_time": 1, "children": [{"tag": "EditableInProduction", "attributes": {"editable": "false"}, "is_external": false, "used_time": 1, "children": []}]}]}, {"tag": "LocalContext", "attributes": {"description": "", "expanded": "true", "idTemplate": "39", "name": "nouveau Zone"}, "is_external": false, "used_time": 1, "children": [{"tag": "CONTENT", "attributes": {"deltaY": "800", "leftIndent": "0", "localCtxUnit": "100p", "rightIndent": "0", "type": "CtxDyn"}, "is_external": false, "used_time": 1, "children": []}, {"tag": "repository_Paragraph", "attributes": {"idTemplate": "183", "resdescid": "266056"}, "is_external": true, "used_time": 1, "resdescid": "266056", "children": [{"tag": "CONTENT", "attributes": {"adjacentNextTextUse": "nonallowed", "breakPageUse": "nonallowed", "productionPolicyUse": "editable"}, "is_external": false, "used_time": 1, "children": [{"tag": "EditableInProduction", "attributes": {"editable": "false"}, "is_external": false, "used_time": 1, "children": []}]}]}]}, {"tag": "repository_Paragraph", "attributes": {"idTemplate": "40", "resdescid": "266054"}, "is_external": true, "used_time": 1, "resdescid": "266054", "children": [{"tag": "CONTENT", "attributes": {"adjacentNextTextUse": "nonallowed", "breakPageUse": "nonallowed", "orphansNumber": "0", "productionPolicyUse": "editable", "widowsNumber": "0", "z_automatic": "true", "z_deltaY": "800", "z_leftIndent": "0", "z_localCtxUnit": "100p", "z_rightIndent": "0", "z_type": "CtxDyn"}, "is_external": false, "used_time": 1, "children": [{"tag": "EditableInProduction", "attributes": {"editable": "false"}, "is_external": false, "used_time": 1, "children": []}]}]}]}, {"tag": "TemplateClass_Anchor", "attributes": {"description": "", "expanded": "true", "idAnchor": "20", "idOwner": "265708", "idTemplate": "15", "name": "FORMULE_POLITESSE", "usage": "use"}, "is_external": false, "used_time": 1, "children": [{"tag": "LocalContext", "attributes": {"description": "", "expanded": "true", "idTemplate": "42", "name": "nouveau Zone"}, "is_external": false, "used_time": 1, "children": [{"tag": "CONTENT", "attributes": {"deltaY": "1400", "leftIndent": "0", "localCtxUnit": "100p", "rightIndent": "0", "secable": "No", "type": "CtxDyn"}, "is_external": false, "used_time": 1, "children": []}, {"tag": "repository_Paragraph", "attributes": {"idTemplate": "192", "resdescid": "266057"}, "is_external": true, "used_time": 8, "resdescid": "266057", "children": [{"tag": "CONTENT", "attributes": {"adjacentNextTextUse": "nonallowed", "breakPageUse": "nonallowed", "orphansNumber": "0", "productionPolicyUse": "editable", "widowsNumber": "0"}, "is_external": false, "used_time": 1, "children": [{"tag": "EditableInProduction", "attributes": {"editable": "false"}, "is_external": false, "used_time": 1, "children": []}]}]}, {"tag": "repository_TemplateSubSet", "attributes": {"idTemplate": "197", "resdescid": "266042"}, "is_external": true, "used_time": 2, "resdescid": "266042", "children": [{"tag": "CONTENT", "attributes": {"WZ_actionrule": "xsl/default", "WZ_viewname": "css/default", "currentZoom": "100", "defaultTextStyle": "23", "maxIdTemplate": "3", "messageFilter": "", "monoDataLoader": "false"}, "is_external": false, "used_time": 1, "children": []}]}]}]}, {"tag": "TemplateClass_Anchor", "attributes": {"description": "", "idAnchor": "31", "idOwner": "265708", "idTemplate": "16", "name": "RENSEIGNEMENT COMPLEMENTAIRE", "usage": "use"}, "is_external": false, "used_time": 1, "children": []}, {"tag": "TemplateClass_Anchor", "attributes": {"description": "", "idAnchor": "16", "idOwner": "265708", "idTemplate": "17", "name": "PIECES_JOINTES", "usage": "use"}, "is_external": false, "used_time": 1, "children": []}, {"tag": "TemplateClass_Anchor", "attributes": {"description": "", "idAnchor": "32", "idOwner": "265708", "idTemplate": "18", "name": "DESTINATAIRES COPIES", "usage": "use"}, "is_external": false, "used_time": 1, "children": []}, {"tag": "TemplateClass_Anchor", "attributes": {"description": "", "idAnchor": "9", "idOwner": "265708", "idTemplate": "19", "name": "Placement Pied de page", "usage": "use"}, "is_external": false, "used_time": 1, "children": []}, {"tag": "TemplateClass_Anchor", "attributes": {"description": "", "idAnchor": "10", "idOwner": "265708", "idTemplate": "54", "name": "Placement Dernier pied de page", "usage": "use"}, "is_external": false, "used_time": 1, "children": []}]}]}]}