{"tag": "repository_Template", "attributes": {"activated": "false", "date": "2022-03-16 13_17_36.854", "description": "muti document encaissement", "domainid": "386", "id": "174867", "isPlugin": "false", "lastFunctionDate": "2022-03-16 13_18_13.183", "lastFunctionParent": "30", "lastFunctionUser": "9", "name": "encaissement", "resdescid": "168799", "subtypes": "", "version": "1.1"}, "children": [{"tag": "CONTENT", "attributes": {"WZ_actionrule": "xsl/default", "WZ_viewname": "css/default", "defaultTextStyle": "23", "indexingType": "Document", "indexingVarList": "\"IndexList\"", "monoDataLoader": "false"}, "children": [{"tag": "Custom", "attributes": {"expanded": "true", "name": "InitMultiDoc"}, "is_external": false, "used_time": 1, "children": [{"tag": "repository_CustomLibrary", "attributes": {"resdescid": "600"}, "is_external": true, "used_time": 118, "resdescid": "600", "children": []}, {"tag": "CONTENT", "attributes": {"CusVar_CustomComponentName": "InitMultiDoc", "CusVar_CustomLibrary": "dynamic", "lookandfeel": "windows"}, "is_external": false, "used_time": 1, "children": []}]}, {"tag": "repository_DataManager", "attributes": {"name": "encaissement", "resdescid": "164263"}, "is_external": true, "used_time": 5, "resdescid": "164263", "children": []}]}]}