{"tag": "repository_Template", "attributes": {"activated": "false", "date": "2022-05-04 20_05_25.395", "description": "D\u00c3\u0083\u00c2\u0083\u00c3\u0082\u00c2\u00a9caissement Interm\u00c3\u0083\u00c2\u0083\u00c3\u0082\u00c2\u00a9diaire - Lettre ch\u00c3\u0083\u00c2\u0083\u00c3\u0082\u00c2\u00a8que 1RDICFR01-2RDICFR01-3RDICFR01-4RDICFR01-5RDICFR01-6RDICFR01", "domainid": "1913", "id": "298064", "isPlugin": "false", "lastFunctionDate": "2022-05-04 20_08_56.894", "lastFunctionParent": "30", "lastFunctionUser": "5", "name": "MRDICFR01", "resdescid": "108219", "subtypes": "63", "version": "1.12"}, "children": [{"tag": "CONTENT", "attributes": {"WZ_actionrule": "xsl/default", "WZ_viewname": "css/default", "currentZoom": "100", "debugMode": "0", "defaultTextStyle": "23", "indexingType": "Document", "indexingVarList": "\"IndexList\"", "maxIdTemplate": "73", "messageFilter": "", "monoDataLoader": "true", "tagVersion": "E_P3_1_2_1_6q22"}, "children": [{"tag": "repository_TextStyle", "attributes": {"hidden": "true", "resdescid": "4271"}, "is_external": true, "used_time": 185, "resdescid": "4271", "children": []}, {"tag": "repository_DataManager", "attributes": {"default": "true", "name": "decaissement", "resdescid": "21280"}, "is_external": true, "used_time": 22, "resdescid": "21280", "children": []}, {"tag": "inputData", "attributes": {"current": "620000-xxxxxxx-DECBMDN-x-190419160746-2RDIVFR01.xml", "filter": ""}, "is_external": false, "used_time": 1, "children": []}, {"tag": "indexData", "attributes": {"columnIndex": "0", "columnNamed": "-1", "indexingType": "Document"}, "is_external": false, "used_time": 1, "children": [{"tag": "SimpleSubstitutionTable", "attributes": {"name": "Tableau local"}, "is_external": false, "used_time": 1, "children": [{"tag": "CONTENT", "attributes": {"nbCol": "1", "nbRow": "1"}, "is_external": false, "used_time": 1, "children": [{"tag": "Row", "attributes": {}, "is_external": false, "used_time": 1, "children": [{"tag": "CONTENT", "attributes": {"UID": "0"}, "is_external": false, "used_time": 1, "children": [{"tag": "Cell", "attributes": {}, "is_external": false, "used_time": 1, "children": [{"tag": "CONTENT", "attributes": {}, "is_external": false, "used_time": 1, "children": [{"tag": "XML_VALUE", "attributes": {"type": "expression"}, "is_external": false, "used_time": 1, "children": []}]}]}]}]}, {"tag": "Column", "attributes": {}, "is_external": false, "used_time": 1, "children": [{"tag": "CONTENT", "attributes": {"UID": "0", "category": "expression", "name": "Indexes"}, "is_external": false, "used_time": 1, "children": [{"tag": "name", "attributes": {}, "is_external": false, "used_time": 1, "children": [{"tag": "XML_VALUE", "attributes": {"type": "expression"}, "is_external": false, "used_time": 1, "children": []}]}]}]}]}]}]}, {"tag": "repository_PageContext", "attributes": {"expanded": "true", "idTemplate": "1", "resdescid": "55204"}, "is_external": true, "used_time": 11, "resdescid": "55204", "children": [{"tag": "CONTENT", "attributes": {"pageName": "1_1_1"}, "is_external": false, "used_time": 1, "children": []}, {"tag": "Header", "attributes": {"description": "", "expanded": "true", "idTemplate": "2", "name": "En-t\u00c3\u00aate", "usage": "use"}, "is_external": false, "used_time": 1, "children": [{"tag": "repository_CustomObject", "attributes": {"idTemplate": "53", "resdescid": "55203"}, "is_external": true, "used_time": 21, "resdescid": "55203", "children": []}, {"tag": "CustomObject", "attributes": {"description": "", "idTemplate": "3", "name": "InitPageOps"}, "is_external": false, "used_time": 1, "children": [{"tag": "CONTENT", "attributes": {"CusVar_CustomComponentName": "InitPageOps", "CusVar_CustomLibrary": "smacustoms", "numero_page": "DocVar_NumCurrentPage"}, "is_external": false, "used_time": 1, "children": [{"tag": "repository_CustomLibrary", "attributes": {"resdescid": "679"}, "is_external": true, "used_time": 365, "resdescid": "679", "children": [{"tag": "CustomObject", "attributes": {"name": "InitPageOps"}, "is_external": false, "used_time": 1, "children": []}]}]}]}, {"tag": "repository_If", "attributes": {"expanded": "false", "idTemplate": "57", "resdescid": "5605"}, "is_external": true, "used_time": 19, "resdescid": "5605", "children": [{"tag": "If_VALUE", "attributes": {"condid": "0", "description": "simple condition", "expanded": "true", "idTemplate": "58", "name": "si 1ere page", "usage": "use"}, "is_external": false, "used_time": 1, "children": [{"tag": "CustomObject", "attributes": {"description": "", "idTemplate": "59", "name": "InitIndex"}, "is_external": false, "used_time": 1, "children": [{"tag": "CONTENT", "attributes": {"CusVar_CustomComponentName": "InitIndex", "CusVar_CustomLibrary": "smacustoms"}, "is_external": false, "used_time": 1, "children": [{"tag": "repository_CustomLibrary", "attributes": {"resdescid": "679"}, "is_external": true, "used_time": 365, "resdescid": "679", "children": [{"tag": "CustomObject", "attributes": {"name": "InitIndex"}, "is_external": false, "used_time": 1, "children": []}]}]}]}]}]}, {"tag": "repository_TemplateSubSet", "attributes": {"idTemplate": "51", "resdescid": "5383"}, "is_external": true, "used_time": 79, "resdescid": "5383", "children": [{"tag": "CONTENT", "attributes": {"currentZoom": "50", "maxIdTemplate": "24", "messageFilter": "", "monoDataLoader": "true", "z_deltaY": "0", "z_leftIndent": "0", "z_localCtxUnit": "100p", "z_rightIndent": "0", "z_type": "CtxDynTop"}, "is_external": false, "used_time": 1, "children": []}]}, {"tag": "repository_TemplateSubSet", "attributes": {"idTemplate": "72", "resdescid": "55206"}, "is_external": true, "used_time": 13, "resdescid": "55206", "children": [{"tag": "CONTENT", "attributes": {}, "is_external": false, "used_time": 1, "children": []}]}]}, {"tag": "Body", "attributes": {"description": "", "expanded": "true", "idTemplate": "6", "name": "Corps de page", "usage": "use"}, "is_external": false, "used_time": 1, "children": [{"tag": "MessageLoop", "attributes": {"description": "", "expanded": "true", "idTemplate": "8", "messageName": "itenteteeditique", "name": "ForAll _ itenteteeditique"}, "is_external": false, "used_time": 1, "children": [{"tag": "MessageLoop", "attributes": {"description": "", "idTemplate": "9", "messageName": "itdocuments", "name": "ForAll _ itdocuments"}, "is_external": false, "used_time": 1, "children": []}]}, {"tag": "MessageLoop", "attributes": {"description": "", "idTemplate": "10", "messageName": "itfrais", "name": "ForAll _ itfrais"}, "is_external": false, "used_time": 1, "children": []}, {"tag": "repository_TemplateSubSet", "attributes": {"idOwnerUse": "103", "idTemplate": "11", "resdescid": "101595"}, "is_external": true, "used_time": 2, "resdescid": "101595", "children": [{"tag": "CONTENT", "attributes": {"z_deltaY": "3685", "z_leftIndent": "0", "z_localCtxUnit": "100p", "z_rightIndent": "0", "z_type": "CtxDyn"}, "is_external": false, "used_time": 1, "children": []}]}, {"tag": "repository_TemplateSubSet", "attributes": {"idTemplate": "67", "resdescid": "31984"}, "is_external": true, "used_time": 2, "resdescid": "31984", "children": [{"tag": "CONTENT", "attributes": {"z_deltaY": "5669", "z_leftIndent": "26362", "z_localCtxUnit": "100p", "z_rightIndent": "0", "z_type": "CtxDynTop"}, "is_external": false, "used_time": 1, "children": []}]}, {"tag": "CustomObject", "attributes": {"description": "", "idTemplate": "14", "name": "OrdreCheque"}, "is_external": false, "used_time": 1, "children": [{"tag": "CONTENT", "attributes": {"CusVar_CustomComponentName": "VariableLocale", "CusVar_CustomLibrary": "smacustoms", "LocalVarName": "OrdreCheque", "LocalVarValue": "\"adrintermediaire_CodCivilite\" \"adrintermediaire_Nom\" \"adrintermediaire_Prenom\""}, "is_external": false, "used_time": 1, "children": [{"tag": "repository_CustomLibrary", "attributes": {"resdescid": "679"}, "is_external": true, "used_time": 365, "resdescid": "679", "children": [{"tag": "CustomObject", "attributes": {"name": "VariableLocale"}, "is_external": false, "used_time": 1, "children": []}]}]}]}, {"tag": "CustomObject", "attributes": {"description": "", "idTemplate": "62", "name": "MntReverse"}, "is_external": false, "used_time": 1, "children": [{"tag": "CONTENT", "attributes": {"CusVar_CustomComponentName": "VariableLocale", "CusVar_CustomLibrary": "smacustoms", "LocalVarName": "MntReverse", "LocalVarValue": "\"generaldecaiss_MntReverse\""}, "is_external": false, "used_time": 1, "children": [{"tag": "repository_CustomLibrary", "attributes": {"resdescid": "679"}, "is_external": true, "used_time": 365, "resdescid": "679", "children": [{"tag": "CustomObject", "attributes": {"name": "VariableLocale"}, "is_external": false, "used_time": 1, "children": []}]}]}]}, {"tag": "CustomObject", "attributes": {"description": "", "idTemplate": "64", "name": "Nouveau FormatNombre"}, "is_external": false, "used_time": 1, "children": [{"tag": "CONTENT", "attributes": {"CusVar_CustomComponentName": "FormatNombre", "CusVar_CustomLibrary": "smacustoms", "FormatNbDecimales": "2", "FormatNbDecimalesMin": "2", "FormatNbListe": "MntReverse", "FormatNbParametres": "", "FormatNbTranscoAjout": "non", "FormatNbValAjout": ""}, "is_external": false, "used_time": 1, "children": [{"tag": "repository_CustomLibrary", "attributes": {"resdescid": "679"}, "is_external": true, "used_time": 365, "resdescid": "679", "children": [{"tag": "CustomObject", "attributes": {"name": "FormatNombre"}, "is_external": false, "used_time": 1, "children": []}]}]}]}, {"tag": "CustomObject", "attributes": {"description": "", "idTemplate": "66", "name": "CTrimString"}, "is_external": false, "used_time": 1, "children": [{"tag": "CONTENT", "attributes": {"CusVar_CustomComponentName": "CTrimString", "CusVar_CustomLibrary": "smacustoms", "VarListeDecoup": "MntReverse", "end": "\u00c2\u00a0", "start": "L"}, "is_external": false, "used_time": 1, "children": [{"tag": "repository_CustomLibrary", "attributes": {"resdescid": "679"}, "is_external": true, "used_time": 365, "resdescid": "679", "children": [{"tag": "CustomObject", "attributes": {"name": "CTrimString"}, "is_external": false, "used_time": 1, "children": []}]}]}]}, {"tag": "repository_Paragraph", "attributes": {"idTemplate": "16", "resdescid": "101587"}, "is_external": true, "used_time": 2, "resdescid": "101587", "children": [{"tag": "CONTENT", "attributes": {"adjacentNextTextUse": "nonallowed", "productionPolicyUse": "editable", "z_automatic": "true", "z_deltaY": "15590", "z_leftIndent": "0", "z_localCtxUnit": "100p", "z_rightIndent": "0", "z_type": "CtxDynTop"}, "is_external": false, "used_time": 1, "children": []}]}, {"tag": "repository_Paragraph", "attributes": {"idTemplate": "17", "resdescid": "101588"}, "is_external": true, "used_time": 2, "resdescid": "101588", "children": [{"tag": "CONTENT", "attributes": {"adjacentNextTextUse": "nonallowed", "productionPolicyUse": "editable", "z_automatic": "true", "z_deltaY": "4251", "z_leftIndent": "0", "z_localCtxUnit": "100p", "z_rightIndent": "0", "z_type": "CtxDyn"}, "is_external": false, "used_time": 1, "children": []}]}, {"tag": "repository_TemplateSubSet", "attributes": {"idOwnerUse": "84", "idTemplate": "18", "resdescid": "51882"}, "is_external": true, "used_time": 51, "resdescid": "51882", "children": [{"tag": "CONTENT", "attributes": {"z_automatic": "true", "z_deltaY": "16606", "z_leftIndent": "0", "z_localCtxUnit": "100p", "z_rightIndent": "0", "z_type": "CtxDynTop"}, "is_external": false, "used_time": 1, "children": []}]}, {"tag": "repository_Paragraph", "attributes": {"idTemplate": "19", "resdescid": "101589"}, "is_external": true, "used_time": 2, "resdescid": "101589", "children": [{"tag": "CONTENT", "attributes": {"adjacentNextTextUse": "nonallowed", "productionPolicyUse": "editable", "z_automatic": "true", "z_deltaY": "25500", "z_leftIndent": "0", "z_localCtxUnit": "100p", "z_rightIndent": "0", "z_type": "CtxDynTop"}, "is_external": false, "used_time": 1, "children": []}]}, {"tag": "Paragraph", "attributes": {"description": "Nous avons le plaisir de vous adresser", "idTemplate": "60", "name": "PC_RDIC_FR_NousAvonsLePlaisir_01"}, "is_external": false, "used_time": 1, "children": [{"tag": "CONTENT", "attributes": {"adjacentNextTextUse": "nonallowed", "breakPage": "nonallowed_always", "breakPageUse": "nonallowed", "currentZoom": "100", "orphansNumber": "0", "productionPolicy": "editable_reviewable", "productionPolicyUse": "editable", "spellingLang": "FR", "widowsNumber": "0", "woLock": "true", "z_automatic": "true", "z_deltaY": "1133", "z_leftIndent": "0", "z_localCtxUnit": "100p", "z_rightIndent": "0", "z_type": "CtxDyn"}, "is_external": false, "used_time": 1, "children": [{"tag": "LocalVars", "attributes": {}, "is_external": false, "used_time": 1, "children": []}, {"tag": "STYLE-AUTOMATIC", "attributes": {}, "is_external": false, "used_time": 1, "children": []}, {"tag": "TEXT", "attributes": {}, "is_external": false, "used_time": 1, "children": [{"tag": "repository_TextStyle", "attributes": {"resdescid": "4346"}, "is_external": true, "used_time": 280, "resdescid": "4346", "children": [{"tag": "TextStyle", "attributes": {}, "is_external": false, "used_time": 1, "children": [{"tag": "CONTENT", "attributes": {"category": "character"}, "is_external": false, "used_time": 1, "children": [{"tag": "PROPERTIES_FONT", "attributes": {"bold": "true"}, "is_external": false, "used_time": 1, "children": []}]}]}, {"tag": "is", "attributes": {}, "is_external": false, "used_time": 1, "children": []}, {"tag": "TextStyle", "attributes": {}, "is_external": false, "used_time": 1, "children": [{"tag": "CONTENT", "attributes": {"category": "character"}, "is_external": false, "used_time": 1, "children": [{"tag": "PROPERTIES_FONT", "attributes": {"bold": "true"}, "is_external": false, "used_time": 1, "children": []}]}]}, {"tag": "TextStyle", "attributes": {}, "is_external": false, "used_time": 1, "children": [{"tag": "CONTENT", "attributes": {"category": "character"}, "is_external": false, "used_time": 1, "children": [{"tag": "PROPERTIES_FONT", "attributes": {"bold": "true"}, "is_external": false, "used_time": 1, "children": []}]}]}]}]}]}]}, {"tag": "repository_Paragraph", "attributes": {"idTemplate": "21", "resdescid": "41945"}, "is_external": true, "used_time": 14, "resdescid": "41945", "children": [{"tag": "CONTENT", "attributes": {"adjacentNextTextUse": "nonallowed", "productionPolicyUse": "editable", "z_automatic": "true", "z_deltaY": "850", "z_leftIndent": "0", "z_localCtxUnit": "100p", "z_rightIndent": "0", "z_secable": "No", "z_type": "CtxDyn"}, "is_external": false, "used_time": 1, "children": []}]}, {"tag": "repository_Paragraph", "attributes": {"idTemplate": "22", "resdescid": "101590"}, "is_external": true, "used_time": 2, "resdescid": "101590", "children": [{"tag": "CONTENT", "attributes": {"adjacentNextTextUse": "nonallowed", "breakPageUse": "nonallowed", "productionPolicyUse": "editable", "z_automatic": "true", "z_deltaY": "850", "z_leftIndent": "0", "z_localCtxUnit": "100p", "z_rightIndent": "0", "z_type": "CtxDyn"}, "is_external": false, "used_time": 1, "children": []}]}, {"tag": "repository_TemplateSubSet", "attributes": {"idOwnerUse": "95", "idTemplate": "23", "resdescid": "55197"}, "is_external": true, "used_time": 39, "resdescid": "55197", "children": [{"tag": "CONTENT", "attributes": {"z_automatic": "true", "z_deltaY": "-2000", "z_leftIndent": "0", "z_localCtxUnit": "100p", "z_rightIndent": "0", "z_type": "CtxDyn"}, "is_external": false, "used_time": 1, "children": []}]}, {"tag": "repository_TemplateSubSet", "attributes": {"idTemplate": "73", "resdescid": "31980"}, "is_external": true, "used_time": 1, "resdescid": "31980", "children": [{"tag": "CONTENT", "attributes": {}, "is_external": false, "used_time": 1, "children": []}]}]}, {"tag": "Footer", "attributes": {"description": "", "idTemplate": "25", "name": "Pied de page", "usage": "use"}, "is_external": false, "used_time": 1, "children": []}]}]}]}