{"tag": "repository_Template", "attributes": {"activated": "false", "date": "2022-06-02 16_37_03.782", "description": "decaissement courtier - remboursement acompte", "domainid": "1913", "id": "495218", "isPlugin": "false", "lastFunctionDate": "2022-06-02 16_37_03.782", "lastFunctionParent": "30", "lastFunctionUser": "5", "name": "2RDCORB01", "resdescid": "148007", "subtypes": "63", "version": "1.8"}, "children": [{"tag": "CONTENT", "attributes": {"WZ_actionrule": "xsl/default", "WZ_viewname": "css/default", "currentZoom": "100", "debugMode": "0", "defaultTextStyle": "23", "indexingType": "Document", "indexingVarList": "\"IndexList\"", "maxIdTemplate": "62", "messageFilter": "", "monoDataLoader": "true", "tagVersion": "E_P3_1_2_1_6q22"}, "children": [{"tag": "repository_TextStyle", "attributes": {"hidden": "true", "resdescid": "4271"}, "is_external": true, "used_time": 185, "resdescid": "4271", "children": []}, {"tag": "repository_DataManager", "attributes": {"default": "true", "name": "decaissement", "resdescid": "21280"}, "is_external": true, "used_time": 22, "resdescid": "21280", "children": []}, {"tag": "inputData", "attributes": {"current": "843259-xxxxxxx-DECBMDN-x-211203160541-splitbatch-2RDCORB.xml", "filter": ""}, "is_external": false, "used_time": 1, "children": []}, {"tag": "indexData", "attributes": {"columnIndex": "0", "columnNamed": "-1", "indexingType": "Document"}, "is_external": false, "used_time": 1, "children": [{"tag": "SimpleSubstitutionTable", "attributes": {"name": "Tableau local"}, "is_external": false, "used_time": 1, "children": [{"tag": "CONTENT", "attributes": {"nbCol": "1", "nbRow": "1"}, "is_external": false, "used_time": 1, "children": [{"tag": "Row", "attributes": {}, "is_external": false, "used_time": 1, "children": [{"tag": "CONTENT", "attributes": {"UID": "0"}, "is_external": false, "used_time": 1, "children": [{"tag": "Cell", "attributes": {}, "is_external": false, "used_time": 1, "children": [{"tag": "CONTENT", "attributes": {}, "is_external": false, "used_time": 1, "children": [{"tag": "XML_VALUE", "attributes": {"type": "expression"}, "is_external": false, "used_time": 1, "children": []}]}]}]}]}, {"tag": "Column", "attributes": {}, "is_external": false, "used_time": 1, "children": [{"tag": "CONTENT", "attributes": {"UID": "0", "category": "expression", "name": "Indexes"}, "is_external": false, "used_time": 1, "children": [{"tag": "name", "attributes": {}, "is_external": false, "used_time": 1, "children": [{"tag": "XML_VALUE", "attributes": {"type": "expression"}, "is_external": false, "used_time": 1, "children": []}]}]}]}]}]}]}, {"tag": "repository_PageContext", "attributes": {"expanded": "true", "idTemplate": "1", "resdescid": "55204"}, "is_external": true, "used_time": 11, "resdescid": "55204", "children": [{"tag": "CONTENT", "attributes": {"pageName": "1_1_1"}, "is_external": false, "used_time": 1, "children": []}, {"tag": "Header", "attributes": {"description": "", "expanded": "true", "idTemplate": "2", "name": "En-t\u00c3\u00aate", "usage": "use"}, "is_external": false, "used_time": 1, "children": [{"tag": "repository_CustomObject", "attributes": {"idTemplate": "42", "resdescid": "55203"}, "is_external": true, "used_time": 21, "resdescid": "55203", "children": []}, {"tag": "CustomObject", "attributes": {"description": "", "idTemplate": "3", "name": "InitPageOps"}, "is_external": false, "used_time": 1, "children": [{"tag": "CONTENT", "attributes": {"CusVar_CustomComponentName": "InitPageOps", "CusVar_CustomLibrary": "smacustoms", "numero_page": "DocVar_NumCurrentPage"}, "is_external": false, "used_time": 1, "children": [{"tag": "repository_CustomLibrary", "attributes": {"resdescid": "679"}, "is_external": true, "used_time": 365, "resdescid": "679", "children": [{"tag": "CustomObject", "attributes": {"name": "InitPageOps"}, "is_external": false, "used_time": 1, "children": []}]}]}]}, {"tag": "repository_If", "attributes": {"expanded": "true", "idTemplate": "46", "resdescid": "5605"}, "is_external": true, "used_time": 19, "resdescid": "5605", "children": [{"tag": "If_VALUE", "attributes": {"condid": "0", "description": "simple condition", "expanded": "true", "idTemplate": "47", "name": "si 1ere page", "usage": "use"}, "is_external": false, "used_time": 1, "children": [{"tag": "CustomObject", "attributes": {"description": "", "idTemplate": "48", "name": "InitIndex"}, "is_external": false, "used_time": 1, "children": [{"tag": "CONTENT", "attributes": {"CusVar_CustomComponentName": "InitIndex", "CusVar_CustomLibrary": "smacustoms"}, "is_external": false, "used_time": 1, "children": [{"tag": "repository_CustomLibrary", "attributes": {"resdescid": "679"}, "is_external": true, "used_time": 365, "resdescid": "679", "children": [{"tag": "CustomObject", "attributes": {"name": "InitIndex"}, "is_external": false, "used_time": 1, "children": []}]}]}]}]}]}, {"tag": "repository_TemplateSubSet", "attributes": {"idTemplate": "40", "resdescid": "5383"}, "is_external": true, "used_time": 79, "resdescid": "5383", "children": [{"tag": "CONTENT", "attributes": {"currentZoom": "50", "maxIdTemplate": "24", "messageFilter": "", "monoDataLoader": "true", "z_deltaY": "0", "z_leftIndent": "0", "z_localCtxUnit": "100p", "z_rightIndent": "0", "z_type": "CtxDynTop"}, "is_external": false, "used_time": 1, "children": []}]}, {"tag": "repository_TemplateSubSet", "attributes": {"idTemplate": "61", "resdescid": "55206"}, "is_external": true, "used_time": 13, "resdescid": "55206", "children": [{"tag": "CONTENT", "attributes": {}, "is_external": false, "used_time": 1, "children": []}]}]}, {"tag": "Body", "attributes": {"description": "", "expanded": "true", "idTemplate": "6", "name": "Corps de page", "usage": "use"}, "is_external": false, "used_time": 1, "children": [{"tag": "MessageLoop", "attributes": {"description": "", "expanded": "true", "idTemplate": "8", "messageName": "itenteteeditique", "name": "ForAll _ itenteteeditique"}, "is_external": false, "used_time": 1, "children": [{"tag": "CONTENT", "attributes": {}, "is_external": false, "used_time": 1, "children": []}, {"tag": "MessageLoop", "attributes": {"description": "", "idTemplate": "9", "messageName": "itdocuments", "name": "ForAll _ itdocuments"}, "is_external": false, "used_time": 1, "children": [{"tag": "CONTENT", "attributes": {}, "is_external": false, "used_time": 1, "children": []}]}]}, {"tag": "repository_TemplateSubSet", "attributes": {"idTemplate": "59", "resdescid": "75085"}, "is_external": true, "used_time": 8, "resdescid": "75085", "children": [{"tag": "CONTENT", "attributes": {"z_deltaY": "3685", "z_leftIndent": "0", "z_localCtxUnit": "100p", "z_rightIndent": "0", "z_type": "CtxDynTop"}, "is_external": false, "used_time": 1, "children": []}]}, {"tag": "repository_TemplateSubSet", "attributes": {"idTemplate": "58", "resdescid": "71768"}, "is_external": true, "used_time": 13, "resdescid": "71768", "children": [{"tag": "CONTENT", "attributes": {"z_deltaY": "7086", "z_leftIndent": "26362", "z_localCtxUnit": "100p", "z_rightIndent": "0", "z_type": "CtxDynTop"}, "is_external": false, "used_time": 1, "children": []}]}, {"tag": "CustomObject", "attributes": {"description": "", "idTemplate": "12", "name": "OrdreCheque"}, "is_external": false, "used_time": 1, "children": [{"tag": "CONTENT", "attributes": {"CusVar_CustomComponentName": "VariableLocale", "CusVar_CustomLibrary": "smacustoms", "LocalVarName": "OrdreCheque", "LocalVarValue": "\"adrcourtier_CodCivilite\" \"adrcourtier_Nom\" \"adrcourtier_Prenom\""}, "is_external": false, "used_time": 1, "children": [{"tag": "repository_CustomLibrary", "attributes": {"resdescid": "679"}, "is_external": true, "used_time": 365, "resdescid": "679", "children": [{"tag": "CustomObject", "attributes": {"name": "VariableLocale"}, "is_external": false, "used_time": 1, "children": []}]}]}]}, {"tag": "Paragraph", "attributes": {"description": "Objet  remboursement acomptes", "idTemplate": "49", "name": "PC_RDCO_CO_ObjetRemboursement_01"}, "is_external": false, "used_time": 1, "children": [{"tag": "CONTENT", "attributes": {"adjacentNextTextUse": "nonallowed", "breakPage": "nonallowed_always", "currentZoom": "100", "orphansNumber": "0", "productionPolicy": "editable_reviewable", "productionPolicyUse": "editable", "spellingLang": "FR", "widowsNumber": "0", "woLock": "true", "z_automatic": "true", "z_deltaY": "8503", "z_leftIndent": "0", "z_localCtxUnit": "100p", "z_rightIndent": "0", "z_type": "CtxDyn"}, "is_external": false, "used_time": 1, "children": [{"tag": "LocalVars", "attributes": {}, "is_external": false, "used_time": 1, "children": []}, {"tag": "STYLE-AUTOMATIC", "attributes": {}, "is_external": false, "used_time": 1, "children": []}, {"tag": "TEXT", "attributes": {}, "is_external": false, "used_time": 1, "children": [{"tag": "repository_TextStyle", "attributes": {"resdescid": "5137"}, "is_external": true, "used_time": 43, "resdescid": "5137", "children": [{"tag": "TextStyle", "attributes": {}, "is_external": false, "used_time": 1, "children": [{"tag": "CONTENT", "attributes": {"category": "character"}, "is_external": false, "used_time": 1, "children": [{"tag": "PROPERTIES_FONT", "attributes": {"bold": "false", "italic": "true"}, "is_external": false, "used_time": 1, "children": []}]}]}]}]}]}]}, {"tag": "repository_TemplateSubSet", "attributes": {"idOwnerUse": "84", "idTemplate": "16", "resdescid": "51882"}, "is_external": true, "used_time": 51, "resdescid": "51882", "children": [{"tag": "CONTENT", "attributes": {"z_automatic": "true", "z_deltaY": "0", "z_leftIndent": "0", "z_localCtxUnit": "100p", "z_rightIndent": "0", "z_type": "CtxDyn"}, "is_external": false, "used_time": 1, "children": []}]}, {"tag": "repository_Paragraph", "attributes": {"idTemplate": "17", "resdescid": "108235"}, "is_external": true, "used_time": 12, "resdescid": "108235", "children": [{"tag": "CONTENT", "attributes": {"adjacentNextTextUse": "nonallowed", "productionPolicyUse": "editable", "z_automatic": "true", "z_deltaY": "1417", "z_leftIndent": "0", "z_localCtxUnit": "100p", "z_rightIndent": "0", "z_type": "CtxDyn"}, "is_external": false, "used_time": 1, "children": []}]}, {"tag": "Paragraph", "attributes": {"description": "Nous vous prions...generalDecaiss_MntReverse", "idTemplate": "50", "name": "PC_RDCO_CO_NousVousPrions_01"}, "is_external": false, "used_time": 1, "children": [{"tag": "CONTENT", "attributes": {"adjacentNextTextUse": "nonallowed", "breakPage": "nonallowed_always", "currentZoom": "100", "orphansNumber": "0", "productionPolicy": "editable_reviewable", "productionPolicyUse": "editable", "spellingLang": "FR", "widowsNumber": "0", "woLock": "true", "z_automatic": "true", "z_deltaY": "1000", "z_leftIndent": "0", "z_localCtxUnit": "100p", "z_rightIndent": "0", "z_type": "CtxDyn"}, "is_external": false, "used_time": 1, "children": [{"tag": "LocalVars", "attributes": {}, "is_external": false, "used_time": 1, "children": []}, {"tag": "STYLE-AUTOMATIC", "attributes": {}, "is_external": false, "used_time": 1, "children": []}, {"tag": "TEXT", "attributes": {}, "is_external": false, "used_time": 1, "children": [{"tag": "repository_TextStyle", "attributes": {"resdescid": "4346"}, "is_external": true, "used_time": 280, "resdescid": "4346", "children": [{"tag": "TextStyle", "attributes": {}, "is_external": false, "used_time": 1, "children": [{"tag": "CONTENT", "attributes": {"category": "character"}, "is_external": false, "used_time": 1, "children": [{"tag": "PROPERTIES_FONT", "attributes": {"bold": "true"}, "is_external": false, "used_time": 1, "children": []}]}, {"tag": "repository_CustomFunc", "attributes": {"resdescid": "41944"}, "is_external": true, "used_time": 9, "resdescid": "41944", "children": []}]}, {"tag": "is", "attributes": {}, "is_external": false, "used_time": 1, "children": []}, {"tag": "TextStyle", "attributes": {}, "is_external": false, "used_time": 1, "children": [{"tag": "CONTENT", "attributes": {"category": "character"}, "is_external": false, "used_time": 1, "children": [{"tag": "PROPERTIES_FONT", "attributes": {"bold": "true"}, "is_external": false, "used_time": 1, "children": []}]}]}]}]}]}]}, {"tag": "LocalContext", "attributes": {"description": "", "expanded": "true", "idTemplate": "19", "name": "nouveau Zone"}, "is_external": false, "used_time": 1, "children": [{"tag": "CONTENT", "attributes": {"deltaY": "850", "leftIndent": "0", "localCtxUnit": "100p", "rightIndent": "0", "type": "CtxDyn"}, "is_external": false, "used_time": 1, "children": []}, {"tag": "Paragraph", "attributes": {"description": "Celui-ci correspond \u00c3\u00a0 la restitution du ou des acomptes vers\u00c3\u00a9s pour le ou les clients list\u00c3\u00a9s ci dessous", "idTemplate": "51", "name": "PC_RDCO_CO_Celui-ci_01"}, "is_external": false, "used_time": 1, "children": [{"tag": "CONTENT", "attributes": {"adjacentNextTextUse": "nonallowed", "breakPage": "nonallowed_always", "currentZoom": "100", "orphansNumber": "0", "productionPolicy": "editable_reviewable", "productionPolicyUse": "editable", "spellingLang": "FR", "widowsNumber": "0", "woLock": "true"}, "is_external": false, "used_time": 1, "children": [{"tag": "LocalVars", "attributes": {}, "is_external": false, "used_time": 1, "children": []}, {"tag": "STYLE-AUTOMATIC", "attributes": {}, "is_external": false, "used_time": 1, "children": []}, {"tag": "TEXT", "attributes": {}, "is_external": false, "used_time": 1, "children": [{"tag": "repository_TextStyle", "attributes": {"resdescid": "4346"}, "is_external": true, "used_time": 280, "resdescid": "4346", "children": []}]}]}]}, {"tag": "Table", "attributes": {"description": "", "idTemplate": "55", "name": "TB_RDCO_RB_TitreClient_01"}, "is_external": false, "used_time": 1, "children": [{"tag": "CONTENT", "attributes": {"currentZoom": "100", "maxCellUID": "9", "maxRowUID": "3", "maxVariableUID": "0", "nbCol": "3", "nbRow": "2", "z_deltaY": "566", "z_leftIndent": "0", "z_localCtxUnit": "100p", "z_rightIndent": "0", "z_type": "CtxDyn"}, "is_external": false, "used_time": 1, "children": [{"tag": "Group", "attributes": {}, "is_external": false, "used_time": 1, "children": [{"tag": "CONTENT", "attributes": {"UID": "1", "WOActive": "true", "WOEnabled": "true", "WOOline": "1", "WOWline": "1", "attachmentNext": "false", "attachmentPrevious": "false", "breakable62": "true", "rowGroupBreakable": "true", "type": "Group"}, "is_external": false, "used_time": 1, "children": [{"tag": "Cell", "attributes": {}, "is_external": false, "used_time": 1, "children": [{"tag": "CONTENT", "attributes": {"UID": "1", "insetBottom": "300", "insetLeft": "300", "insetRight": "300", "insetTop": "300", "spanColumn": "1", "spanRow": "1"}, "is_external": false, "used_time": 1, "children": [{"tag": "Paragraph", "attributes": {}, "is_external": false, "used_time": 1, "children": [{"tag": "CONTENT", "attributes": {"breakPage": "nonallowed_always"}, "is_external": false, "used_time": 1, "children": [{"tag": "LocalVars", "attributes": {}, "is_external": false, "used_time": 1, "children": []}, {"tag": "STYLE-AUTOMATIC", "attributes": {}, "is_external": false, "used_time": 1, "children": []}, {"tag": "TEXT", "attributes": {}, "is_external": false, "used_time": 1, "children": [{"tag": "TextStyle", "attributes": {}, "is_external": false, "used_time": 1, "children": []}]}]}]}]}]}, {"tag": "Cell", "attributes": {}, "is_external": false, "used_time": 1, "children": [{"tag": "CONTENT", "attributes": {"UID": "2", "insetBottom": "300", "insetLeft": "300", "insetRight": "300", "insetTop": "300", "spanColumn": "1", "spanRow": "1"}, "is_external": false, "used_time": 1, "children": [{"tag": "Paragraph", "attributes": {}, "is_external": false, "used_time": 1, "children": [{"tag": "CONTENT", "attributes": {"breakPage": "nonallowed_always"}, "is_external": false, "used_time": 1, "children": [{"tag": "LocalVars", "attributes": {}, "is_external": false, "used_time": 1, "children": []}, {"tag": "STYLE-AUTOMATIC", "attributes": {}, "is_external": false, "used_time": 1, "children": []}, {"tag": "TEXT", "attributes": {}, "is_external": false, "used_time": 1, "children": [{"tag": "TextStyle", "attributes": {}, "is_external": false, "used_time": 1, "children": []}]}]}]}]}]}, {"tag": "Cell", "attributes": {}, "is_external": false, "used_time": 1, "children": [{"tag": "CONTENT", "attributes": {"UID": "7", "insetBottom": "300", "insetLeft": "300", "insetRight": "300", "insetTop": "300", "spanColumn": "1", "spanRow": "1"}, "is_external": false, "used_time": 1, "children": [{"tag": "Paragraph", "attributes": {}, "is_external": false, "used_time": 1, "children": [{"tag": "CONTENT", "attributes": {"breakPage": "nonallowed_always"}, "is_external": false, "used_time": 1, "children": [{"tag": "LocalVars", "attributes": {}, "is_external": false, "used_time": 1, "children": []}, {"tag": "STYLE-AUTOMATIC", "attributes": {}, "is_external": false, "used_time": 1, "children": []}, {"tag": "TEXT", "attributes": {}, "is_external": false, "used_time": 1, "children": [{"tag": "TextStyle", "attributes": {}, "is_external": false, "used_time": 1, "children": [{"tag": "CONTENT", "attributes": {"parent": "true"}, "is_external": false, "used_time": 1, "children": [{"tag": "TextStyle", "attributes": {}, "is_external": false, "used_time": 1, "children": [{"tag": "CONTENT", "attributes": {"category": "paragraph"}, "is_external": false, "used_time": 1, "children": [{"tag": "PROPERTIES_PARAGRAPH", "attributes": {"alignment": "Left", "indentFirstLine": "0", "indentLeft": "0", "indentRight": "0", "lineSpacing": "0", "wrapping": "true"}, "is_external": false, "used_time": 1, "children": []}]}]}]}]}]}]}]}]}]}]}, {"tag": "Row", "attributes": {}, "is_external": false, "used_time": 1, "children": [{"tag": "CONTENT", "attributes": {"UID": "2", "attachmentNext": "false", "heightDyn": "true", "type": "Body"}, "is_external": false, "used_time": 1, "children": [{"tag": "Cell", "attributes": {}, "is_external": false, "used_time": 1, "children": [{"tag": "CONTENT", "attributes": {"UID": "3", "insetBottom": "300", "insetLeft": "566", "insetRight": "300", "insetTop": "300", "spanColumn": "1", "spanRow": "1"}, "is_external": false, "used_time": 1, "children": [{"tag": "TextStyle", "attributes": {}, "is_external": false, "used_time": 1, "children": [{"tag": "CONTENT", "attributes": {"category": "cell"}, "is_external": false, "used_time": 1, "children": [{"tag": "PROPERTIES_CELL_BORDER", "attributes": {"north": "true", "northColor": "0 0 0 255", "northThickness": "25", "south": "true", "southColor": "0 0 0 255", "southThickness": "25", "west": "true", "westColor": "0 0 0 255", "westThickness": "25"}, "is_external": false, "used_time": 1, "children": []}, {"tag": "PROPERTIES_CELL_ALIGNMENT", "attributes": {}, "is_external": false, "used_time": 1, "children": []}]}]}, {"tag": "Paragraph", "attributes": {}, "is_external": false, "used_time": 1, "children": [{"tag": "CONTENT", "attributes": {"breakPage": "nonallowed_always"}, "is_external": false, "used_time": 1, "children": [{"tag": "LocalVars", "attributes": {}, "is_external": false, "used_time": 1, "children": []}, {"tag": "STYLE-AUTOMATIC", "attributes": {}, "is_external": false, "used_time": 1, "children": []}, {"tag": "TEXT", "attributes": {}, "is_external": false, "used_time": 1, "children": [{"tag": "repository_TextStyle", "attributes": {"resdescid": "5235"}, "is_external": true, "used_time": 88, "resdescid": "5235", "children": []}]}]}]}]}]}, {"tag": "Cell", "attributes": {}, "is_external": false, "used_time": 1, "children": [{"tag": "CONTENT", "attributes": {"UID": "4", "insetBottom": "300", "insetLeft": "566", "insetRight": "300", "insetTop": "300", "spanColumn": "1", "spanRow": "1"}, "is_external": false, "used_time": 1, "children": [{"tag": "TextStyle", "attributes": {}, "is_external": false, "used_time": 1, "children": [{"tag": "CONTENT", "attributes": {"category": "cell"}, "is_external": false, "used_time": 1, "children": [{"tag": "PROPERTIES_CELL_BORDER", "attributes": {"north": "true", "northColor": "0 0 0 255", "northThickness": "25", "south": "true", "southColor": "0 0 0 255", "southThickness": "25", "west": "true", "westColor": "0 0 0 255", "westThickness": "25"}, "is_external": false, "used_time": 1, "children": []}, {"tag": "PROPERTIES_CELL_ALIGNMENT", "attributes": {}, "is_external": false, "used_time": 1, "children": []}]}]}, {"tag": "Paragraph", "attributes": {}, "is_external": false, "used_time": 1, "children": [{"tag": "CONTENT", "attributes": {"breakPage": "nonallowed_always"}, "is_external": false, "used_time": 1, "children": [{"tag": "LocalVars", "attributes": {}, "is_external": false, "used_time": 1, "children": []}, {"tag": "STYLE-AUTOMATIC", "attributes": {}, "is_external": false, "used_time": 1, "children": []}, {"tag": "TEXT", "attributes": {}, "is_external": false, "used_time": 1, "children": [{"tag": "repository_TextStyle", "attributes": {"resdescid": "5235"}, "is_external": true, "used_time": 88, "resdescid": "5235", "children": []}]}]}]}]}]}, {"tag": "Cell", "attributes": {}, "is_external": false, "used_time": 1, "children": [{"tag": "CONTENT", "attributes": {"UID": "8", "insetBottom": "300", "insetLeft": "566", "insetRight": "300", "insetTop": "300", "spanColumn": "1", "spanRow": "1"}, "is_external": false, "used_time": 1, "children": [{"tag": "TextStyle", "attributes": {}, "is_external": false, "used_time": 1, "children": [{"tag": "CONTENT", "attributes": {"category": "cell"}, "is_external": false, "used_time": 1, "children": [{"tag": "PROPERTIES_CELL_BORDER", "attributes": {"east": "true", "eastColor": "0 0 0 255", "eastThickness": "25", "north": "true", "northColor": "0 0 0 255", "northThickness": "25", "south": "true", "southColor": "0 0 0 255", "southThickness": "25", "west": "true", "westColor": "0 0 0 255", "westThickness": "25"}, "is_external": false, "used_time": 1, "children": []}, {"tag": "PROPERTIES_CELL_ALIGNMENT", "attributes": {}, "is_external": false, "used_time": 1, "children": []}]}]}, {"tag": "Paragraph", "attributes": {}, "is_external": false, "used_time": 1, "children": [{"tag": "CONTENT", "attributes": {"breakPage": "nonallowed_always"}, "is_external": false, "used_time": 1, "children": [{"tag": "LocalVars", "attributes": {}, "is_external": false, "used_time": 1, "children": []}, {"tag": "STYLE-AUTOMATIC", "attributes": {}, "is_external": false, "used_time": 1, "children": []}, {"tag": "TEXT", "attributes": {}, "is_external": false, "used_time": 1, "children": [{"tag": "repository_TextStyle", "attributes": {"resdescid": "5235"}, "is_external": true, "used_time": 88, "resdescid": "5235", "children": []}]}]}]}]}]}]}]}]}, {"tag": "Column", "attributes": {}, "is_external": false, "used_time": 1, "children": [{"tag": "CONTENT", "attributes": {"width": "30614"}, "is_external": false, "used_time": 1, "children": []}]}, {"tag": "Column", "attributes": {}, "is_external": false, "used_time": 1, "children": [{"tag": "CONTENT", "attributes": {"width": "10204"}, "is_external": false, "used_time": 1, "children": []}]}, {"tag": "Column", "attributes": {}, "is_external": false, "used_time": 1, "children": [{"tag": "CONTENT", "attributes": {"width": "10204"}, "is_external": false, "used_time": 1, "children": []}]}]}]}, {"tag": "If", "attributes": {"description": "", "expanded": "true", "idTemplate": "22", "name": "itclients_nb7 "}, "is_external": false, "used_time": 1, "children": [{"tag": "CONTENT", "attributes": {"default": "true", "multilangue": "false", "type": "CondIF"}, "is_external": false, "used_time": 1, "children": [{"tag": "If_VALUE", "attributes": {"condid": "0", "description": "from old version", "name": "new condition"}, "is_external": false, "used_time": 1, "children": [{"tag": "CONDITION_OP", "attributes": {"lineid": "0", "name": "expr0", "select": "true", "type": "LESSTHAN"}, "is_external": false, "used_time": 1, "children": [{"tag": "XML_VALUE", "attributes": {"type": "expression"}, "is_external": false, "used_time": 1, "children": [{"tag": "repository_Variable", "attributes": {"name": "itclients_nb", "resdescid": "21241"}, "is_external": true, "used_time": 1, "resdescid": "21241", "children": []}]}, {"tag": "XML_VALUE", "attributes": {"type": "expression"}, "is_external": false, "used_time": 1, "children": []}]}]}, {"tag": "If_DEFAULT", "attributes": {"description": "from old version", "name": "new condition"}, "is_external": false, "used_time": 1, "children": []}]}, {"tag": "If_VALUE", "attributes": {"condid": "0", "description": "from old version", "expanded": "true", "idTemplate": "23", "name": "new condition", "usage": "use"}, "is_external": false, "used_time": 1, "children": [{"tag": "CONTENT", "attributes": {"value": "\"TRUE\""}, "is_external": false, "used_time": 1, "children": []}, {"tag": "MessageLoop", "attributes": {"description": "", "expanded": "true", "idTemplate": "24", "messageName": "itclients", "name": "ForAll _ itclients"}, "is_external": false, "used_time": 1, "children": [{"tag": "CONTENT", "attributes": {}, "is_external": false, "used_time": 1, "children": []}, {"tag": "Table", "attributes": {"description": "", "idTemplate": "52", "name": "TB_RDCO_RB_LibelleClients_01"}, "is_external": false, "used_time": 1, "children": [{"tag": "CONTENT", "attributes": {"currentZoom": "100", "maxCellUID": "9", "maxRowUID": "3", "maxVariableUID": "0", "nbCol": "3", "nbRow": "2"}, "is_external": false, "used_time": 1, "children": [{"tag": "Group", "attributes": {}, "is_external": false, "used_time": 1, "children": [{"tag": "CONTENT", "attributes": {"UID": "1", "WOActive": "true", "WOEnabled": "true", "WOOline": "1", "WOWline": "1", "attachmentNext": "false", "attachmentPrevious": "false", "breakable62": "true", "rowGroupBreakable": "true", "type": "Group"}, "is_external": false, "used_time": 1, "children": [{"tag": "Cell", "attributes": {}, "is_external": false, "used_time": 1, "children": [{"tag": "CONTENT", "attributes": {"UID": "1", "insetBottom": "300", "insetLeft": "300", "insetRight": "300", "insetTop": "300", "spanColumn": "1", "spanRow": "1"}, "is_external": false, "used_time": 1, "children": [{"tag": "Paragraph", "attributes": {}, "is_external": false, "used_time": 1, "children": [{"tag": "CONTENT", "attributes": {"breakPage": "nonallowed_always"}, "is_external": false, "used_time": 1, "children": [{"tag": "LocalVars", "attributes": {}, "is_external": false, "used_time": 1, "children": []}, {"tag": "STYLE-AUTOMATIC", "attributes": {}, "is_external": false, "used_time": 1, "children": []}, {"tag": "TEXT", "attributes": {}, "is_external": false, "used_time": 1, "children": [{"tag": "TextStyle", "attributes": {}, "is_external": false, "used_time": 1, "children": []}]}]}]}]}]}, {"tag": "Cell", "attributes": {}, "is_external": false, "used_time": 1, "children": [{"tag": "CONTENT", "attributes": {"UID": "2", "insetBottom": "300", "insetLeft": "300", "insetRight": "300", "insetTop": "300", "spanColumn": "1", "spanRow": "1"}, "is_external": false, "used_time": 1, "children": [{"tag": "Paragraph", "attributes": {}, "is_external": false, "used_time": 1, "children": [{"tag": "CONTENT", "attributes": {"breakPage": "nonallowed_always"}, "is_external": false, "used_time": 1, "children": [{"tag": "LocalVars", "attributes": {}, "is_external": false, "used_time": 1, "children": []}, {"tag": "STYLE-AUTOMATIC", "attributes": {}, "is_external": false, "used_time": 1, "children": []}, {"tag": "TEXT", "attributes": {}, "is_external": false, "used_time": 1, "children": [{"tag": "TextStyle", "attributes": {}, "is_external": false, "used_time": 1, "children": []}]}]}]}]}]}, {"tag": "Cell", "attributes": {}, "is_external": false, "used_time": 1, "children": [{"tag": "CONTENT", "attributes": {"UID": "7", "insetBottom": "300", "insetLeft": "300", "insetRight": "300", "insetTop": "300", "spanColumn": "1", "spanRow": "1"}, "is_external": false, "used_time": 1, "children": [{"tag": "Paragraph", "attributes": {}, "is_external": false, "used_time": 1, "children": [{"tag": "CONTENT", "attributes": {"breakPage": "nonallowed_always"}, "is_external": false, "used_time": 1, "children": [{"tag": "LocalVars", "attributes": {}, "is_external": false, "used_time": 1, "children": []}, {"tag": "STYLE-AUTOMATIC", "attributes": {}, "is_external": false, "used_time": 1, "children": []}, {"tag": "TEXT", "attributes": {}, "is_external": false, "used_time": 1, "children": [{"tag": "TextStyle", "attributes": {}, "is_external": false, "used_time": 1, "children": [{"tag": "CONTENT", "attributes": {"parent": "true"}, "is_external": false, "used_time": 1, "children": [{"tag": "TextStyle", "attributes": {}, "is_external": false, "used_time": 1, "children": [{"tag": "CONTENT", "attributes": {"category": "paragraph"}, "is_external": false, "used_time": 1, "children": [{"tag": "PROPERTIES_PARAGRAPH", "attributes": {"alignment": "Left", "indentFirstLine": "0", "indentLeft": "0", "indentRight": "0", "lineSpacing": "0", "wrapping": "true"}, "is_external": false, "used_time": 1, "children": []}]}]}]}]}]}]}]}]}]}]}, {"tag": "Row", "attributes": {}, "is_external": false, "used_time": 1, "children": [{"tag": "CONTENT", "attributes": {"UID": "2", "attachmentNext": "false", "height": "1700", "heightDyn": "false", "type": "Body"}, "is_external": false, "used_time": 1, "children": [{"tag": "Cell", "attributes": {}, "is_external": false, "used_time": 1, "children": [{"tag": "CONTENT", "attributes": {"UID": "3", "insetBottom": "300", "insetLeft": "566", "insetRight": "300", "insetTop": "300", "spanColumn": "1", "spanRow": "1"}, "is_external": false, "used_time": 1, "children": [{"tag": "TextStyle", "attributes": {}, "is_external": false, "used_time": 1, "children": [{"tag": "CONTENT", "attributes": {"category": "cell"}, "is_external": false, "used_time": 1, "children": [{"tag": "PROPERTIES_CELL_BORDER", "attributes": {"north": "true", "northColor": "0 0 0 255", "northThickness": "25", "south": "true", "southColor": "0 0 0 255", "southThickness": "25", "west": "true", "westColor": "0 0 0 255", "westThickness": "25"}, "is_external": false, "used_time": 1, "children": []}, {"tag": "PROPERTIES_CELL_ALIGNMENT", "attributes": {}, "is_external": false, "used_time": 1, "children": []}]}]}, {"tag": "Paragraph", "attributes": {}, "is_external": false, "used_time": 1, "children": [{"tag": "CONTENT", "attributes": {"breakPage": "nonallowed_always"}, "is_external": false, "used_time": 1, "children": [{"tag": "LocalVars", "attributes": {}, "is_external": false, "used_time": 1, "children": []}, {"tag": "STYLE-AUTOMATIC", "attributes": {}, "is_external": false, "used_time": 1, "children": []}, {"tag": "TEXT", "attributes": {}, "is_external": false, "used_time": 1, "children": [{"tag": "repository_TextStyle", "attributes": {"resdescid": "4246"}, "is_external": true, "used_time": 174, "resdescid": "4246", "children": [{"tag": "repository_Variable", "attributes": {"name": "itclients_NumSousASI", "resdescid": "21174"}, "is_external": true, "used_time": 1, "resdescid": "21174", "children": []}, {"tag": "repository_Variable", "attributes": {"name": "itclients_Nom", "resdescid": "21167"}, "is_external": true, "used_time": 1, "resdescid": "21167", "children": []}, {"tag": "repository_Variable", "attributes": {"name": "itclients_Prenom", "resdescid": "21172"}, "is_external": true, "used_time": 1, "resdescid": "21172", "children": []}]}]}]}]}]}]}, {"tag": "Cell", "attributes": {}, "is_external": false, "used_time": 1, "children": [{"tag": "CONTENT", "attributes": {"UID": "4", "insetBottom": "300", "insetLeft": "566", "insetRight": "300", "insetTop": "300", "spanColumn": "1", "spanRow": "1"}, "is_external": false, "used_time": 1, "children": [{"tag": "TextStyle", "attributes": {}, "is_external": false, "used_time": 1, "children": [{"tag": "CONTENT", "attributes": {"category": "cell"}, "is_external": false, "used_time": 1, "children": [{"tag": "PROPERTIES_CELL_BORDER", "attributes": {"north": "true", "northColor": "0 0 0 255", "northThickness": "25", "south": "true", "southColor": "0 0 0 255", "southThickness": "25", "west": "true", "westColor": "0 0 0 255", "westThickness": "25"}, "is_external": false, "used_time": 1, "children": []}, {"tag": "PROPERTIES_CELL_ALIGNMENT", "attributes": {}, "is_external": false, "used_time": 1, "children": []}]}]}, {"tag": "Paragraph", "attributes": {}, "is_external": false, "used_time": 1, "children": [{"tag": "CONTENT", "attributes": {"breakPage": "nonallowed_always"}, "is_external": false, "used_time": 1, "children": [{"tag": "LocalVars", "attributes": {}, "is_external": false, "used_time": 1, "children": []}, {"tag": "STYLE-AUTOMATIC", "attributes": {}, "is_external": false, "used_time": 1, "children": []}, {"tag": "TEXT", "attributes": {}, "is_external": false, "used_time": 1, "children": [{"tag": "repository_TextStyle", "attributes": {"resdescid": "6035"}, "is_external": true, "used_time": 60, "resdescid": "6035", "children": [{"tag": "repository_CustomFunc", "attributes": {"resdescid": "41944"}, "is_external": true, "used_time": 9, "resdescid": "41944", "children": []}]}]}]}]}]}]}, {"tag": "Cell", "attributes": {}, "is_external": false, "used_time": 1, "children": [{"tag": "CONTENT", "attributes": {"UID": "8", "insetBottom": "300", "insetLeft": "566", "insetRight": "300", "insetTop": "300", "spanColumn": "1", "spanRow": "1"}, "is_external": false, "used_time": 1, "children": [{"tag": "TextStyle", "attributes": {}, "is_external": false, "used_time": 1, "children": [{"tag": "CONTENT", "attributes": {"category": "cell"}, "is_external": false, "used_time": 1, "children": [{"tag": "PROPERTIES_CELL_BORDER", "attributes": {"east": "true", "eastColor": "0 0 0 255", "eastThickness": "25", "north": "true", "northColor": "0 0 0 255", "northThickness": "25", "south": "true", "southColor": "0 0 0 255", "southThickness": "25", "west": "true", "westColor": "0 0 0 255", "westThickness": "25"}, "is_external": false, "used_time": 1, "children": []}, {"tag": "PROPERTIES_CELL_ALIGNMENT", "attributes": {"alignmentVert": "Center"}, "is_external": false, "used_time": 1, "children": []}]}]}, {"tag": "Paragraph", "attributes": {}, "is_external": false, "used_time": 1, "children": [{"tag": "CONTENT", "attributes": {"breakPage": "nonallowed_always"}, "is_external": false, "used_time": 1, "children": [{"tag": "LocalVars", "attributes": {}, "is_external": false, "used_time": 1, "children": []}, {"tag": "STYLE-AUTOMATIC", "attributes": {}, "is_external": false, "used_time": 1, "children": []}, {"tag": "TEXT", "attributes": {}, "is_external": false, "used_time": 1, "children": [{"tag": "repository_TextStyle", "attributes": {"resdescid": "4246"}, "is_external": true, "used_time": 174, "resdescid": "4246", "children": [{"tag": "repository_Variable", "attributes": {"name": "itclients_NumCheque", "resdescid": "21165"}, "is_external": true, "used_time": 1, "resdescid": "21165", "children": []}]}]}]}]}]}]}]}]}]}, {"tag": "Column", "attributes": {}, "is_external": false, "used_time": 1, "children": [{"tag": "CONTENT", "attributes": {"width": "30614"}, "is_external": false, "used_time": 1, "children": []}]}, {"tag": "Column", "attributes": {}, "is_external": false, "used_time": 1, "children": [{"tag": "CONTENT", "attributes": {"width": "10204"}, "is_external": false, "used_time": 1, "children": []}]}, {"tag": "Column", "attributes": {}, "is_external": false, "used_time": 1, "children": [{"tag": "CONTENT", "attributes": {"width": "10204"}, "is_external": false, "used_time": 1, "children": []}]}]}]}]}]}, {"tag": "If_DEFAULT", "attributes": {"condid": "0", "description": "from old version", "expanded": "true", "idTemplate": "27", "name": "new condition", "usage": "use"}, "is_external": false, "used_time": 1, "children": [{"tag": "Paragraph", "attributes": {"description": "Celui-ci correspond \u00c3\u00a0 la restitution...Nous restons a votre disposition liste clients concern\u00c3\u00a9s.", "idTemplate": "56", "name": "PC_RDCO_RB_RegleListeClients_02"}, "is_external": false, "used_time": 1, "children": [{"tag": "CONTENT", "attributes": {"adjacentNextTextUse": "nonallowed", "breakPage": "nonallowed_always", "currentZoom": "100", "orphansNumber": "0", "productionPolicy": "editable_reviewable", "productionPolicyUse": "editable", "spellingLang": "FR", "widowsNumber": "0", "woLock": "true"}, "is_external": false, "used_time": 1, "children": [{"tag": "LocalVars", "attributes": {}, "is_external": false, "used_time": 1, "children": []}, {"tag": "STYLE-AUTOMATIC", "attributes": {}, "is_external": false, "used_time": 1, "children": []}, {"tag": "TEXT", "attributes": {}, "is_external": false, "used_time": 1, "children": [{"tag": "repository_TextStyle", "attributes": {"resdescid": "4346"}, "is_external": true, "used_time": 280, "resdescid": "4346", "children": []}, {"tag": "repository_TextStyle", "attributes": {"resdescid": "4998"}, "is_external": true, "used_time": 23, "resdescid": "4998", "children": []}, {"tag": "repository_TextStyle", "attributes": {"resdescid": "4346"}, "is_external": true, "used_time": 280, "resdescid": "4346", "children": []}]}]}]}]}]}]}, {"tag": "repository_Paragraph", "attributes": {"idTemplate": "30", "resdescid": "75087"}, "is_external": true, "used_time": 6, "resdescid": "75087", "children": [{"tag": "CONTENT", "attributes": {"adjacentNextTextUse": "nonallowed", "productionPolicyUse": "editable", "z_automatic": "true", "z_deltaY": "850", "z_leftIndent": "0", "z_localCtxUnit": "100p", "z_rightIndent": "0", "z_type": "CtxDyn"}, "is_external": false, "used_time": 1, "children": []}]}, {"tag": "LocalContext", "attributes": {"description": "", "expanded": "true", "idTemplate": "31", "name": "nouveau Zone"}, "is_external": false, "used_time": 1, "children": [{"tag": "CONTENT", "attributes": {"deltaY": "850", "leftIndent": "0", "localCtxUnit": "100p", "rightIndent": "0", "secable": "No", "type": "CtxDyn"}, "is_external": false, "used_time": 1, "children": []}, {"tag": "repository_Paragraph", "attributes": {"idTemplate": "32", "resdescid": "41945"}, "is_external": true, "used_time": 14, "resdescid": "41945", "children": [{"tag": "CONTENT", "attributes": {"adjacentNextTextUse": "nonallowed", "productionPolicyUse": "editable"}, "is_external": false, "used_time": 1, "children": []}]}, {"tag": "repository_Paragraph", "attributes": {"idTemplate": "33", "resdescid": "108236"}, "is_external": true, "used_time": 7, "resdescid": "108236", "children": [{"tag": "CONTENT", "attributes": {"adjacentNextTextUse": "nonallowed", "productionPolicyUse": "editable", "z_automatic": "true", "z_deltaY": "1133", "z_leftIndent": "0", "z_localCtxUnit": "100p", "z_rightIndent": "0", "z_type": "CtxDyn"}, "is_external": false, "used_time": 1, "children": []}]}, {"tag": "repository_TemplateSubSet", "attributes": {"idOwnerUse": "95", "idTemplate": "34", "resdescid": "55197"}, "is_external": true, "used_time": 39, "resdescid": "55197", "children": [{"tag": "CONTENT", "attributes": {"z_automatic": "true", "z_deltaY": "-2000", "z_leftIndent": "0", "z_localCtxUnit": "100p", "z_rightIndent": "0", "z_type": "CtxDyn"}, "is_external": false, "used_time": 1, "children": []}]}]}, {"tag": "repository_TemplateSubSet", "attributes": {"idTemplate": "62", "resdescid": "31981"}, "is_external": true, "used_time": 7, "resdescid": "31981", "children": [{"tag": "CONTENT", "attributes": {}, "is_external": false, "used_time": 1, "children": []}]}]}, {"tag": "Footer", "attributes": {"description": "", "idTemplate": "36", "name": "Pied de page", "usage": "use"}, "is_external": false, "used_time": 1, "children": []}]}]}]}