{"tag": "repository_Template", "attributes": {"activated": "false", "description": "Demande de temoignage", "domainid": "3132", "expanded": "true", "isPlugin": "false", "name": "EEDQA127_01", "resdescid": "279163", "subtypes": "", "version": "1.2"}, "children": [{"tag": "CONTENT", "attributes": {"debugMode": "0", "maxIdTemplate": "215", "messageFilter": "", "monoDataLoader": "true", "tagVersion": "E_P3_1_2_2_3q11"}, "children": [{"tag": "repository_TextStyle", "attributes": {"hidden": "true", "resdescid": "204142"}, "is_external": true, "used_time": 259, "resdescid": "204142", "children": []}, {"tag": "repository_DataManager", "attributes": {"name": "reglement_dl1", "resdescid": "13508"}, "is_external": true, "used_time": 248, "resdescid": "13508", "children": []}, {"tag": "inputData", "attributes": {"current": "xxEEDQ-xxxC105-FMIIECN-S-190110111021.xml", "filter": ""}, "is_external": false, "used_time": 1, "children": []}, {"tag": "repository_TemplateClass", "attributes": {"expanded": "true", "idTemplate": "2", "resdescid": "277832"}, "is_external": true, "used_time": 212, "resdescid": "277832", "children": [{"tag": "CONTENT", "attributes": {}, "is_external": false, "used_time": 1, "children": []}, {"tag": "TemplateClass_Anchor", "attributes": {"description": "", "expanded": "false", "idAnchor": "6", "idOwner": "277832", "idTemplate": "3", "name": "Placement Premier ent\u00c3\u00aate", "usage": "use"}, "is_external": false, "used_time": 1, "children": [{"tag": "CustomObject", "attributes": {"description": "", "idTemplate": "21", "name": "V_CodeSociete"}, "is_external": false, "used_time": 1, "children": [{"tag": "CONTENT", "attributes": {"CusVar_CustomComponentName": "SetVariable", "CusVar_CustomLibrary": "advanced", "TPVarMode": "set", "tagVersion": "E_P3_1_1_2_2q31"}, "is_external": false, "used_time": 1, "children": [{"tag": "repository_CustomLibrary", "attributes": {"resdescid": "97"}, "is_external": true, "used_time": 603, "resdescid": "97", "children": [{"tag": "CustomObject", "attributes": {"name": "SetVariable"}, "is_external": false, "used_time": 1, "children": []}]}, {"tag": "XML_VALUE", "attributes": {"name": "TPVarValue", "type": "expression"}, "is_external": false, "used_time": 1, "children": []}, {"tag": "XML_VALUE", "attributes": {"name": "TPVarName", "type": "expression"}, "is_external": false, "used_time": 1, "children": []}]}]}]}, {"tag": "TemplateClass_Anchor", "attributes": {"description": "", "idAnchor": "10", "idOwner": "277832", "idTemplate": "4", "name": "ALIM_FLAG_MULTIDOC", "usage": "use"}, "is_external": false, "used_time": 1, "children": []}, {"tag": "TemplateClass_Anchor", "attributes": {"description": "", "expanded": "true", "idAnchor": "11", "idOwner": "277832", "idTemplate": "5", "name": "ALIM_VARIABLES_SURCHARGE", "usage": "use"}, "is_external": false, "used_time": 1, "children": [{"tag": "TemplateComment", "attributes": {"description": "", "idTemplate": "130", "name": "A LIRE - Choix Civilite"}, "is_external": false, "used_time": 1, "children": [{"tag": "CONTENT", "attributes": {"breakPage": "nonallowed_always", "currentZoom": "100", "orphansNumber": "0", "spellingLang": "FR", "tagVersion": "E_P3_1_1_2_2q31", "widowsNumber": "0", "woLock": "true"}, "is_external": false, "used_time": 1, "children": [{"tag": "LocalVars", "attributes": {}, "is_external": false, "used_time": 1, "children": []}, {"tag": "STYLE-AUTOMATIC", "attributes": {}, "is_external": false, "used_time": 1, "children": []}, {"tag": "TEXT", "attributes": {}, "is_external": false, "used_time": 1, "children": [{"tag": "repository_TextStyle", "attributes": {"resdescid": "204142"}, "is_external": true, "used_time": 259, "resdescid": "204142", "children": []}, {"tag": "repository_TextStyle", "attributes": {"resdescid": "204142"}, "is_external": true, "used_time": 259, "resdescid": "204142", "children": []}, {"tag": "repository_TextStyle", "attributes": {"resdescid": "204142"}, "is_external": true, "used_time": 259, "resdescid": "204142", "children": []}, {"tag": "repository_TextStyle", "attributes": {"resdescid": "204142"}, "is_external": true, "used_time": 259, "resdescid": "204142", "children": []}, {"tag": "repository_TextStyle", "attributes": {"resdescid": "204142"}, "is_external": true, "used_time": 259, "resdescid": "204142", "children": []}, {"tag": "repository_TextStyle", "attributes": {"resdescid": "204142"}, "is_external": true, "used_time": 259, "resdescid": "204142", "children": []}]}]}]}, {"tag": "repository_CustomObject", "attributes": {"idTemplate": "132", "resdescid": "278183"}, "is_external": true, "used_time": 82, "resdescid": "278183", "children": []}, {"tag": "repository_CustomObject", "attributes": {"idTemplate": "133", "resdescid": "278182"}, "is_external": true, "used_time": 79, "resdescid": "278182", "children": []}, {"tag": "MessageLoop", "attributes": {"description": "", "expanded": "true", "idTemplate": "163", "messageName": "itvehicules", "name": "Boucle sur message _ itvehicules"}, "is_external": false, "used_time": 1, "children": [{"tag": "CONTENT", "attributes": {"messageName": "", "tagVersion": "E_P3_1_1_2_2q31"}, "is_external": false, "used_time": 1, "children": [{"tag": "repository_DataManager", "attributes": {"name": "reglement_dl1", "resdescid": "13508"}, "is_external": true, "used_time": 248, "resdescid": "13508", "children": [{"tag": "repository_DataMessageIterative", "attributes": {"name": "itvehicules", "resdescid": "13489"}, "is_external": true, "used_time": 0, "resdescid": "13489", "children": []}]}]}, {"tag": "If", "attributes": {"description": "", "expanded": "true", "idTemplate": "242", "name": "CS_QA127_ConducteurTiers_VEHTIERS_01"}, "is_external": false, "used_time": 1, "children": [{"tag": "CONTENT", "attributes": {"default": "false", "multilangue": "false", "tagVersion": "E_P3_1_1_4_2q53", "type": "CondIF"}, "is_external": false, "used_time": 1, "children": [{"tag": "If_VALUE", "attributes": {"condid": "0", "description": "simple condition", "name": "TypeVehicule"}, "is_external": false, "used_time": 1, "children": [{"tag": "CONDITION_OP", "attributes": {"lineid": "0", "name": "EXPR1", "select": "true", "type": "EQUAL"}, "is_external": false, "used_time": 1, "children": [{"tag": "XML_VALUE", "attributes": {"ExpressionType": "variable", "type": "expression"}, "is_external": false, "used_time": 1, "children": [{"tag": "repository_Variable", "attributes": {"name": "itvehicules_TypeVehicule", "resdescid": "13249"}, "is_external": true, "used_time": 20, "resdescid": "13249", "children": []}]}, {"tag": "XML_VALUE", "attributes": {"ExpressionType": "variable", "type": "expression"}, "is_external": false, "used_time": 1, "children": []}]}]}]}, {"tag": "If_VALUE", "attributes": {"condid": "0", "description": "simple condition", "expanded": "true", "idTemplate": "243", "name": "TypeVehicule", "usage": "use"}, "is_external": false, "used_time": 1, "children": [{"tag": "CustomObject", "attributes": {"description": "", "idTemplate": "225", "name": "set V_TiersImmatriculation itvehicules_Immatriculation"}, "is_external": false, "used_time": 1, "children": [{"tag": "CONTENT", "attributes": {"CusVar_CustomComponentName": "SetVariable", "CusVar_CustomLibrary": "advanced", "TPVarMode": "set", "tagVersion": "E_P3_1_2_2_3q11"}, "is_external": false, "used_time": 1, "children": [{"tag": "repository_CustomLibrary", "attributes": {"resdescid": "97"}, "is_external": true, "used_time": 603, "resdescid": "97", "children": [{"tag": "Custom", "attributes": {"name": "SetVariable"}, "is_external": false, "used_time": 1, "children": []}]}, {"tag": "XML_VALUE", "attributes": {"name": "TPVarValue", "type": "expression"}, "is_external": false, "used_time": 1, "children": [{"tag": "repository_Variable", "attributes": {"name": "itvehicules_Immatriculation", "resdescid": "13251"}, "is_external": true, "used_time": 28, "resdescid": "13251", "children": []}]}, {"tag": "XML_VALUE", "attributes": {"name": "TPVarName", "type": "expression"}, "is_external": false, "used_time": 1, "children": []}]}]}, {"tag": "CustomObject", "attributes": {"description": "", "idTemplate": "226", "name": "set V_TiersNumContrat itvehicules_NumeroContrat"}, "is_external": false, "used_time": 1, "children": [{"tag": "CONTENT", "attributes": {"CusVar_CustomComponentName": "SetVariable", "CusVar_CustomLibrary": "advanced", "TPVarMode": "set", "tagVersion": "E_P3_1_2_2_3q11"}, "is_external": false, "used_time": 1, "children": [{"tag": "repository_CustomLibrary", "attributes": {"resdescid": "97"}, "is_external": true, "used_time": 603, "resdescid": "97", "children": [{"tag": "Custom", "attributes": {"name": "SetVariable"}, "is_external": false, "used_time": 1, "children": []}]}, {"tag": "XML_VALUE", "attributes": {"name": "TPVarValue", "type": "expression"}, "is_external": false, "used_time": 1, "children": [{"tag": "repository_Variable", "attributes": {"name": "itvehicules_NumeroContrat", "resdescid": "13256"}, "is_external": true, "used_time": 15, "resdescid": "13256", "children": []}]}, {"tag": "XML_VALUE", "attributes": {"name": "TPVarName", "type": "expression"}, "is_external": false, "used_time": 1, "children": []}]}]}, {"tag": "CustomObject", "attributes": {"description": "", "idTemplate": "165", "name": "set V_TiersNomConducteur itvehicules_NomConducteur"}, "is_external": false, "used_time": 1, "children": [{"tag": "CONTENT", "attributes": {"CusVar_CustomComponentName": "SetVariable", "CusVar_CustomLibrary": "advanced", "TPVarMode": "set", "tagVersion": "E_P3_1_2_2_3q11"}, "is_external": false, "used_time": 1, "children": [{"tag": "repository_CustomLibrary", "attributes": {"resdescid": "97"}, "is_external": true, "used_time": 603, "resdescid": "97", "children": [{"tag": "Custom", "attributes": {"name": "SetVariable"}, "is_external": false, "used_time": 1, "children": []}]}, {"tag": "XML_VALUE", "attributes": {"name": "TPVarValue", "type": "expression"}, "is_external": false, "used_time": 1, "children": [{"tag": "repository_Variable", "attributes": {"name": "itvehicules_NomConducteur", "resdescid": "13253"}, "is_external": true, "used_time": 12, "resdescid": "13253", "children": []}]}, {"tag": "XML_VALUE", "attributes": {"name": "TPVarName", "type": "expression"}, "is_external": false, "used_time": 1, "children": []}]}]}]}]}, {"tag": "If", "attributes": {"description": "", "expanded": "true", "idTemplate": "174", "name": "CS_QA127_Conducteur_VEHASS_01"}, "is_external": false, "used_time": 1, "children": [{"tag": "CONTENT", "attributes": {"default": "false", "multilangue": "false", "tagVersion": "E_P3_1_1_4_2q53", "type": "CondIF"}, "is_external": false, "used_time": 1, "children": [{"tag": "If_VALUE", "attributes": {"condid": "0", "description": "simple condition", "name": "CondIF"}, "is_external": false, "used_time": 1, "children": [{"tag": "CONDITION_OP", "attributes": {"lineid": "0", "name": "EXPR1", "select": "true", "type": "EQUAL"}, "is_external": false, "used_time": 1, "children": [{"tag": "XML_VALUE", "attributes": {"ExpressionType": "variable", "type": "expression"}, "is_external": false, "used_time": 1, "children": [{"tag": "repository_Variable", "attributes": {"name": "itvehicules_TypeVehicule", "resdescid": "13249"}, "is_external": true, "used_time": 20, "resdescid": "13249", "children": []}]}, {"tag": "XML_VALUE", "attributes": {"ExpressionType": "variable", "type": "expression"}, "is_external": false, "used_time": 1, "children": []}]}]}]}, {"tag": "If_VALUE", "attributes": {"condid": "0", "description": "simple condition", "expanded": "true", "idTemplate": "175", "name": "CondIF", "usage": "use"}, "is_external": false, "used_time": 1, "children": [{"tag": "CustomObject", "attributes": {"description": "", "idTemplate": "176", "name": "set V_SocImmatriculation itvehicules_Immatriculation"}, "is_external": false, "used_time": 1, "children": [{"tag": "CONTENT", "attributes": {"CusVar_CustomComponentName": "SetVariable", "CusVar_CustomLibrary": "advanced", "TPVarMode": "set", "tagVersion": "E_P3_1_2_2_3q11"}, "is_external": false, "used_time": 1, "children": [{"tag": "repository_CustomLibrary", "attributes": {"resdescid": "97"}, "is_external": true, "used_time": 603, "resdescid": "97", "children": [{"tag": "Custom", "attributes": {"name": "SetVariable"}, "is_external": false, "used_time": 1, "children": []}]}, {"tag": "XML_VALUE", "attributes": {"name": "TPVarValue", "type": "expression"}, "is_external": false, "used_time": 1, "children": [{"tag": "repository_Variable", "attributes": {"name": "itvehicules_Immatriculation", "resdescid": "13251"}, "is_external": true, "used_time": 28, "resdescid": "13251", "children": []}]}, {"tag": "XML_VALUE", "attributes": {"name": "TPVarName", "type": "expression"}, "is_external": false, "used_time": 1, "children": []}]}]}]}]}]}, {"tag": "If", "attributes": {"description": "", "expanded": "true", "idTemplate": "246", "name": "CS_QA127_NomOuRaisonSociale_01"}, "is_external": false, "used_time": 1, "children": [{"tag": "CONTENT", "attributes": {"default": "true", "multilangue": "false", "tagVersion": "E_P3_1_1_4_2q53", "type": "CondIF"}, "is_external": false, "used_time": 1, "children": [{"tag": "If_VALUE", "attributes": {"condid": "0", "description": "simple condition", "name": "Nom ou Raison Sociale"}, "is_external": false, "used_time": 1, "children": [{"tag": "CONDITION_OP", "attributes": {"lineid": "0", "name": "EXPR1", "select": "true", "type": "EQUAL"}, "is_external": false, "used_time": 1, "children": [{"tag": "XML_VALUE", "attributes": {"ExpressionType": "variable", "type": "expression"}, "is_external": false, "used_time": 1, "children": [{"tag": "repository_Variable", "attributes": {"name": "clientadresse_Prenom", "resdescid": "13009"}, "is_external": true, "used_time": 7, "resdescid": "13009", "children": []}]}, {"tag": "XML_VALUE", "attributes": {"ExpressionType": "variable", "type": "expression"}, "is_external": false, "used_time": 1, "children": []}]}]}, {"tag": "If_DEFAULT", "attributes": {"description": "", "name": "Sinon"}, "is_external": false, "used_time": 1, "children": []}]}, {"tag": "If_VALUE", "attributes": {"condid": "0", "description": "simple condition", "expanded": "true", "idTemplate": "247", "name": "Nom ou Raison Sociale", "usage": "use"}, "is_external": false, "used_time": 1, "children": [{"tag": "CustomObject", "attributes": {"description": "", "idTemplate": "244", "name": "set V_NomDenomination clientadresse_Nomdenomination"}, "is_external": false, "used_time": 1, "children": [{"tag": "CONTENT", "attributes": {"CusVar_CustomComponentName": "SetVariable", "CusVar_CustomLibrary": "advanced", "TPVarMode": "set", "tagVersion": "E_P3_1_2_2_3q11"}, "is_external": false, "used_time": 1, "children": [{"tag": "repository_CustomLibrary", "attributes": {"resdescid": "97"}, "is_external": true, "used_time": 603, "resdescid": "97", "children": [{"tag": "Custom", "attributes": {"name": "SetVariable"}, "is_external": false, "used_time": 1, "children": []}]}, {"tag": "XML_VALUE", "attributes": {"name": "TPVarValue", "type": "expression"}, "is_external": false, "used_time": 1, "children": [{"tag": "repository_Variable", "attributes": {"name": "clientadresse_Nomdenomination", "resdescid": "13007"}, "is_external": true, "used_time": 19, "resdescid": "13007", "children": []}]}, {"tag": "XML_VALUE", "attributes": {"name": "TPVarName", "type": "expression"}, "is_external": false, "used_time": 1, "children": []}]}]}]}, {"tag": "If_DEFAULT", "attributes": {"condid": "default", "description": "", "expanded": "true", "idTemplate": "248", "name": "Sinon", "usage": "use"}, "is_external": false, "used_time": 1, "children": [{"tag": "CustomObject", "attributes": {"description": "", "idTemplate": "251", "name": "set V_NomDenomination clientadresse_Lcivilite clientadresse_Nomdenomination clientadresse_Prenom"}, "is_external": false, "used_time": 1, "children": [{"tag": "CONTENT", "attributes": {"CusVar_CustomComponentName": "SetVariable", "CusVar_CustomLibrary": "advanced", "TPVarMode": "set", "tagVersion": "E_P3_1_2_2_3q11"}, "is_external": false, "used_time": 1, "children": [{"tag": "repository_CustomLibrary", "attributes": {"resdescid": "97"}, "is_external": true, "used_time": 603, "resdescid": "97", "children": [{"tag": "Custom", "attributes": {"name": "SetVariable"}, "is_external": false, "used_time": 1, "children": []}]}, {"tag": "XML_VALUE", "attributes": {"name": "TPVarValue", "type": "expression"}, "is_external": false, "used_time": 1, "children": [{"tag": "repository_Variable", "attributes": {"name": "clientadresse_Lcivilite", "resdescid": "13015"}, "is_external": true, "used_time": 5, "resdescid": "13015", "children": []}, {"tag": "repository_Variable", "attributes": {"name": "clientadresse_Nomdenomination", "resdescid": "13007"}, "is_external": true, "used_time": 19, "resdescid": "13007", "children": []}, {"tag": "repository_Variable", "attributes": {"name": "clientadresse_Prenom", "resdescid": "13009"}, "is_external": true, "used_time": 7, "resdescid": "13009", "children": []}]}, {"tag": "XML_VALUE", "attributes": {"name": "TPVarName", "type": "expression"}, "is_external": false, "used_time": 1, "children": []}]}]}]}]}]}, {"tag": "TemplateClass_Anchor", "attributes": {"description": "", "expanded": "true", "idAnchor": "13", "idOwner": "277832", "idTemplate": "6", "name": "REFERENCES", "usage": "use"}, "is_external": false, "used_time": 1, "children": [{"tag": "repository_TemplateSubSet", "attributes": {"idTemplate": "215", "resdescid": "2908351"}, "is_external": true, "used_time": 174, "resdescid": "2908351", "children": [{"tag": "CONTENT", "attributes": {"z_deltaY": "0", "z_leftIndent": "0", "z_localCtxUnit": "100p", "z_rightIndent": "0", "z_type": "CtxDyn"}, "is_external": false, "used_time": 1, "children": []}]}]}, {"tag": "TemplateClass_Anchor", "attributes": {"description": "", "expanded": "true", "idAnchor": "12", "idOwner": "277832", "idTemplate": "7", "name": "ADRESSE_POSTAL", "usage": "use"}, "is_external": false, "used_time": 1, "children": [{"tag": "repository_LocalContext", "attributes": {"expanded": "true", "idTemplate": "109", "resdescid": "234353"}, "is_external": true, "used_time": 99, "resdescid": "234353", "children": [{"tag": "repository_TemplateSubSet", "attributes": {"idTemplate": "32", "resdescid": "277712"}, "is_external": true, "used_time": 107, "resdescid": "277712", "children": [{"tag": "CONTENT", "attributes": {}, "is_external": false, "used_time": 1, "children": []}]}]}]}, {"tag": "TemplateClass_Anchor", "attributes": {"description": "", "idAnchor": "7", "idOwner": "277832", "idTemplate": "8", "name": "Placement Ent\u00c3\u00aate", "usage": "use"}, "is_external": false, "used_time": 1, "children": []}, {"tag": "TemplateClass_Anchor", "attributes": {"description": "", "idAnchor": "19", "idOwner": "277832", "idTemplate": "9", "name": "Placement Corps de page", "usage": "use"}, "is_external": false, "used_time": 1, "children": []}, {"tag": "TemplateClass_Anchor", "attributes": {"description": "", "idAnchor": "33", "idOwner": "277832", "idTemplate": "10", "name": "RECOMMANDE", "usage": "use"}, "is_external": false, "used_time": 1, "children": []}, {"tag": "TemplateClass_Anchor", "attributes": {"description": "", "idAnchor": "14", "idOwner": "277832", "idTemplate": "11", "name": "ATTENTION", "usage": "use"}, "is_external": false, "used_time": 1, "children": []}, {"tag": "TemplateClass_Anchor", "attributes": {"description": "", "expanded": "true", "idAnchor": "17", "idOwner": "277832", "idTemplate": "12", "name": "DATE", "usage": "use"}, "is_external": false, "used_time": 1, "children": [{"tag": "repository_LocalContext", "attributes": {"expanded": "true", "idTemplate": "110", "resdescid": "278246"}, "is_external": true, "used_time": 82, "resdescid": "278246", "children": [{"tag": "CONTENT", "attributes": {"VBalancing": "NONE", "absoluteX": "0", "attachment": "false", "behavious": "parent", "heightAfter": "0", "heightBefore": "5000", "localCtxUnit": "100p", "publish": "false", "resetPos": "false", "rightIndent": "0", "standardUser": "false", "tagVersion": "E_P3_1_1_2_2q31", "type": "CtxFixedP"}, "is_external": false, "used_time": 1, "children": []}, {"tag": "repository_Paragraph", "attributes": {"idTemplate": "112", "resdescid": "278178"}, "is_external": true, "used_time": 103, "resdescid": "278178", "children": [{"tag": "CONTENT", "attributes": {"productionPolicyUse": "editable", "z_deltaY": "0", "z_leftIndent": "0", "z_localCtxUnit": "100p", "z_rightIndent": "0", "z_type": "CtxDyn"}, "is_external": false, "used_time": 1, "children": [{"tag": "EditableInProduction", "attributes": {"editable": "false"}, "is_external": false, "used_time": 1, "children": []}]}]}]}]}, {"tag": "TemplateClass_Anchor", "attributes": {"description": "", "expanded": "true", "idAnchor": "18", "idOwner": "277832", "idTemplate": "13", "name": "OBJET", "usage": "use"}, "is_external": false, "used_time": 1, "children": [{"tag": "Paragraph", "attributes": {"description": "", "idTemplate": "157", "name": "PAR_Objet"}, "is_external": false, "used_time": 1, "children": [{"tag": "CONTENT", "attributes": {"ErrorTagOnlyBefore": "true", "breakPage": "nonallowed_always", "currentZoom": "100", "spellingLang": "FR", "tagVersion": "E_P3_1_1_4_2q53", "woLock": "true", "z_deltaY": "1417", "z_leftIndent": "0", "z_localCtxUnit": "100p", "z_rightIndent": "0", "z_type": "CtxDyn"}, "is_external": false, "used_time": 1, "children": [{"tag": "LocalVars", "attributes": {}, "is_external": false, "used_time": 1, "children": []}, {"tag": "STYLE-AUTOMATIC", "attributes": {}, "is_external": false, "used_time": 1, "children": []}, {"tag": "TEXT", "attributes": {}, "is_external": false, "used_time": 1, "children": [{"tag": "repository_TextStyle", "attributes": {"resdescid": "204142"}, "is_external": true, "used_time": 259, "resdescid": "204142", "children": [{"tag": "TextStyle", "attributes": {}, "is_external": false, "used_time": 1, "children": [{"tag": "CONTENT", "attributes": {"category": "character"}, "is_external": false, "used_time": 1, "children": [{"tag": "PROPERTIES_FONT", "attributes": {"name": "Arial", "resdescid": "204142", "size": "10.0"}, "is_external": false, "used_time": 259, "resdescid": "204142", "children": []}]}]}]}]}]}]}]}, {"tag": "TemplateClass_Anchor", "attributes": {"description": "", "expanded": "true", "idAnchor": "21", "idOwner": "277832", "idTemplate": "14", "name": "CORPS", "usage": "use"}, "is_external": false, "used_time": 1, "children": [{"tag": "repository_TemplateSubSet", "attributes": {"idTemplate": "131", "resdescid": "278235"}, "is_external": true, "used_time": 89, "resdescid": "278235", "children": [{"tag": "CONTENT", "attributes": {}, "is_external": false, "used_time": 1, "children": []}]}, {"tag": "MessageLoop", "attributes": {"description": "", "idTemplate": "160", "messageName": "itvehicules", "name": "Boucle sur message _ itvehicules"}, "is_external": false, "used_time": 1, "children": [{"tag": "CONTENT", "attributes": {"messageName": "", "tagVersion": "E_P3_1_1_4_2q53"}, "is_external": false, "used_time": 1, "children": [{"tag": "repository_DataManager", "attributes": {"name": "reglement_dl1", "resdescid": "13508"}, "is_external": true, "used_time": 248, "resdescid": "13508", "children": [{"tag": "repository_DataMessageIterative", "attributes": {"name": "itvehicules", "resdescid": "13489"}, "is_external": true, "used_time": 0, "resdescid": "13489", "children": []}]}]}]}, {"tag": "Paragraph", "attributes": {"description": "", "idTemplate": "158", "name": "PAR_NoussommesAmenes_01"}, "is_external": false, "used_time": 1, "children": [{"tag": "CONTENT", "attributes": {"ErrorTagOnlyBefore": "true", "breakPage": "nonallowed_always", "currentZoom": "100", "spellingLang": "FR", "tagVersion": "E_P3_1_1_4_2q53", "woLock": "true", "z_deltaY": "1417", "z_leftIndent": "0", "z_localCtxUnit": "100p", "z_rightIndent": "0", "z_type": "CtxDyn"}, "is_external": false, "used_time": 1, "children": [{"tag": "LocalVars", "attributes": {}, "is_external": false, "used_time": 1, "children": []}, {"tag": "STYLE-AUTOMATIC", "attributes": {}, "is_external": false, "used_time": 1, "children": []}, {"tag": "TEXT", "attributes": {}, "is_external": false, "used_time": 1, "children": [{"tag": "repository_TextStyle", "attributes": {"resdescid": "204142"}, "is_external": true, "used_time": 259, "resdescid": "204142", "children": [{"tag": "TextStyle", "attributes": {}, "is_external": false, "used_time": 1, "children": [{"tag": "CONTENT", "attributes": {"category": "paragraph"}, "is_external": false, "used_time": 1, "children": [{"tag": "PROPERTIES_PARAGRAPH", "attributes": {"alignment": "Justified"}, "is_external": false, "used_time": 1, "children": []}]}, {"tag": "TextStyle", "attributes": {}, "is_external": false, "used_time": 1, "children": [{"tag": "CONTENT", "attributes": {"category": "character"}, "is_external": false, "used_time": 1, "children": [{"tag": "PROPERTIES_FONT", "attributes": {"name": "Arial", "resdescid": "204142", "size": "10.0"}, "is_external": false, "used_time": 259, "resdescid": "204142", "children": []}]}]}]}]}, {"tag": "repository_TextStyle", "attributes": {"resdescid": "204142"}, "is_external": true, "used_time": 259, "resdescid": "204142", "children": [{"tag": "TextStyle", "attributes": {}, "is_external": false, "used_time": 1, "children": [{"tag": "CONTENT", "attributes": {"category": "paragraph"}, "is_external": false, "used_time": 1, "children": [{"tag": "PROPERTIES_PARAGRAPH", "attributes": {"alignment": "Justified"}, "is_external": false, "used_time": 1, "children": []}]}, {"tag": "TextStyle", "attributes": {}, "is_external": false, "used_time": 1, "children": [{"tag": "CONTENT", "attributes": {"category": "character"}, "is_external": false, "used_time": 1, "children": [{"tag": "PROPERTIES_FONT", "attributes": {"name": "Arial", "resdescid": "204142", "size": "10.0"}, "is_external": false, "used_time": 259, "resdescid": "204142", "children": []}]}]}]}]}, {"tag": "repository_TextStyle", "attributes": {"resdescid": "204142"}, "is_external": true, "used_time": 259, "resdescid": "204142", "children": [{"tag": "TextStyle", "attributes": {}, "is_external": false, "used_time": 1, "children": [{"tag": "CONTENT", "attributes": {"category": "paragraph"}, "is_external": false, "used_time": 1, "children": [{"tag": "PROPERTIES_PARAGRAPH", "attributes": {"alignment": "Justified"}, "is_external": false, "used_time": 1, "children": []}]}, {"tag": "TextStyle", "attributes": {}, "is_external": false, "used_time": 1, "children": [{"tag": "CONTENT", "attributes": {"category": "character"}, "is_external": false, "used_time": 1, "children": [{"tag": "PROPERTIES_FONT", "attributes": {"name": "Arial", "resdescid": "204142", "size": "10.0"}, "is_external": false, "used_time": 259, "resdescid": "204142", "children": []}]}]}, {"tag": "TextStyle", "attributes": {}, "is_external": false, "used_time": 1, "children": [{"tag": "CONTENT", "attributes": {"category": "character"}, "is_external": false, "used_time": 1, "children": [{"tag": "PROPERTIES_FONT", "attributes": {"name": "Arial", "resdescid": "204142", "size": "10.0"}, "is_external": false, "used_time": 259, "resdescid": "204142", "children": []}]}, {"tag": "repository_CustomFunc", "attributes": {"resdescid": "278350"}, "is_external": true, "used_time": 28, "resdescid": "278350", "children": []}]}, {"tag": "TextStyle", "attributes": {}, "is_external": false, "used_time": 1, "children": [{"tag": "CONTENT", "attributes": {"category": "character"}, "is_external": false, "used_time": 1, "children": [{"tag": "PROPERTIES_FONT", "attributes": {"name": "Arial", "resdescid": "204142", "size": "10.0"}, "is_external": false, "used_time": 259, "resdescid": "204142", "children": []}]}]}]}]}, {"tag": "repository_TextStyle", "attributes": {"resdescid": "204142"}, "is_external": true, "used_time": 259, "resdescid": "204142", "children": [{"tag": "TextStyle", "attributes": {}, "is_external": false, "used_time": 1, "children": [{"tag": "CONTENT", "attributes": {"category": "paragraph"}, "is_external": false, "used_time": 1, "children": [{"tag": "PROPERTIES_PARAGRAPH", "attributes": {"alignment": "Justified"}, "is_external": false, "used_time": 1, "children": []}]}, {"tag": "TextStyle", "attributes": {}, "is_external": false, "used_time": 1, "children": [{"tag": "CONTENT", "attributes": {"category": "character"}, "is_external": false, "used_time": 1, "children": [{"tag": "PROPERTIES_FONT", "attributes": {"name": "Arial", "resdescid": "204142", "size": "10.0"}, "is_external": false, "used_time": 259, "resdescid": "204142", "children": []}]}]}]}]}, {"tag": "repository_TextStyle", "attributes": {"resdescid": "204142"}, "is_external": true, "used_time": 259, "resdescid": "204142", "children": [{"tag": "TextStyle", "attributes": {}, "is_external": false, "used_time": 1, "children": [{"tag": "CONTENT", "attributes": {"category": "paragraph"}, "is_external": false, "used_time": 1, "children": [{"tag": "PROPERTIES_PARAGRAPH", "attributes": {"alignment": "Justified"}, "is_external": false, "used_time": 1, "children": []}]}, {"tag": "TextStyle", "attributes": {}, "is_external": false, "used_time": 1, "children": [{"tag": "CONTENT", "attributes": {"category": "character"}, "is_external": false, "used_time": 1, "children": [{"tag": "PROPERTIES_FONT", "attributes": {"name": "Arial", "resdescid": "204142", "size": "10.0"}, "is_external": false, "used_time": 259, "resdescid": "204142", "children": []}]}]}]}]}, {"tag": "repository_TextStyle", "attributes": {"resdescid": "204142"}, "is_external": true, "used_time": 259, "resdescid": "204142", "children": [{"tag": "TextStyle", "attributes": {}, "is_external": false, "used_time": 1, "children": [{"tag": "CONTENT", "attributes": {"category": "paragraph"}, "is_external": false, "used_time": 1, "children": [{"tag": "PROPERTIES_PARAGRAPH", "attributes": {"alignment": "Justified"}, "is_external": false, "used_time": 1, "children": []}]}, {"tag": "TextStyle", "attributes": {}, "is_external": false, "used_time": 1, "children": [{"tag": "CONTENT", "attributes": {"category": "character"}, "is_external": false, "used_time": 1, "children": [{"tag": "PROPERTIES_FONT", "attributes": {"name": "Arial", "resdescid": "204142", "size": "10.0"}, "is_external": false, "used_time": 259, "resdescid": "204142", "children": []}]}]}]}]}, {"tag": "repository_TextStyle", "attributes": {"resdescid": "204142"}, "is_external": true, "used_time": 259, "resdescid": "204142", "children": [{"tag": "TextStyle", "attributes": {}, "is_external": false, "used_time": 1, "children": [{"tag": "CONTENT", "attributes": {"category": "paragraph"}, "is_external": false, "used_time": 1, "children": [{"tag": "PROPERTIES_PARAGRAPH", "attributes": {"alignment": "Justified"}, "is_external": false, "used_time": 1, "children": []}]}, {"tag": "TextStyle", "attributes": {}, "is_external": false, "used_time": 1, "children": [{"tag": "CONTENT", "attributes": {"category": "character"}, "is_external": false, "used_time": 1, "children": [{"tag": "PROPERTIES_FONT", "attributes": {"name": "Arial", "resdescid": "204142", "size": "10.0"}, "is_external": false, "used_time": 259, "resdescid": "204142", "children": []}]}]}]}]}, {"tag": "repository_TextStyle", "attributes": {"resdescid": "204142"}, "is_external": true, "used_time": 259, "resdescid": "204142", "children": [{"tag": "TextStyle", "attributes": {}, "is_external": false, "used_time": 1, "children": [{"tag": "CONTENT", "attributes": {"category": "paragraph"}, "is_external": false, "used_time": 1, "children": [{"tag": "PROPERTIES_PARAGRAPH", "attributes": {"alignment": "Justified"}, "is_external": false, "used_time": 1, "children": []}]}, {"tag": "TextStyle", "attributes": {}, "is_external": false, "used_time": 1, "children": [{"tag": "CONTENT", "attributes": {"category": "character"}, "is_external": false, "used_time": 1, "children": [{"tag": "PROPERTIES_FONT", "attributes": {"name": "Arial", "resdescid": "204142", "size": "10.0"}, "is_external": false, "used_time": 259, "resdescid": "204142", "children": []}]}]}]}]}, {"tag": "repository_TextStyle", "attributes": {"resdescid": "204142"}, "is_external": true, "used_time": 259, "resdescid": "204142", "children": [{"tag": "TextStyle", "attributes": {}, "is_external": false, "used_time": 1, "children": [{"tag": "CONTENT", "attributes": {"category": "paragraph"}, "is_external": false, "used_time": 1, "children": [{"tag": "PROPERTIES_PARAGRAPH", "attributes": {"alignment": "Justified"}, "is_external": false, "used_time": 1, "children": []}]}, {"tag": "TextStyle", "attributes": {}, "is_external": false, "used_time": 1, "children": [{"tag": "CONTENT", "attributes": {"category": "character"}, "is_external": false, "used_time": 1, "children": [{"tag": "PROPERTIES_FONT", "attributes": {"name": "Arial", "resdescid": "204142", "size": "10.0"}, "is_external": false, "used_time": 259, "resdescid": "204142", "children": []}]}]}]}]}, {"tag": "repository_TextStyle", "attributes": {"resdescid": "204142"}, "is_external": true, "used_time": 259, "resdescid": "204142", "children": [{"tag": "TextStyle", "attributes": {}, "is_external": false, "used_time": 1, "children": [{"tag": "CONTENT", "attributes": {"category": "paragraph"}, "is_external": false, "used_time": 1, "children": [{"tag": "PROPERTIES_PARAGRAPH", "attributes": {"alignment": "Justified"}, "is_external": false, "used_time": 1, "children": []}]}, {"tag": "TextStyle", "attributes": {}, "is_external": false, "used_time": 1, "children": [{"tag": "CONTENT", "attributes": {"category": "character"}, "is_external": false, "used_time": 1, "children": [{"tag": "PROPERTIES_FONT", "attributes": {"name": "Arial", "resdescid": "204142", "size": "10.0"}, "is_external": false, "used_time": 259, "resdescid": "204142", "children": []}]}]}]}]}, {"tag": "repository_TextStyle", "attributes": {"resdescid": "204142"}, "is_external": true, "used_time": 259, "resdescid": "204142", "children": [{"tag": "TextStyle", "attributes": {}, "is_external": false, "used_time": 1, "children": [{"tag": "CONTENT", "attributes": {"category": "paragraph"}, "is_external": false, "used_time": 1, "children": [{"tag": "PROPERTIES_PARAGRAPH", "attributes": {"alignment": "Justified"}, "is_external": false, "used_time": 1, "children": []}]}, {"tag": "TextStyle", "attributes": {}, "is_external": false, "used_time": 1, "children": [{"tag": "CONTENT", "attributes": {"category": "character"}, "is_external": false, "used_time": 1, "children": [{"tag": "PROPERTIES_FONT", "attributes": {"name": "Arial", "resdescid": "204142", "size": "10.0"}, "is_external": false, "used_time": 259, "resdescid": "204142", "children": []}]}]}]}]}]}]}]}]}, {"tag": "TemplateClass_Anchor", "attributes": {"description": "", "expanded": "true", "idAnchor": "20", "idOwner": "277832", "idTemplate": "15", "name": "FORMULE_POLITESSE", "usage": "use"}, "is_external": false, "used_time": 1, "children": [{"tag": "LocalContext", "attributes": {"description": "", "expanded": "true", "idTemplate": "120", "name": "Nouvelle zone de document"}, "is_external": false, "used_time": 1, "children": [{"tag": "CONTENT", "attributes": {"VBalancing": "NONE", "attachment": "false", "behavious": "noseperated", "deltaY": "0", "heightAfter": "0", "leftIndent": "0", "localCtxUnit": "100p", "publish": "false", "resetPos": "false", "rightIndent": "0", "standardUser": "false", "tagVersion": "E_P3_1_1_2_2q31", "type": "CtxDyn"}, "is_external": false, "used_time": 1, "children": []}, {"tag": "repository_TemplateSubSet", "attributes": {"idTemplate": "135", "resdescid": "278239"}, "is_external": true, "used_time": 79, "resdescid": "278239", "children": [{"tag": "CONTENT", "attributes": {}, "is_external": false, "used_time": 1, "children": []}]}, {"tag": "Paragraph", "attributes": {"description": "", "idTemplate": "181", "name": "PAR_Important"}, "is_external": false, "used_time": 1, "children": [{"tag": "CONTENT", "attributes": {"ErrorTagOnlyBefore": "true", "breakPage": "nonallowed_always", "currentZoom": "100", "spellingLang": "FR", "tagVersion": "E_P3_1_1_4_2q53", "woLock": "true", "z_deltaY": "1417", "z_leftIndent": "0", "z_localCtxUnit": "100p", "z_rightIndent": "0", "z_type": "CtxDyn"}, "is_external": false, "used_time": 1, "children": [{"tag": "LocalVars", "attributes": {}, "is_external": false, "used_time": 1, "children": []}, {"tag": "STYLE-AUTOMATIC", "attributes": {}, "is_external": false, "used_time": 1, "children": []}, {"tag": "TEXT", "attributes": {}, "is_external": false, "used_time": 1, "children": [{"tag": "repository_TextStyle", "attributes": {"resdescid": "204142"}, "is_external": true, "used_time": 259, "resdescid": "204142", "children": [{"tag": "TextStyle", "attributes": {}, "is_external": false, "used_time": 1, "children": [{"tag": "CONTENT", "attributes": {"category": "paragraph"}, "is_external": false, "used_time": 1, "children": [{"tag": "PROPERTIES_PARAGRAPH", "attributes": {"alignment": "Justified"}, "is_external": false, "used_time": 1, "children": []}]}, {"tag": "TextStyle", "attributes": {}, "is_external": false, "used_time": 1, "children": [{"tag": "CONTENT", "attributes": {"category": "character"}, "is_external": false, "used_time": 1, "children": [{"tag": "PROPERTIES_FONT", "attributes": {"bold": "true", "name": "Arial", "resdescid": "204142", "size": "10.0"}, "is_external": false, "used_time": 259, "resdescid": "204142", "children": []}]}]}]}]}]}]}]}, {"tag": "repository_TemplateSubSet", "attributes": {"idTemplate": "119", "resdescid": "277843"}, "is_external": true, "used_time": 93, "resdescid": "277843", "children": [{"tag": "CONTENT", "attributes": {"z_deltaY": "1417", "z_leftIndent": "0", "z_localCtxUnit": "100p", "z_rightIndent": "0", "z_type": "CtxDyn"}, "is_external": false, "used_time": 1, "children": []}]}, {"tag": "repository_Paragraph", "attributes": {"idTemplate": "210", "resdescid": "277715"}, "is_external": true, "used_time": 143, "resdescid": "277715", "children": [{"tag": "CONTENT", "attributes": {"productionPolicyUse": "editable", "z_deltaY": "850", "z_leftIndent": "0", "z_localCtxUnit": "100p", "z_rightIndent": "0", "z_type": "CtxDyn"}, "is_external": false, "used_time": 1, "children": [{"tag": "EditableInProduction", "attributes": {"editable": "false"}, "is_external": false, "used_time": 1, "children": []}]}]}]}]}, {"tag": "TemplateClass_Anchor", "attributes": {"description": "", "idAnchor": "31", "idOwner": "277832", "idTemplate": "16", "name": "RENSEIGNEMENT COMPLEMENTAIRE", "usage": "use"}, "is_external": false, "used_time": 1, "children": []}, {"tag": "TemplateClass_Anchor", "attributes": {"description": "", "expanded": "true", "idAnchor": "16", "idOwner": "277832", "idTemplate": "17", "name": "PIECES_JOINTES", "usage": "use"}, "is_external": false, "used_time": 1, "children": [{"tag": "LocalContext", "attributes": {"description": "", "expanded": "true", "idTemplate": "124", "name": "Nouvelle zone de document"}, "is_external": false, "used_time": 1, "children": [{"tag": "CONTENT", "attributes": {"VBalancing": "NONE", "attachment": "false", "behavious": "parent", "deltaY": "850", "heightAfter": "0", "leftIndent": "0", "localCtxUnit": "100p", "publish": "false", "resetPos": "false", "rightIndent": "0", "standardUser": "false", "tagVersion": "E_P3_1_1_4_2q53", "type": "CtxDyn"}, "is_external": false, "used_time": 1, "children": []}, {"tag": "Table", "attributes": {"description": "", "idTemplate": "211", "name": "TAB_Affichage_Piece_Jointe_01"}, "is_external": false, "used_time": 1, "children": [{"tag": "CONTENT", "attributes": {"currentZoom": "100", "maxCellUID": "6", "maxRowUID": "3", "maxVariableUID": "0", "nbCol": "1", "nbRow": "3", "tagVersion": "E_P3_1_1_4_2q53"}, "is_external": false, "used_time": 1, "children": [{"tag": "TextStyle", "attributes": {"description": "", "name": ""}, "is_external": false, "used_time": 1, "children": [{"tag": "CONTENT", "attributes": {"basedOn": "ROOT", "category": "cell"}, "is_external": false, "used_time": 1, "children": [{"tag": "PROPERTIES_FONT", "attributes": {"bold": "false", "colorCMYK": "0 0 0 255", "italic": "false", "name": "Arial", "size": "11", "underline": "false"}, "is_external": false, "used_time": 1, "children": []}, {"tag": "PROPERTIES_CELL_ALIGNMENT", "attributes": {"alignment": "Left", "alignmentVert": "Top"}, "is_external": false, "used_time": 1, "children": []}]}]}, {"tag": "Group", "attributes": {}, "is_external": false, "used_time": 1, "children": [{"tag": "CONTENT", "attributes": {"UID": "1", "WOActive": "true", "WOEnabled": "true", "WOOline": "1", "WOWline": "1", "attachmentNext": "false", "attachmentPrevious": "false", "breakable62": "true", "iterativeName": "itpj", "rowGroupBreakable": "true", "type": "Group"}, "is_external": false, "used_time": 1, "children": [{"tag": "repository_DataManager", "attributes": {"name": "reglement_dl1", "resdescid": "13508"}, "is_external": true, "used_time": 248, "resdescid": "13508", "children": [{"tag": "repository_DataMessageIterative", "attributes": {"name": "itpj", "resdescid": "13473"}, "is_external": true, "used_time": 0, "resdescid": "13473", "children": []}]}, {"tag": "Cell", "attributes": {}, "is_external": false, "used_time": 1, "children": [{"tag": "CONTENT", "attributes": {"UID": "1", "spanColumn": "1", "spanRow": "1"}, "is_external": false, "used_time": 1, "children": [{"tag": "Paragraph", "attributes": {}, "is_external": false, "used_time": 1, "children": [{"tag": "CONTENT", "attributes": {"breakPage": "nonallowed_always"}, "is_external": false, "used_time": 1, "children": [{"tag": "LocalVars", "attributes": {}, "is_external": false, "used_time": 1, "children": []}, {"tag": "STYLE-AUTOMATIC", "attributes": {}, "is_external": false, "used_time": 1, "children": []}, {"tag": "TEXT", "attributes": {}, "is_external": false, "used_time": 1, "children": [{"tag": "TextStyle", "attributes": {}, "is_external": false, "used_time": 1, "children": []}]}]}]}]}]}]}, {"tag": "Row", "attributes": {}, "is_external": false, "used_time": 1, "children": [{"tag": "CONTENT", "attributes": {"UID": "2", "gauging": "false", "height": "1700", "heightDyn": "false", "occurrence": "All", "type": "Header"}, "is_external": false, "used_time": 1, "children": [{"tag": "Cell", "attributes": {}, "is_external": false, "used_time": 1, "children": [{"tag": "CONTENT", "attributes": {"UID": "3", "spanColumn": "1", "spanRow": "1"}, "is_external": false, "used_time": 1, "children": [{"tag": "TextStyle", "attributes": {}, "is_external": false, "used_time": 1, "children": [{"tag": "CONTENT", "attributes": {"category": "cell"}, "is_external": false, "used_time": 1, "children": [{"tag": "PROPERTIES_CELL_INSETS", "attributes": {"insetBottom": "300", "insetLeft": "300", "insetRight": "300", "insetTop": "300"}, "is_external": false, "used_time": 1, "children": []}, {"tag": "PROPERTIES_CELL_BORDER", "attributes": {}, "is_external": false, "used_time": 1, "children": []}, {"tag": "PROPERTIES_CELL_ALIGNMENT", "attributes": {"alignmentVert": "Center"}, "is_external": false, "used_time": 1, "children": []}]}]}, {"tag": "Paragraph", "attributes": {}, "is_external": false, "used_time": 1, "children": [{"tag": "CONTENT", "attributes": {"breakPage": "nonallowed_always"}, "is_external": false, "used_time": 1, "children": [{"tag": "LocalVars", "attributes": {}, "is_external": false, "used_time": 1, "children": []}, {"tag": "STYLE-AUTOMATIC", "attributes": {}, "is_external": false, "used_time": 1, "children": []}, {"tag": "TEXT", "attributes": {}, "is_external": false, "used_time": 1, "children": [{"tag": "TextStyle", "attributes": {}, "is_external": false, "used_time": 1, "children": [{"tag": "CONTENT", "attributes": {"parent": "true"}, "is_external": false, "used_time": 1, "children": [{"tag": "TextStyle", "attributes": {}, "is_external": false, "used_time": 1, "children": [{"tag": "CONTENT", "attributes": {"category": "paragraph"}, "is_external": false, "used_time": 1, "children": [{"tag": "PROPERTIES_PARAGRAPH", "attributes": {"alignment": "Left", "indentFirstLine": "0", "indentLeft": "0", "indentRight": "0", "lineSpacing": "0", "wrapping": "true"}, "is_external": false, "used_time": 1, "children": []}]}, {"tag": "TextStyle", "attributes": {}, "is_external": false, "used_time": 1, "children": [{"tag": "CONTENT", "attributes": {"category": "character"}, "is_external": false, "used_time": 1, "children": [{"tag": "PROPERTIES_FONT", "attributes": {"name": "Arial", "resdescid": "-1", "size": "10.0"}, "is_external": false, "used_time": 0, "resdescid": "-1", "children": []}]}]}]}]}]}]}]}]}]}]}]}]}, {"tag": "Row", "attributes": {}, "is_external": false, "used_time": 1, "children": [{"tag": "CONTENT", "attributes": {"UID": "3", "attachmentNext": "false", "height": "1700", "heightDyn": "false", "type": "Body"}, "is_external": false, "used_time": 1, "children": [{"tag": "Cell", "attributes": {}, "is_external": false, "used_time": 1, "children": [{"tag": "CONTENT", "attributes": {"UID": "5", "spanColumn": "1", "spanRow": "1"}, "is_external": false, "used_time": 1, "children": [{"tag": "TextStyle", "attributes": {}, "is_external": false, "used_time": 1, "children": [{"tag": "CONTENT", "attributes": {"category": "cell"}, "is_external": false, "used_time": 1, "children": [{"tag": "PROPERTIES_CELL_INSETS", "attributes": {"insetBottom": "300", "insetLeft": "300", "insetRight": "300", "insetTop": "300"}, "is_external": false, "used_time": 1, "children": []}, {"tag": "PROPERTIES_CELL_BORDER", "attributes": {}, "is_external": false, "used_time": 1, "children": []}, {"tag": "PROPERTIES_CELL_ALIGNMENT", "attributes": {"alignmentVert": "Center"}, "is_external": false, "used_time": 1, "children": []}]}]}, {"tag": "Paragraph", "attributes": {}, "is_external": false, "used_time": 1, "children": [{"tag": "CONTENT", "attributes": {"breakPage": "nonallowed_always"}, "is_external": false, "used_time": 1, "children": [{"tag": "LocalVars", "attributes": {}, "is_external": false, "used_time": 1, "children": []}, {"tag": "STYLE-AUTOMATIC", "attributes": {}, "is_external": false, "used_time": 1, "children": []}, {"tag": "TEXT", "attributes": {}, "is_external": false, "used_time": 1, "children": [{"tag": "TextStyle", "attributes": {}, "is_external": false, "used_time": 1, "children": [{"tag": "CONTENT", "attributes": {"parent": "true"}, "is_external": false, "used_time": 1, "children": [{"tag": "TextStyle", "attributes": {}, "is_external": false, "used_time": 1, "children": [{"tag": "CONTENT", "attributes": {"category": "paragraph"}, "is_external": false, "used_time": 1, "children": [{"tag": "PROPERTIES_PARAGRAPH", "attributes": {"alignment": "Left", "indentFirstLine": "0", "indentLeft": "0", "indentRight": "0", "lineSpacing": "0", "wrapping": "true"}, "is_external": false, "used_time": 1, "children": []}]}, {"tag": "TextStyle", "attributes": {}, "is_external": false, "used_time": 1, "children": [{"tag": "CONTENT", "attributes": {"category": "character"}, "is_external": false, "used_time": 1, "children": [{"tag": "PROPERTIES_FONT", "attributes": {"name": "Arial", "resdescid": "-1", "size": "10.0"}, "is_external": false, "used_time": 0, "resdescid": "-1", "children": []}]}]}, {"tag": "TextStyle", "attributes": {}, "is_external": false, "used_time": 1, "children": [{"tag": "CONTENT", "attributes": {"category": "character"}, "is_external": false, "used_time": 1, "children": [{"tag": "PROPERTIES_FONT", "attributes": {"name": "Arial", "resdescid": "-1", "size": "10.0"}, "is_external": false, "used_time": 0, "resdescid": "-1", "children": []}]}, {"tag": "repository_Variable", "attributes": {"name": "itpj_Libelle", "resdescid": "13033"}, "is_external": true, "used_time": 12, "resdescid": "13033", "children": []}]}]}]}]}]}]}]}]}]}]}]}]}, {"tag": "Column", "attributes": {}, "is_external": false, "used_time": 1, "children": [{"tag": "CONTENT", "attributes": {"width": "24300"}, "is_external": false, "used_time": 1, "children": []}]}]}]}]}, {"tag": "PageBreak", "attributes": {"description": "", "idTemplate": "183", "name": "Nouveau saut (page/colonne)"}, "is_external": false, "used_time": 1, "children": [{"tag": "CONTENT", "attributes": {}, "is_external": false, "used_time": 1, "children": []}]}, {"tag": "LocalContext", "attributes": {"description": "", "expanded": "true", "idTemplate": "185", "name": "Nouvelle zone de document"}, "is_external": false, "used_time": 1, "children": [{"tag": "CONTENT", "attributes": {"VBalancing": "NONE", "attachment": "false", "behavious": "parent", "deltaY": "-8503", "heightAfter": "0", "leftIndent": "0", "localCtxUnit": "100p", "publish": "false", "resetPos": "false", "rightIndent": "0", "standardUser": "false", "tagVersion": "E_P3_1_1_4_2q53", "type": "CtxDyn"}, "is_external": false, "used_time": 1, "children": []}, {"tag": "repository_TemplateSubSet", "attributes": {"idTemplate": "184", "resdescid": "279162"}, "is_external": true, "used_time": 1, "resdescid": "279162", "children": [{"tag": "CONTENT", "attributes": {}, "is_external": false, "used_time": 1, "children": []}]}]}]}, {"tag": "TemplateClass_Anchor", "attributes": {"description": "", "idAnchor": "32", "idOwner": "277832", "idTemplate": "18", "name": "DESTINATAIRES COPIES", "usage": "use"}, "is_external": false, "used_time": 1, "children": []}, {"tag": "TemplateClass_Anchor", "attributes": {"description": "", "idAnchor": "9", "idOwner": "277832", "idTemplate": "19", "name": "Placement Pied de page", "usage": "use"}, "is_external": false, "used_time": 1, "children": []}, {"tag": "TemplateClass_Anchor", "attributes": {"description": "", "idAnchor": "10", "idOwner": "277832", "idTemplate": "214", "name": "Placement Dernier pied de page", "usage": "use"}, "is_external": false, "used_time": 1, "children": []}]}, {"tag": "Wizard", "attributes": {"description": "", "expanded": "true", "idTemplate": "63", "name": "Nouveau sc\u00c3\u00a9nario"}, "is_external": false, "used_time": 1, "children": [{"tag": "CONTENT", "attributes": {"tagVersion": "E_P3_1_1_2_2q31"}, "is_external": false, "used_time": 1, "children": []}, {"tag": "WizardForm", "attributes": {"description": "", "expanded": "true", "idTemplate": "211", "name": "Nouveau formulaire transactionnel"}, "is_external": false, "used_time": 1, "children": [{"tag": "CONTENT", "attributes": {"tagVersion": "E_P3_1_1_2_2q31"}, "is_external": false, "used_time": 1, "children": [{"tag": "repository_WizardRenderer", "attributes": {"activated": "false", "description": "", "domainid": "290", "isPlugin": "false", "name": "Theme Test", "resdescid": "278181", "subtypes": "", "version": "1.12"}, "is_external": true, "used_time": 190, "resdescid": "278181", "children": [{"tag": "CONTENT", "attributes": {"background": "240 240 240", "tagVersion": "E_P3_1_1_2_2q31"}, "is_external": false, "used_time": 1, "children": [{"tag": "PROPERTIES_FONT", "attributes": {"bold": "false", "color": "0 0 0", "italic": "false", "name": "Arial", "size": "11"}, "is_external": false, "used_time": 1, "children": []}, {"tag": "PROPERTIES_DESCRIPTION_FONT", "attributes": {"bold": "false", "color": "0 0 0", "isManual": "false", "italic": "false", "name": "Arial", "size": "12"}, "is_external": false, "used_time": 1, "children": []}, {"tag": "PROPERTIES_BORDER_WIZ", "attributes": {"color": "0 0 0", "pattern": "3DLowered", "thickness": "1"}, "is_external": false, "used_time": 1, "children": []}, {"tag": "PROPERTIES_SUB_ELEMENT_INDENT_WIZ", "attributes": {"bottom": "0", "left": "0", "right": "0", "top": "0"}, "is_external": false, "used_time": 1, "children": []}, {"tag": "PROPERTIES_DESCRIPTION_SIZE", "attributes": {"isManual": "false", "width": "50"}, "is_external": false, "used_time": 1, "children": []}, {"tag": "PROPERTIES_DESCRIPTION_COLOR", "attributes": {"background": "240 240 240", "isManual": "false"}, "is_external": false, "used_time": 1, "children": []}]}]}]}, {"tag": "WizardGroup", "attributes": {"description": "", "expanded": "true", "idTemplate": "34", "name": "Formulaire_Civilite"}, "is_external": false, "used_time": 1, "children": [{"tag": "CONTENT", "attributes": {"layout": "Border", "tagVersion": "E_P3_1_1_2_2q31"}, "is_external": false, "used_time": 1, "children": [{"tag": "WizardGroupArea", "attributes": {}, "is_external": false, "used_time": 1, "children": [{"tag": "CONTENT", "attributes": {"fillMode": "Vertical", "location": "North"}, "is_external": false, "used_time": 1, "children": []}]}, {"tag": "WizardGroupArea", "attributes": {}, "is_external": false, "used_time": 1, "children": [{"tag": "CONTENT", "attributes": {"fillMode": "Vertical", "location": "West"}, "is_external": false, "used_time": 1, "children": []}]}, {"tag": "WizardGroupArea", "attributes": {}, "is_external": false, "used_time": 1, "children": [{"tag": "CONTENT", "attributes": {"fillMode": "Vertical", "location": "Center"}, "is_external": false, "used_time": 1, "children": []}]}, {"tag": "WizardGroupArea", "attributes": {}, "is_external": false, "used_time": 1, "children": [{"tag": "CONTENT", "attributes": {"fillMode": "Vertical", "location": "East"}, "is_external": false, "used_time": 1, "children": []}]}, {"tag": "WizardGroupArea", "attributes": {}, "is_external": false, "used_time": 1, "children": [{"tag": "CONTENT", "attributes": {"fillMode": "Vertical", "location": "South"}, "is_external": false, "used_time": 1, "children": []}]}]}, {"tag": "WizardGroupArea", "attributes": {"alignmentH": "Stretch", "alignmentV": "Top", "condid": "0", "description": "", "expanded": "true", "fillMode": "Vertical", "idTemplate": "36", "location": "North", "name": "North", "usage": "use"}, "is_external": false, "used_time": 1, "children": [{"tag": "CONTENT", "attributes": {}, "is_external": false, "used_time": 1, "children": []}, {"tag": "WizardFormLabel", "attributes": {"description": "", "idTemplate": "31", "name": "Choisissez_Civilite"}, "is_external": false, "used_time": 1, "children": [{"tag": "CONTENT", "attributes": {"breakPage": "nonallowed_always", "currentZoom": "100", "orphansNumber": "0", "spellingLang": "FR", "tagVersion": "E_P3_1_1_2_2q31", "widowsNumber": "0", "woLock": "true"}, "is_external": false, "used_time": 1, "children": [{"tag": "LocalVars", "attributes": {}, "is_external": false, "used_time": 1, "children": []}, {"tag": "STYLE-AUTOMATIC", "attributes": {}, "is_external": false, "used_time": 1, "children": []}, {"tag": "TEXT", "attributes": {}, "is_external": false, "used_time": 1, "children": [{"tag": "repository_TextStyle", "attributes": {"resdescid": "204142"}, "is_external": true, "used_time": 259, "resdescid": "204142", "children": [{"tag": "TextStyle", "attributes": {}, "is_external": false, "used_time": 1, "children": [{"tag": "CONTENT", "attributes": {"category": "character"}, "is_external": false, "used_time": 1, "children": [{"tag": "PROPERTIES_FONT", "attributes": {"bold": "true", "name": "Arial", "size": "10.0"}, "is_external": false, "used_time": 1, "children": []}]}]}, {"tag": "TextStyle", "attributes": {}, "is_external": false, "used_time": 1, "children": [{"tag": "CONTENT", "attributes": {"category": "character"}, "is_external": false, "used_time": 1, "children": [{"tag": "PROPERTIES_FONT", "attributes": {"bold": "true", "color": "255 0 0", "colorCMYK": "0 255 255 0", "name": "Arial", "size": "10.0"}, "is_external": false, "used_time": 1, "children": []}]}]}]}]}]}]}]}, {"tag": "WizardGroupArea", "attributes": {"alignmentH": "Stretch", "alignmentV": "Top", "condid": "0", "description": "", "expanded": "true", "fillMode": "Vertical", "idTemplate": "37", "location": "West", "name": "West", "usage": "use"}, "is_external": false, "used_time": 1, "children": [{"tag": "CONTENT", "attributes": {}, "is_external": false, "used_time": 1, "children": []}, {"tag": "WizardFormLabel", "attributes": {"description": "", "idTemplate": "201", "name": "Decalage"}, "is_external": false, "used_time": 1, "children": [{"tag": "CONTENT", "attributes": {"breakPage": "nonallowed_always", "currentZoom": "100", "orphansNumber": "0", "spellingLang": "FR", "tagVersion": "E_P3_1_1_2_2q31", "widowsNumber": "0", "woLock": "true"}, "is_external": false, "used_time": 1, "children": [{"tag": "LocalVars", "attributes": {}, "is_external": false, "used_time": 1, "children": []}, {"tag": "STYLE-AUTOMATIC", "attributes": {}, "is_external": false, "used_time": 1, "children": []}, {"tag": "TEXT", "attributes": {}, "is_external": false, "used_time": 1, "children": [{"tag": "repository_TextStyle", "attributes": {"resdescid": "204142"}, "is_external": true, "used_time": 259, "resdescid": "204142", "children": []}]}]}]}]}, {"tag": "WizardGroupArea", "attributes": {"alignmentH": "Stretch", "alignmentV": "Top", "condid": "0", "description": "", "expanded": "true", "fillMode": "Vertical", "idTemplate": "35", "location": "Center", "name": "Centre", "usage": "use"}, "is_external": false, "used_time": 1, "children": [{"tag": "CONTENT", "attributes": {}, "is_external": false, "used_time": 1, "children": []}, {"tag": "repository_CustomFunc", "attributes": {"expanded": "true", "idTemplate": "136", "resdescid": "278180"}, "is_external": true, "used_time": 75, "resdescid": "278180", "children": [{"tag": "Row", "attributes": {"UID": "1", "condid": "0", "description": "", "idTemplate": "137", "name": "Madame", "usage": "use"}, "is_external": false, "used_time": 1, "children": [{"tag": "CONTENT", "attributes": {}, "is_external": false, "used_time": 1, "children": []}]}, {"tag": "Row", "attributes": {"UID": "2", "condid": "0", "description": "", "idTemplate": "138", "name": "Monsieur", "usage": "use"}, "is_external": false, "used_time": 1, "children": [{"tag": "CONTENT", "attributes": {}, "is_external": false, "used_time": 1, "children": []}]}, {"tag": "Row", "attributes": {"UID": "3", "condid": "0", "description": "", "idTemplate": "139", "name": "Madame, Monsieur", "usage": "use"}, "is_external": false, "used_time": 1, "children": [{"tag": "CONTENT", "attributes": {}, "is_external": false, "used_time": 1, "children": []}]}, {"tag": "Row", "attributes": {"UID": "4", "condid": "0", "description": "", "idTemplate": "140", "name": "Messieurs", "usage": "use"}, "is_external": false, "used_time": 1, "children": [{"tag": "CONTENT", "attributes": {}, "is_external": false, "used_time": 1, "children": []}]}, {"tag": "Row", "attributes": {"UID": "5", "condid": "0", "description": "", "idTemplate": "141", "name": "Cher Ma\u00c3\u00aetre", "usage": "use"}, "is_external": false, "used_time": 1, "children": [{"tag": "CONTENT", "attributes": {}, "is_external": false, "used_time": 1, "children": []}]}, {"tag": "Row", "attributes": {"UID": "6", "condid": "0", "description": "", "idTemplate": "142", "name": "Monsieur le Directeur", "usage": "use"}, "is_external": false, "used_time": 1, "children": [{"tag": "CONTENT", "attributes": {}, "is_external": false, "used_time": 1, "children": []}]}, {"tag": "Row", "attributes": {"UID": "7", "condid": "0", "description": "", "idTemplate": "143", "name": "Docteur", "usage": "use"}, "is_external": false, "used_time": 1, "children": [{"tag": "CONTENT", "attributes": {}, "is_external": false, "used_time": 1, "children": []}]}]}]}, {"tag": "WizardGroupArea", "attributes": {"alignmentH": "Stretch", "alignmentV": "Top", "condid": "0", "description": "", "fillMode": "Vertical", "idTemplate": "38", "location": "East", "name": "East", "usage": "use"}, "is_external": false, "used_time": 1, "children": [{"tag": "CONTENT", "attributes": {}, "is_external": false, "used_time": 1, "children": []}]}, {"tag": "WizardGroupArea", "attributes": {"alignmentH": "Stretch", "alignmentV": "Top", "condid": "0", "description": "", "fillMode": "Vertical", "idTemplate": "39", "location": "South", "name": "South", "usage": "use"}, "is_external": false, "used_time": 1, "children": [{"tag": "CONTENT", "attributes": {}, "is_external": false, "used_time": 1, "children": []}]}]}, {"tag": "WizardGroup", "attributes": {"description": "", "expanded": "true", "idTemplate": "148", "name": "Nouveau groupe de formulaire"}, "is_external": false, "used_time": 1, "children": [{"tag": "CONTENT", "attributes": {"layout": "Simple", "tagVersion": "E_P3_1_1_2_2q31"}, "is_external": false, "used_time": 1, "children": [{"tag": "WizardGroupArea", "attributes": {}, "is_external": false, "used_time": 1, "children": [{"tag": "CONTENT", "attributes": {"fillMode": "Vertical", "location": "Center"}, "is_external": false, "used_time": 1, "children": []}]}]}, {"tag": "WizardGroupArea", "attributes": {"alignmentH": "Stretch", "alignmentV": "Top", "condid": "0", "description": "", "expanded": "true", "fillMode": "Vertical", "idTemplate": "149", "location": "Center", "name": "Centre", "usage": "use"}, "is_external": false, "used_time": 1, "children": [{"tag": "CONTENT", "attributes": {}, "is_external": false, "used_time": 1, "children": []}, {"tag": "WizardFormLabel", "attributes": {"description": "", "idTemplate": "150", "name": "LBL_Champs_Obligatoires"}, "is_external": false, "used_time": 1, "children": [{"tag": "CONTENT", "attributes": {"breakPage": "nonallowed_always", "currentZoom": "100", "orphansNumber": "0", "spellingLang": "FR", "tagVersion": "E_P3_1_1_2_2q31", "widowsNumber": "0", "woLock": "true"}, "is_external": false, "used_time": 1, "children": [{"tag": "LocalVars", "attributes": {}, "is_external": false, "used_time": 1, "children": []}, {"tag": "STYLE-AUTOMATIC", "attributes": {}, "is_external": false, "used_time": 1, "children": []}, {"tag": "TEXT", "attributes": {}, "is_external": false, "used_time": 1, "children": [{"tag": "repository_TextStyle", "attributes": {"resdescid": "231550"}, "is_external": true, "used_time": 132, "resdescid": "231550", "children": [{"tag": "TextStyle", "attributes": {}, "is_external": false, "used_time": 1, "children": [{"tag": "CONTENT", "attributes": {"category": "character"}, "is_external": false, "used_time": 1, "children": [{"tag": "PROPERTIES_FONT", "attributes": {"color": "255 0 0", "colorCMYK": "0 255 255 0", "italic": "true", "name": "Arial"}, "is_external": false, "used_time": 1, "children": []}]}]}]}, {"tag": "repository_TextStyle", "attributes": {"resdescid": "231550"}, "is_external": true, "used_time": 132, "resdescid": "231550", "children": [{"tag": "TextStyle", "attributes": {}, "is_external": false, "used_time": 1, "children": [{"tag": "CONTENT", "attributes": {"category": "character"}, "is_external": false, "used_time": 1, "children": [{"tag": "PROPERTIES_FONT", "attributes": {"color": "255 0 0", "colorCMYK": "0 255 255 0", "italic": "true", "name": "Arial"}, "is_external": false, "used_time": 1, "children": []}]}]}]}]}]}]}, {"tag": "repository_If", "attributes": {"expanded": "true", "idTemplate": "97", "resdescid": "277648"}, "is_external": true, "used_time": 188, "resdescid": "277648", "children": [{"tag": "If_VALUE", "attributes": {"condid": "0", "description": "simple condition", "expanded": "true", "idTemplate": "408", "name": "CondIF", "usage": "use"}, "is_external": false, "used_time": 1, "children": [{"tag": "WizardAction", "attributes": {"description": "", "idTemplate": "416", "name": "OK"}, "is_external": false, "used_time": 1, "children": [{"tag": "CONTENT", "attributes": {"ask": "false", "buttonType": "standard", "defaultFocus": "false", "height": "25", "key": "OK", "tagVersion": "E_P3_1_1_2_2q31", "width": "400"}, "is_external": false, "used_time": 1, "children": [{"tag": "label", "attributes": {}, "is_external": false, "used_time": 1, "children": [{"tag": "XML_VALUE", "attributes": {"type": "expression"}, "is_external": false, "used_time": 1, "children": []}]}]}]}, {"tag": "WizardTemplateViewer", "attributes": {"description": "", "idTemplate": "114", "name": "Nouvelle visionneuse de document"}, "is_external": false, "used_time": 1, "children": [{"tag": "CONTENT", "attributes": {"filter": "paper", "tagVersion": "E_P3_1_1_2_2q31", "type": "vpf", "web_default": "vpf"}, "is_external": false, "used_time": 1, "children": []}]}]}, {"tag": "If_DEFAULT", "attributes": {"condid": "default", "description": "", "expanded": "true", "idTemplate": "409", "name": "Sinon", "usage": "use"}, "is_external": false, "used_time": 1, "children": [{"tag": "WizardAction", "attributes": {"description": "", "idTemplate": "410", "name": "PREVIEW"}, "is_external": false, "used_time": 1, "children": [{"tag": "CONTENT", "attributes": {"ask": "false", "buttonType": "standard", "defaultFocus": "false", "height": "25", "key": "PREVIEW", "tagVersion": "E_P3_1_1_2_2q31", "width": "400"}, "is_external": false, "used_time": 1, "children": [{"tag": "label", "attributes": {}, "is_external": false, "used_time": 1, "children": [{"tag": "XML_VALUE", "attributes": {"type": "expression"}, "is_external": false, "used_time": 1, "children": []}]}]}]}]}]}]}]}]}]}]}]}