{"tag": "repository_Template", "attributes": {"activated": "false", "date": "2022-05-18 15_56_14.264", "description": "Relev\u00c3\u0083\u00c2\u0083\u00c3\u0082\u00c2\u00a9 de compte unitaire pour gestion de compte", "domainid": "1904", "id": "492325", "isPlugin": "false", "lastFunctionDate": "2022-05-18 15_56_14.264", "lastFunctionParent": "30", "lastFunctionUser": "1", "name": "1RGDCRU01-MARQUE-02", "resdescid": "472380", "subtypes": "63", "version": "1.5"}, "children": [{"tag": "CONTENT", "attributes": {"WZ_actionrule": "xsl/default", "WZ_viewname": "css/default", "currentZoom": "100", "debugMode": "0", "defaultTextStyle": "23", "indexingType": "Document", "indexingVarList": "\"IndexList\"", "maxIdTemplate": "147", "messageFilter": "", "monoDataLoader": "true", "tagVersion": "E_P3_1_2_1_6q22"}, "children": [{"tag": "repository_TextStyle", "is_external": true, "used_time": 185, "resdescid": "4271", "children": []}, {"tag": "repository_DataManager", "is_external": true, "used_time": 6, "resdescid": "425679", "children": []}, {"tag": "inputData", "is_external": false, "used_time": 1, "children": []}, {"tag": "indexData", "is_external": false, "used_time": 1, "children": [{"tag": "SimpleSubstitutionTable", "is_external": false, "used_time": 1, "children": [{"tag": "CONTENT", "is_external": false, "used_time": 1, "children": [{"tag": "Row", "is_external": false, "used_time": 1, "children": [{"tag": "CONTENT", "is_external": false, "used_time": 1, "children": [{"tag": "Cell", "is_external": false, "used_time": 1, "children": [{"tag": "CONTENT", "is_external": false, "used_time": 1, "children": [{"tag": "XML_VALUE", "is_external": false, "used_time": 1, "children": []}]}]}]}]}, {"tag": "Column", "is_external": false, "used_time": 1, "children": [{"tag": "CONTENT", "is_external": false, "used_time": 1, "children": [{"tag": "name", "is_external": false, "used_time": 1, "children": [{"tag": "XML_VALUE", "is_external": false, "used_time": 1, "children": []}]}]}]}]}]}]}, {"tag": "repository_PageContext", "is_external": true, "used_time": 61, "resdescid": "55199", "children": [{"tag": "CONTENT", "is_external": false, "used_time": 1, "children": []}, {"tag": "FirstHeader", "is_external": false, "used_time": 1, "children": [{"tag": "repository_CustomObject", "is_external": true, "used_time": 177, "resdescid": "55198", "children": []}, {"tag": "CustomObject", "is_external": false, "used_time": 1, "children": [{"tag": "CONTENT", "is_external": false, "used_time": 1, "children": [{"tag": "repository_CustomLibrary", "is_external": true, "used_time": 365, "resdescid": "679", "children": [{"tag": "CustomObject", "is_external": false, "used_time": 1, "children": []}]}]}]}, {"tag": "MessageLoop", "is_external": false, "used_time": 1, "children": [{"tag": "CONTENT", "is_external": false, "used_time": 1, "children": []}]}, {"tag": "MessageLoop", "is_external": false, "used_time": 1, "children": [{"tag": "CONTENT", "is_external": false, "used_time": 1, "children": []}, {"tag": "MessageLoop", "is_external": false, "used_time": 1, "children": [{"tag": "CONTENT", "is_external": false, "used_time": 1, "children": []}]}]}, {"tag": "repository_TemplateSubSet", "is_external": true, "used_time": 46, "resdescid": "55201", "children": [{"tag": "CONTENT", "is_external": false, "used_time": 1, "children": []}]}, {"tag": "repository_TemplateSubSet", "is_external": true, "used_time": 18, "resdescid": "356462", "children": [{"tag": "CONTENT", "is_external": false, "used_time": 1, "children": []}]}, {"tag": "CustomObject", "is_external": false, "used_time": 1, "children": [{"tag": "CONTENT", "is_external": false, "used_time": 1, "children": [{"tag": "repository_CustomLibrary", "is_external": true, "used_time": 365, "resdescid": "679", "children": [{"tag": "CustomObject", "is_external": false, "used_time": 1, "children": []}]}]}]}, {"tag": "repository_LocalContext", "is_external": true, "used_time": 61, "resdescid": "5389", "children": []}, {"tag": "repository_TemplateSubSet", "is_external": true, "used_time": 79, "resdescid": "5383", "children": [{"tag": "CONTENT", "is_external": false, "used_time": 1, "children": []}]}, {"tag": "CustomObject", "is_external": false, "used_time": 1, "children": [{"tag": "CONTENT", "is_external": false, "used_time": 1, "children": [{"tag": "repository_CustomLibrary", "is_external": true, "used_time": 603, "resdescid": "97", "children": [{"tag": "CustomObject", "is_external": false, "used_time": 1, "children": []}]}, {"tag": "XML_VALUE", "is_external": false, "used_time": 1, "children": []}, {"tag": "XML_VALUE", "is_external": false, "used_time": 1, "children": []}]}]}, {"tag": "repository_TemplateSubSet", "is_external": true, "used_time": 19, "resdescid": "5668", "children": [{"tag": "CONTENT", "is_external": false, "used_time": 1, "children": []}]}, {"tag": "repository_TemplateSubSet", "is_external": true, "used_time": 18, "resdescid": "5766", "children": [{"tag": "CONTENT", "is_external": false, "used_time": 1, "children": []}]}, {"tag": "repository_TemplateSubSet", "is_external": true, "used_time": 21, "resdescid": "5600", "children": [{"tag": "CONTENT", "is_external": false, "used_time": 1, "children": []}]}, {"tag": "CustomObject", "is_external": false, "used_time": 1, "children": [{"tag": "CONTENT", "is_external": false, "used_time": 1, "children": [{"tag": "repository_CustomLibrary", "is_external": true, "used_time": 365, "resdescid": "679", "children": [{"tag": "CustomObject", "is_external": false, "used_time": 1, "children": []}]}]}]}, {"tag": "CustomObject", "is_external": false, "used_time": 1, "children": [{"tag": "CONTENT", "is_external": false, "used_time": 1, "children": [{"tag": "repository_CustomLibrary", "is_external": true, "used_time": 365, "resdescid": "679", "children": [{"tag": "CustomObject", "is_external": false, "used_time": 1, "children": []}]}]}]}]}, {"tag": "Header", "is_external": false, "used_time": 1, "children": [{"tag": "CustomObject", "is_external": false, "used_time": 1, "children": [{"tag": "CONTENT", "is_external": false, "used_time": 1, "children": [{"tag": "repository_CustomLibrary", "is_external": true, "used_time": 365, "resdescid": "679", "children": [{"tag": "CustomObject", "is_external": false, "used_time": 1, "children": []}]}]}]}, {"tag": "CustomObject", "is_external": false, "used_time": 1, "children": [{"tag": "CONTENT", "is_external": false, "used_time": 1, "children": [{"tag": "repository_CustomLibrary", "is_external": true, "used_time": 365, "resdescid": "679", "children": [{"tag": "CustomObject", "is_external": false, "used_time": 1, "children": []}]}]}]}, {"tag": "repository_LocalContext", "is_external": true, "used_time": 61, "resdescid": "5389", "children": []}, {"tag": "repository_TemplateSubSet", "is_external": true, "used_time": 79, "resdescid": "5383", "children": [{"tag": "CONTENT", "is_external": false, "used_time": 1, "children": []}]}, {"tag": "repository_CustomObject", "is_external": true, "used_time": 6, "resdescid": "472366", "children": []}, {"tag": "repository_TemplateSubSet", "is_external": true, "used_time": 19, "resdescid": "5668", "children": [{"tag": "CONTENT", "is_external": false, "used_time": 1, "children": []}]}, {"tag": "CustomObject", "is_external": false, "used_time": 1, "children": [{"tag": "CONTENT", "is_external": false, "used_time": 1, "children": [{"tag": "repository_CustomLibrary", "is_external": true, "used_time": 207, "resdescid": "40", "children": [{"tag": "CustomObject", "is_external": false, "used_time": 1, "children": []}]}, {"tag": "XML_VALUE", "is_external": false, "used_time": 1, "children": []}, {"tag": "XML_VALUE", "is_external": false, "used_time": 1, "children": []}, {"tag": "XML_VALUE", "is_external": false, "used_time": 1, "children": []}]}]}]}, {"tag": "Body", "is_external": false, "used_time": 1, "children": [{"tag": "MessageLoop", "is_external": false, "used_time": 1, "children": [{"tag": "CONTENT", "is_external": false, "used_time": 1, "children": []}, {"tag": "MessageLoop", "is_external": false, "used_time": 1, "children": [{"tag": "CONTENT", "is_external": false, "used_time": 1, "children": []}]}]}, {"tag": "repository_TemplateSubSet", "is_external": true, "used_time": 3, "resdescid": "472379", "children": [{"tag": "CONTENT", "is_external": false, "used_time": 1, "children": []}, {"tag": "TemplateSubSet_Anchor", "is_external": false, "used_time": 1, "children": [{"tag": "repository_TemplateSubSet", "is_external": true, "used_time": 3, "resdescid": "425658", "children": [{"tag": "CONTENT", "is_external": false, "used_time": 1, "children": []}]}]}]}]}, {"tag": "Footer", "is_external": false, "used_time": 1, "children": [{"tag": "repository_LocalContext", "is_external": true, "used_time": 61, "resdescid": "5378", "children": []}, {"tag": "If", "is_external": false, "used_time": 1, "children": [{"tag": "CONTENT", "is_external": false, "used_time": 1, "children": [{"tag": "If_VALUE", "is_external": false, "used_time": 1, "children": [{"tag": "CONDITION_OP", "is_external": false, "used_time": 1, "children": [{"tag": "XML_VALUE", "is_external": false, "used_time": 1, "children": [{"tag": "repository_Variable", "is_external": true, "used_time": 12, "resdescid": "1", "children": []}]}, {"tag": "XML_VALUE", "is_external": false, "used_time": 1, "children": []}]}]}]}, {"tag": "If_VALUE", "is_external": false, "used_time": 1, "children": [{"tag": "CONTENT", "is_external": false, "used_time": 1, "children": []}, {"tag": "CustomObject", "is_external": false, "used_time": 1, "children": [{"tag": "CONTENT", "is_external": false, "used_time": 1, "children": [{"tag": "repository_CustomLibrary", "is_external": true, "used_time": 365, "resdescid": "679", "children": [{"tag": "CustomObject", "is_external": false, "used_time": 1, "children": []}]}]}]}]}]}]}]}]}]}