{"tag": "repository_Template", "attributes": {"activated": "false", "date": "2024-03-13 11_55_30.756", "description": "SGAM - Metamod\u00c3\u0083\u00c2\u0083le SGAM - Avenant Retrait amiante", "domainid": "347", "id": "20884996", "isPlugin": "false", "lastFunctionDate": "2024-03-13 11_55_30.756", "lastFunctionParent": "30", "lastFunctionUser": "12", "name": "MPG16TM01 - marque2017", "resdescid": "20928", "subtypes": "", "version": "1.30"}, "children": [{"tag": "CONTENT", "attributes": {"currentZoom": "100", "debugMode": "0", "maxIdTemplate": "1313", "messageFilter": "", "monoDataLoader": "true", "tagVersion": "E_P3_1_2_2_3q11"}, "children": [{"tag": "repository_TextStyle", "is_external": true, "used_time": 496, "resdescid": "4249", "children": []}, {"tag": "repository_DataManager", "is_external": true, "used_time": 141, "resdescid": "4185", "children": []}, {"tag": "inputData", "is_external": false, "used_time": 1, "children": []}, {"tag": "repository_TemplateClass", "is_external": true, "used_time": 390, "resdescid": "1092488", "children": [{"tag": "CONTENT", "is_external": false, "used_time": 1, "children": []}, {"tag": "TemplateClass_Anchor", "is_external": false, "used_time": 1, "children": []}, {"tag": "TemplateClass_Anchor", "is_external": false, "used_time": 1, "children": [{"tag": "repository_TemplateSubSet", "is_external": true, "used_time": 93, "resdescid": "2504873", "children": [{"tag": "CONTENT", "is_external": false, "used_time": 1, "children": []}]}, {"tag": "repository_CustomObject", "is_external": true, "used_time": 32, "resdescid": "1403711", "children": []}, {"tag": "repository_CustomObject", "is_external": true, "used_time": 157, "resdescid": "828249", "children": []}, {"tag": "repository_CustomObject", "is_external": true, "used_time": 233, "resdescid": "1097084", "children": []}, {"tag": "repository_CustomObject", "is_external": true, "used_time": 354, "resdescid": "837347", "children": []}, {"tag": "repository_CustomObject", "is_external": true, "used_time": 354, "resdescid": "837348", "children": []}]}, {"tag": "TemplateClass_Anchor", "is_external": false, "used_time": 1, "children": []}, {"tag": "TemplateClass_Anchor", "is_external": false, "used_time": 1, "children": [{"tag": "MessageLoop", "is_external": false, "used_time": 1, "children": [{"tag": "CONTENT", "is_external": false, "used_time": 1, "children": [{"tag": "repository_DataManager", "is_external": true, "used_time": 141, "resdescid": "4185", "children": [{"tag": "repository_DataMessageIterative", "is_external": true, "used_time": 0, "resdescid": "4177", "children": []}]}]}]}, {"tag": "MessageLoop", "is_external": false, "used_time": 1, "children": [{"tag": "CONTENT", "is_external": false, "used_time": 1, "children": [{"tag": "repository_DataManager", "is_external": true, "used_time": 141, "resdescid": "4185", "children": [{"tag": "repository_DataMessageIterative", "is_external": true, "used_time": 0, "resdescid": "4077", "children": []}]}]}]}, {"tag": "MessageLoop", "is_external": false, "used_time": 1, "children": [{"tag": "CONTENT", "is_external": false, "used_time": 1, "children": [{"tag": "repository_DataManager", "is_external": true, "used_time": 141, "resdescid": "4185", "children": [{"tag": "repository_DataMessageIterative", "is_external": true, "used_time": 0, "resdescid": "4069", "children": []}]}]}]}, {"tag": "MessageLoop", "is_external": false, "used_time": 1, "children": [{"tag": "CONTENT", "is_external": false, "used_time": 1, "children": [{"tag": "repository_DataManager", "is_external": true, "used_time": 141, "resdescid": "4185", "children": [{"tag": "repository_DataMessageIterative", "is_external": true, "used_time": 0, "resdescid": "4070", "children": []}]}]}]}, {"tag": "MessageLoop", "is_external": false, "used_time": 1, "children": [{"tag": "CONTENT", "is_external": false, "used_time": 1, "children": [{"tag": "repository_DataManager", "is_external": true, "used_time": 141, "resdescid": "4185", "children": [{"tag": "repository_DataMessageIterative", "is_external": true, "used_time": 0, "resdescid": "4076", "children": []}]}]}]}, {"tag": "MessageLoop", "is_external": false, "used_time": 1, "children": [{"tag": "CONTENT", "is_external": false, "used_time": 1, "children": [{"tag": "repository_DataManager", "is_external": true, "used_time": 141, "resdescid": "4185", "children": [{"tag": "repository_DataMessageIterative", "is_external": true, "used_time": 0, "resdescid": "4140", "children": []}]}]}]}, {"tag": "repository_TemplateSubSet", "is_external": true, "used_time": 5, "resdescid": "5414202", "children": [{"tag": "CONTENT", "is_external": false, "used_time": 1, "children": []}]}, {"tag": "If", "is_external": false, "used_time": 1, "children": [{"tag": "CONTENT", "is_external": false, "used_time": 1, "children": [{"tag": "If_VALUE", "is_external": false, "used_time": 1, "children": [{"tag": "CONDITION_OP", "is_external": false, "used_time": 1, "children": [{"tag": "XML_VALUE", "is_external": false, "used_time": 1, "children": []}, {"tag": "XML_VALUE", "is_external": false, "used_time": 1, "children": []}]}, {"tag": "CONDITION_OP", "is_external": false, "used_time": 1, "children": [{"tag": "XML_VALUE", "is_external": false, "used_time": 1, "children": []}, {"tag": "XML_VALUE", "is_external": false, "used_time": 1, "children": []}]}, {"tag": "CONDITION_OP", "is_external": false, "used_time": 1, "children": [{"tag": "CONDITION_OP", "is_external": false, "used_time": 1, "children": [{"tag": "XML_VALUE", "is_external": false, "used_time": 1, "children": []}, {"tag": "XML_VALUE", "is_external": false, "used_time": 1, "children": []}]}, {"tag": "CONDITION_OP", "is_external": false, "used_time": 1, "children": [{"tag": "XML_VALUE", "is_external": false, "used_time": 1, "children": []}, {"tag": "XML_VALUE", "is_external": false, "used_time": 1, "children": []}]}]}]}, {"tag": "If_DEFAULT", "is_external": false, "used_time": 1, "children": []}]}, {"tag": "If_VALUE", "is_external": false, "used_time": 1, "children": [{"tag": "CustomObject", "is_external": false, "used_time": 1, "children": [{"tag": "CONTENT", "is_external": false, "used_time": 1, "children": [{"tag": "repository_CustomLibrary", "is_external": true, "used_time": 603, "resdescid": "97", "children": [{"tag": "CustomObject", "is_external": false, "used_time": 1, "children": []}]}, {"tag": "XML_VALUE", "is_external": false, "used_time": 1, "children": [{"tag": "repository_Variable", "is_external": true, "used_time": 30, "resdescid": "991", "children": []}]}, {"tag": "XML_VALUE", "is_external": false, "used_time": 1, "children": []}]}]}]}, {"tag": "If_DEFAULT", "is_external": false, "used_time": 1, "children": [{"tag": "CustomObject", "is_external": false, "used_time": 1, "children": [{"tag": "CONTENT", "is_external": false, "used_time": 1, "children": [{"tag": "repository_CustomLibrary", "is_external": true, "used_time": 603, "resdescid": "97", "children": [{"tag": "CustomObject", "is_external": false, "used_time": 1, "children": []}]}, {"tag": "XML_VALUE", "is_external": false, "used_time": 1, "children": [{"tag": "repository_Variable", "is_external": true, "used_time": 43, "resdescid": "1045", "children": []}]}, {"tag": "XML_VALUE", "is_external": false, "used_time": 1, "children": []}]}]}]}]}, {"tag": "If", "is_external": false, "used_time": 1, "children": [{"tag": "CONTENT", "is_external": false, "used_time": 1, "children": [{"tag": "If_VALUE", "is_external": false, "used_time": 1, "children": [{"tag": "CONDITION_OP", "is_external": false, "used_time": 1, "children": [{"tag": "XML_VALUE", "is_external": false, "used_time": 1, "children": [{"tag": "repository_Variable", "is_external": true, "used_time": 37, "resdescid": "3934", "children": []}]}, {"tag": "XML_VALUE", "is_external": false, "used_time": 1, "children": []}]}]}, {"tag": "If_DEFAULT", "is_external": false, "used_time": 1, "children": []}]}, {"tag": "If_VALUE", "is_external": false, "used_time": 1, "children": [{"tag": "CONTENT", "is_external": false, "used_time": 1, "children": []}, {"tag": "repository_CustomObject", "is_external": true, "used_time": 22, "resdescid": "5285761", "children": []}]}, {"tag": "If_DEFAULT", "is_external": false, "used_time": 1, "children": [{"tag": "repository_CustomObject", "is_external": true, "used_time": 22, "resdescid": "5285762", "children": []}]}]}, {"tag": "repository_TemplateSubSet", "is_external": true, "used_time": 58, "resdescid": "1010525", "children": [{"tag": "CONTENT", "is_external": false, "used_time": 1, "children": []}]}, {"tag": "MessageLoop", "is_external": false, "used_time": 1, "children": [{"tag": "CONTENT", "is_external": false, "used_time": 1, "children": [{"tag": "repository_DataManager", "is_external": true, "used_time": 141, "resdescid": "4185", "children": [{"tag": "repository_DataMessageIterative", "is_external": true, "used_time": 0, "resdescid": "302", "children": []}]}]}, {"tag": "If", "is_external": false, "used_time": 1, "children": [{"tag": "CONTENT", "is_external": false, "used_time": 1, "children": [{"tag": "If_VALUE", "is_external": false, "used_time": 1, "children": [{"tag": "CONDITION_OP", "is_external": false, "used_time": 1, "children": [{"tag": "XML_VALUE", "is_external": false, "used_time": 1, "children": [{"tag": "repository_Variable", "is_external": true, "used_time": 11, "resdescid": "2807", "children": []}]}, {"tag": "XML_VALUE", "is_external": false, "used_time": 1, "children": []}]}]}]}, {"tag": "If_VALUE", "is_external": false, "used_time": 1, "children": [{"tag": "CustomObject", "is_external": false, "used_time": 1, "children": [{"tag": "CONTENT", "is_external": false, "used_time": 1, "children": [{"tag": "repository_CustomLibrary", "is_external": true, "used_time": 603, "resdescid": "97", "children": [{"tag": "CustomObject", "is_external": false, "used_time": 1, "children": []}]}, {"tag": "XML_VALUE", "is_external": false, "used_time": 1, "children": [{"tag": "repository_Variable", "is_external": true, "used_time": 9, "resdescid": "2800", "children": []}]}, {"tag": "XML_VALUE", "is_external": false, "used_time": 1, "children": []}]}]}, {"tag": "CustomObject", "is_external": false, "used_time": 1, "children": [{"tag": "CONTENT", "is_external": false, "used_time": 1, "children": [{"tag": "repository_CustomLibrary", "is_external": true, "used_time": 603, "resdescid": "97", "children": [{"tag": "CustomObject", "is_external": false, "used_time": 1, "children": []}]}, {"tag": "XML_VALUE", "is_external": false, "used_time": 1, "children": [{"tag": "repository_Variable", "is_external": true, "used_time": 7, "resdescid": "2804", "children": []}]}, {"tag": "XML_VALUE", "is_external": false, "used_time": 1, "children": []}]}]}, {"tag": "CustomObject", "is_external": false, "used_time": 1, "children": [{"tag": "CONTENT", "is_external": false, "used_time": 1, "children": [{"tag": "repository_CustomLibrary", "is_external": true, "used_time": 603, "resdescid": "97", "children": [{"tag": "CustomObject", "is_external": false, "used_time": 1, "children": []}]}, {"tag": "XML_VALUE", "is_external": false, "used_time": 1, "children": [{"tag": "repository_Variable", "is_external": true, "used_time": 7, "resdescid": "2805", "children": []}]}, {"tag": "XML_VALUE", "is_external": false, "used_time": 1, "children": []}]}]}, {"tag": "CustomObject", "is_external": false, "used_time": 1, "children": [{"tag": "CONTENT", "is_external": false, "used_time": 1, "children": [{"tag": "repository_CustomLibrary", "is_external": true, "used_time": 603, "resdescid": "97", "children": [{"tag": "CustomObject", "is_external": false, "used_time": 1, "children": []}]}, {"tag": "XML_VALUE", "is_external": false, "used_time": 1, "children": []}, {"tag": "XML_VALUE", "is_external": false, "used_time": 1, "children": []}]}]}, {"tag": "repository_TemplateSubSet", "is_external": true, "used_time": 1, "resdescid": "5422888", "children": [{"tag": "CONTENT", "is_external": false, "used_time": 1, "children": []}]}]}]}]}]}, {"tag": "TemplateClass_Anchor", "is_external": false, "used_time": 1, "children": []}, {"tag": "TemplateClass_Anchor", "is_external": false, "used_time": 1, "children": []}, {"tag": "TemplateClass_Anchor", "is_external": false, "used_time": 1, "children": []}]}, {"tag": "Wizard", "is_external": false, "used_time": 1, "children": [{"tag": "CONTENT", "is_external": false, "used_time": 1, "children": []}, {"tag": "WizardForm", "is_external": false, "used_time": 1, "children": [{"tag": "CONTENT", "is_external": false, "used_time": 1, "children": [{"tag": "repository_WizardRenderer", "is_external": true, "used_time": 71, "resdescid": "5130", "children": [{"tag": "CONTENT", "is_external": false, "used_time": 1, "children": [{"tag": "PROPERTIES_FONT", "is_external": false, "used_time": 1, "children": []}, {"tag": "PROPERTIES_DESCRIPTION_FONT", "is_external": false, "used_time": 1, "children": []}, {"tag": "PROPERTIES_BORDER_WIZ", "is_external": false, "used_time": 1, "children": []}, {"tag": "PROPERTIES_SUB_ELEMENT_INDENT_WIZ", "is_external": false, "used_time": 1, "children": []}, {"tag": "PROPERTIES_DESCRIPTION_SIZE", "is_external": false, "used_time": 1, "children": []}, {"tag": "PROPERTIES_DESCRIPTION_COLOR", "is_external": false, "used_time": 1, "children": []}]}]}]}, {"tag": "WizardGroup", "is_external": false, "used_time": 1, "children": [{"tag": "CONTENT", "is_external": false, "used_time": 1, "children": [{"tag": "WizardGroupArea", "is_external": false, "used_time": 1, "children": [{"tag": "CONTENT", "is_external": false, "used_time": 1, "children": []}]}, {"tag": "WizardGroupArea", "is_external": false, "used_time": 1, "children": [{"tag": "CONTENT", "is_external": false, "used_time": 1, "children": []}]}, {"tag": "WizardGroupArea", "is_external": false, "used_time": 1, "children": [{"tag": "CONTENT", "is_external": false, "used_time": 1, "children": []}]}, {"tag": "WizardGroupArea", "is_external": false, "used_time": 1, "children": [{"tag": "CONTENT", "is_external": false, "used_time": 1, "children": []}]}, {"tag": "WizardGroupArea", "is_external": false, "used_time": 1, "children": [{"tag": "CONTENT", "is_external": false, "used_time": 1, "children": []}]}]}, {"tag": "WizardGroupArea", "is_external": false, "used_time": 1, "children": []}, {"tag": "WizardGroupArea", "is_external": false, "used_time": 1, "children": []}, {"tag": "WizardGroupArea", "is_external": false, "used_time": 1, "children": [{"tag": "CONTENT", "is_external": false, "used_time": 1, "children": []}, {"tag": "WizardFormLabel", "is_external": false, "used_time": 1, "children": [{"tag": "CONTENT", "is_external": false, "used_time": 1, "children": [{"tag": "LocalVars", "is_external": false, "used_time": 1, "children": []}, {"tag": "STYLE-AUTOMATIC", "is_external": false, "used_time": 1, "children": []}, {"tag": "TEXT", "is_external": false, "used_time": 1, "children": [{"tag": "repository_TextStyle", "is_external": true, "used_time": 37, "resdescid": "4943", "children": [{"tag": "TextStyle", "is_external": false, "used_time": 1, "children": [{"tag": "CONTENT", "is_external": false, "used_time": 1, "children": [{"tag": "PROPERTIES_FONT", "is_external": false, "used_time": 1, "children": []}]}]}]}, {"tag": "repository_TextStyle", "is_external": true, "used_time": 37, "resdescid": "4943", "children": [{"tag": "TextStyle", "is_external": false, "used_time": 1, "children": [{"tag": "CONTENT", "is_external": false, "used_time": 1, "children": [{"tag": "PROPERTIES_FONT", "is_external": false, "used_time": 1, "children": []}]}]}]}, {"tag": "repository_TextStyle", "is_external": true, "used_time": 37, "resdescid": "4943", "children": []}]}]}]}, {"tag": "WizardFormLabel", "is_external": false, "used_time": 1, "children": [{"tag": "CONTENT", "is_external": false, "used_time": 1, "children": [{"tag": "LocalVars", "is_external": false, "used_time": 1, "children": []}, {"tag": "STYLE-AUTOMATIC", "is_external": false, "used_time": 1, "children": []}, {"tag": "TEXT", "is_external": false, "used_time": 1, "children": [{"tag": "repository_TextStyle", "is_external": true, "used_time": 496, "resdescid": "4249", "children": []}]}]}]}, {"tag": "repository_CustomFunc", "is_external": true, "used_time": 1, "resdescid": "5418492", "children": [{"tag": "Row", "is_external": false, "used_time": 1, "children": [{"tag": "CONTENT", "is_external": false, "used_time": 1, "children": []}]}, {"tag": "Row", "is_external": false, "used_time": 1, "children": [{"tag": "CONTENT", "is_external": false, "used_time": 1, "children": []}]}]}, {"tag": "WizardFormLabel", "is_external": false, "used_time": 1, "children": [{"tag": "CONTENT", "is_external": false, "used_time": 1, "children": [{"tag": "LocalVars", "is_external": false, "used_time": 1, "children": []}, {"tag": "STYLE-AUTOMATIC", "is_external": false, "used_time": 1, "children": []}, {"tag": "TEXT", "is_external": false, "used_time": 1, "children": [{"tag": "repository_TextStyle", "is_external": true, "used_time": 496, "resdescid": "4249", "children": []}]}]}]}, {"tag": "repository_CustomFunc", "is_external": true, "used_time": 1, "resdescid": "5418502", "children": [{"tag": "Row", "is_external": false, "used_time": 1, "children": [{"tag": "CONTENT", "is_external": false, "used_time": 1, "children": []}]}, {"tag": "Row", "is_external": false, "used_time": 1, "children": [{"tag": "CONTENT", "is_external": false, "used_time": 1, "children": []}]}, {"tag": "Row", "is_external": false, "used_time": 1, "children": [{"tag": "CONTENT", "is_external": false, "used_time": 1, "children": []}]}]}, {"tag": "WizardFormLabel", "is_external": false, "used_time": 1, "children": [{"tag": "CONTENT", "is_external": false, "used_time": 1, "children": [{"tag": "LocalVars", "is_external": false, "used_time": 1, "children": []}, {"tag": "STYLE-AUTOMATIC", "is_external": false, "used_time": 1, "children": []}, {"tag": "TEXT", "is_external": false, "used_time": 1, "children": [{"tag": "repository_TextStyle", "is_external": true, "used_time": 496, "resdescid": "4249", "children": []}]}]}]}, {"tag": "WizardGroup", "is_external": false, "used_time": 1, "children": [{"tag": "CONTENT", "is_external": false, "used_time": 1, "children": [{"tag": "WizardGroupArea", "is_external": false, "used_time": 1, "children": [{"tag": "CONTENT", "is_external": false, "used_time": 1, "children": []}]}, {"tag": "WizardGroupArea", "is_external": false, "used_time": 1, "children": [{"tag": "CONTENT", "is_external": false, "used_time": 1, "children": []}]}, {"tag": "WizardGroupArea", "is_external": false, "used_time": 1, "children": [{"tag": "CONTENT", "is_external": false, "used_time": 1, "children": []}]}, {"tag": "WizardGroupArea", "is_external": false, "used_time": 1, "children": [{"tag": "CONTENT", "is_external": false, "used_time": 1, "children": []}]}, {"tag": "WizardGroupArea", "is_external": false, "used_time": 1, "children": [{"tag": "CONTENT", "is_external": false, "used_time": 1, "children": []}]}]}, {"tag": "WizardGroupArea", "is_external": false, "used_time": 1, "children": []}, {"tag": "WizardGroupArea", "is_external": false, "used_time": 1, "children": [{"tag": "CONTENT", "is_external": false, "used_time": 1, "children": []}, {"tag": "WizardFormLabel", "is_external": false, "used_time": 1, "children": [{"tag": "CONTENT", "is_external": false, "used_time": 1, "children": [{"tag": "LocalVars", "is_external": false, "used_time": 1, "children": []}, {"tag": "STYLE-AUTOMATIC", "is_external": false, "used_time": 1, "children": []}, {"tag": "TEXT", "is_external": false, "used_time": 1, "children": [{"tag": "repository_TextStyle", "is_external": true, "used_time": 139, "resdescid": "2435463", "children": []}]}]}]}, {"tag": "repository_CustomFunc", "is_external": true, "used_time": 1, "resdescid": "5418575", "children": [{"tag": "Row", "is_external": false, "used_time": 1, "children": [{"tag": "CONTENT", "is_external": false, "used_time": 1, "children": []}]}, {"tag": "Row", "is_external": false, "used_time": 1, "children": [{"tag": "CONTENT", "is_external": false, "used_time": 1, "children": []}]}]}, {"tag": "WizardFormLabel", "is_external": false, "used_time": 1, "children": [{"tag": "CONTENT", "is_external": false, "used_time": 1, "children": [{"tag": "LocalVars", "is_external": false, "used_time": 1, "children": []}, {"tag": "STYLE-AUTOMATIC", "is_external": false, "used_time": 1, "children": []}, {"tag": "TEXT", "is_external": false, "used_time": 1, "children": [{"tag": "repository_TextStyle", "is_external": true, "used_time": 496, "resdescid": "4249", "children": [{"tag": "TextStyle", "is_external": false, "used_time": 1, "children": [{"tag": "CONTENT", "is_external": false, "used_time": 1, "children": [{"tag": "PROPERTIES_PARAGRAPH", "is_external": false, "used_time": 1, "children": []}]}]}]}]}]}]}, {"tag": "repository_CustomFunc", "is_external": true, "used_time": 1, "resdescid": "5418570", "children": [{"tag": "CONTENT", "is_external": false, "used_time": 1, "children": []}, {"tag": "Row", "is_external": false, "used_time": 1, "children": [{"tag": "CONTENT", "is_external": false, "used_time": 1, "children": []}]}, {"tag": "Row", "is_external": false, "used_time": 1, "children": [{"tag": "CONTENT", "is_external": false, "used_time": 1, "children": []}]}, {"tag": "Row", "is_external": false, "used_time": 1, "children": [{"tag": "CONTENT", "is_external": false, "used_time": 1, "children": []}]}]}, {"tag": "WizardFormLabel", "is_external": false, "used_time": 1, "children": [{"tag": "CONTENT", "is_external": false, "used_time": 1, "children": [{"tag": "LocalVars", "is_external": false, "used_time": 1, "children": []}, {"tag": "STYLE-AUTOMATIC", "is_external": false, "used_time": 1, "children": []}, {"tag": "TEXT", "is_external": false, "used_time": 1, "children": [{"tag": "repository_TextStyle", "is_external": true, "used_time": 496, "resdescid": "4249", "children": [{"tag": "TextStyle", "is_external": false, "used_time": 1, "children": [{"tag": "CONTENT", "is_external": false, "used_time": 1, "children": [{"tag": "PROPERTIES_PARAGRAPH", "is_external": false, "used_time": 1, "children": []}]}]}]}]}]}]}, {"tag": "repository_CustomFunc", "is_external": true, "used_time": 1, "resdescid": "5418571", "children": [{"tag": "CONTENT", "is_external": false, "used_time": 1, "children": []}, {"tag": "Row", "is_external": false, "used_time": 1, "children": [{"tag": "CONTENT", "is_external": false, "used_time": 1, "children": []}]}, {"tag": "Row", "is_external": false, "used_time": 1, "children": [{"tag": "CONTENT", "is_external": false, "used_time": 1, "children": []}]}, {"tag": "Row", "is_external": false, "used_time": 1, "children": [{"tag": "CONTENT", "is_external": false, "used_time": 1, "children": []}]}]}, {"tag": "WizardFormLabel", "is_external": false, "used_time": 1, "children": [{"tag": "CONTENT", "is_external": false, "used_time": 1, "children": [{"tag": "LocalVars", "is_external": false, "used_time": 1, "children": []}, {"tag": "STYLE-AUTOMATIC", "is_external": false, "used_time": 1, "children": []}, {"tag": "TEXT", "is_external": false, "used_time": 1, "children": [{"tag": "repository_TextStyle", "is_external": true, "used_time": 496, "resdescid": "4249", "children": [{"tag": "TextStyle", "is_external": false, "used_time": 1, "children": [{"tag": "CONTENT", "is_external": false, "used_time": 1, "children": [{"tag": "PROPERTIES_PARAGRAPH", "is_external": false, "used_time": 1, "children": []}]}]}]}]}]}]}, {"tag": "repository_CustomFunc", "is_external": true, "used_time": 1, "resdescid": "5418572", "children": [{"tag": "Row", "is_external": false, "used_time": 1, "children": [{"tag": "CONTENT", "is_external": false, "used_time": 1, "children": []}]}, {"tag": "Row", "is_external": false, "used_time": 1, "children": [{"tag": "CONTENT", "is_external": false, "used_time": 1, "children": []}]}, {"tag": "Row", "is_external": false, "used_time": 1, "children": [{"tag": "CONTENT", "is_external": false, "used_time": 1, "children": []}]}]}, {"tag": "WizardFormLabel", "is_external": false, "used_time": 1, "children": [{"tag": "CONTENT", "is_external": false, "used_time": 1, "children": [{"tag": "LocalVars", "is_external": false, "used_time": 1, "children": []}, {"tag": "STYLE-AUTOMATIC", "is_external": false, "used_time": 1, "children": []}, {"tag": "TEXT", "is_external": false, "used_time": 1, "children": [{"tag": "repository_TextStyle", "is_external": true, "used_time": 496, "resdescid": "4249", "children": []}]}]}]}, {"tag": "repository_CustomFunc", "is_external": true, "used_time": 1, "resdescid": "5418573", "children": [{"tag": "Row", "is_external": false, "used_time": 1, "children": [{"tag": "CONTENT", "is_external": false, "used_time": 1, "children": []}]}, {"tag": "Row", "is_external": false, "used_time": 1, "children": [{"tag": "CONTENT", "is_external": false, "used_time": 1, "children": []}]}, {"tag": "Row", "is_external": false, "used_time": 1, "children": [{"tag": "CONTENT", "is_external": false, "used_time": 1, "children": []}]}]}, {"tag": "WizardFormLabel", "is_external": false, "used_time": 1, "children": [{"tag": "CONTENT", "is_external": false, "used_time": 1, "children": [{"tag": "LocalVars", "is_external": false, "used_time": 1, "children": []}, {"tag": "STYLE-AUTOMATIC", "is_external": false, "used_time": 1, "children": []}, {"tag": "TEXT", "is_external": false, "used_time": 1, "children": [{"tag": "repository_TextStyle", "is_external": true, "used_time": 496, "resdescid": "4249", "children": []}]}]}]}, {"tag": "repository_CustomFunc", "is_external": true, "used_time": 1, "resdescid": "5418574", "children": [{"tag": "Row", "is_external": false, "used_time": 1, "children": [{"tag": "CONTENT", "is_external": false, "used_time": 1, "children": []}]}, {"tag": "Row", "is_external": false, "used_time": 1, "children": [{"tag": "CONTENT", "is_external": false, "used_time": 1, "children": []}]}, {"tag": "Row", "is_external": false, "used_time": 1, "children": [{"tag": "CONTENT", "is_external": false, "used_time": 1, "children": []}]}]}]}, {"tag": "WizardGroupArea", "is_external": false, "used_time": 1, "children": [{"tag": "CONTENT", "is_external": false, "used_time": 1, "children": []}]}, {"tag": "WizardGroupArea", "is_external": false, "used_time": 1, "children": [{"tag": "CONTENT", "is_external": false, "used_time": 1, "children": []}]}, {"tag": "WizardGroupArea", "is_external": false, "used_time": 1, "children": [{"tag": "CONTENT", "is_external": false, "used_time": 1, "children": []}, {"tag": "WizardAction", "is_external": false, "used_time": 1, "children": [{"tag": "CONTENT", "is_external": false, "used_time": 1, "children": [{"tag": "label", "is_external": false, "used_time": 1, "children": [{"tag": "XML_VALUE", "is_external": false, "used_time": 1, "children": []}]}]}]}]}]}]}, {"tag": "WizardGroupArea", "is_external": false, "used_time": 1, "children": [{"tag": "CONTENT", "is_external": false, "used_time": 1, "children": []}]}, {"tag": "WizardGroupArea", "is_external": false, "used_time": 1, "children": [{"tag": "CONTENT", "is_external": false, "used_time": 1, "children": []}]}]}]}]}]}]}