{"tag": "repository_Template", "attributes": {"activated": "false", "date": "2022-05-04 20_09_17.803", "description": "Lettre dinfo au courtier sur r\u00c3\u0083\u00c2\u0083\u00c3\u0082\u00c2\u00a8glement direct acompte client", "domainid": "1916", "id": "298158", "isPlugin": "false", "lastFunctionDate": "2022-05-04 20_09_29.202", "lastFunctionParent": "30", "lastFunctionUser": "5", "name": "MRENCRA01_MARQUE-02", "resdescid": "168793", "subtypes": "63", "version": "1.20"}, "children": [{"tag": "CONTENT", "attributes": {"WZ_actionrule": "xsl/default", "WZ_viewname": "css/default", "currentZoom": "100", "debugMode": "0", "defaultTextStyle": "23", "indexingType": "Document", "indexingVarList": "\"IndexList\"", "maxIdTemplate": "98", "messageFilter": "", "monoDataLoader": "true", "tagVersion": "E_P3_1_2_1_6q22"}, "children": [{"tag": "repository_TextStyle", "is_external": true, "used_time": 185, "resdescid": "4271", "children": []}, {"tag": "repository_DataManager", "is_external": true, "used_time": 5, "resdescid": "164263", "children": []}, {"tag": "inputData", "is_external": false, "used_time": 1, "children": []}, {"tag": "indexData", "is_external": false, "used_time": 1, "children": [{"tag": "SimpleSubstitutionTable", "is_external": false, "used_time": 1, "children": [{"tag": "CONTENT", "is_external": false, "used_time": 1, "children": [{"tag": "Row", "is_external": false, "used_time": 1, "children": [{"tag": "CONTENT", "is_external": false, "used_time": 1, "children": [{"tag": "Cell", "is_external": false, "used_time": 1, "children": [{"tag": "CONTENT", "is_external": false, "used_time": 1, "children": [{"tag": "XML_VALUE", "is_external": false, "used_time": 1, "children": []}]}]}]}]}, {"tag": "Column", "is_external": false, "used_time": 1, "children": [{"tag": "CONTENT", "is_external": false, "used_time": 1, "children": [{"tag": "name", "is_external": false, "used_time": 1, "children": [{"tag": "XML_VALUE", "is_external": false, "used_time": 1, "children": []}]}]}]}]}]}]}, {"tag": "repository_PageContext", "is_external": true, "used_time": 61, "resdescid": "55199", "children": [{"tag": "CONTENT", "is_external": false, "used_time": 1, "children": []}, {"tag": "FirstHeader", "is_external": false, "used_time": 1, "children": [{"tag": "repository_CustomObject", "is_external": true, "used_time": 177, "resdescid": "55198", "children": []}, {"tag": "CustomObject", "is_external": false, "used_time": 1, "children": [{"tag": "CONTENT", "is_external": false, "used_time": 1, "children": [{"tag": "repository_CustomLibrary", "is_external": true, "used_time": 365, "resdescid": "679", "children": [{"tag": "CustomObject", "is_external": false, "used_time": 1, "children": []}]}]}]}, {"tag": "repository_TemplateSubSet", "is_external": true, "used_time": 9, "resdescid": "166311", "children": [{"tag": "CONTENT", "is_external": false, "used_time": 1, "children": []}]}, {"tag": "CustomObject", "is_external": false, "used_time": 1, "children": [{"tag": "CONTENT", "is_external": false, "used_time": 1, "children": [{"tag": "repository_CustomLibrary", "is_external": true, "used_time": 365, "resdescid": "679", "children": [{"tag": "CustomObject", "is_external": false, "used_time": 1, "children": []}]}]}]}, {"tag": "repository_LocalContext", "is_external": true, "used_time": 61, "resdescid": "5389", "children": []}, {"tag": "repository_TemplateSubSet", "is_external": true, "used_time": 79, "resdescid": "5383", "children": [{"tag": "CONTENT", "is_external": false, "used_time": 1, "children": []}]}, {"tag": "MessageLoop", "is_external": false, "used_time": 1, "children": [{"tag": "CONTENT", "is_external": false, "used_time": 1, "children": []}, {"tag": "MessageLoop", "is_external": false, "used_time": 1, "children": [{"tag": "CONTENT", "is_external": false, "used_time": 1, "children": []}]}, {"tag": "repository_TemplateSubSet", "is_external": true, "used_time": 8, "resdescid": "75085", "children": [{"tag": "CONTENT", "is_external": false, "used_time": 1, "children": []}]}, {"tag": "repository_TemplateSubSet", "is_external": true, "used_time": 13, "resdescid": "71768", "children": [{"tag": "CONTENT", "is_external": false, "used_time": 1, "children": []}]}]}]}, {"tag": "Header", "is_external": false, "used_time": 1, "children": [{"tag": "CustomObject", "is_external": false, "used_time": 1, "children": [{"tag": "CONTENT", "is_external": false, "used_time": 1, "children": [{"tag": "repository_CustomLibrary", "is_external": true, "used_time": 365, "resdescid": "679", "children": [{"tag": "CustomObject", "is_external": false, "used_time": 1, "children": []}]}]}]}, {"tag": "repository_LocalContext", "is_external": true, "used_time": 61, "resdescid": "5389", "children": []}, {"tag": "repository_TemplateSubSet", "is_external": true, "used_time": 79, "resdescid": "5383", "children": [{"tag": "CONTENT", "is_external": false, "used_time": 1, "children": []}]}]}, {"tag": "Body", "is_external": false, "used_time": 1, "children": [{"tag": "CustomObject", "is_external": false, "used_time": 1, "children": [{"tag": "CONTENT", "is_external": false, "used_time": 1, "children": [{"tag": "repository_CustomLibrary", "is_external": true, "used_time": 365, "resdescid": "679", "children": [{"tag": "CustomObject", "is_external": false, "used_time": 1, "children": []}]}]}]}, {"tag": "Paragraph", "is_external": false, "used_time": 1, "children": [{"tag": "CONTENT", "is_external": false, "used_time": 1, "children": [{"tag": "LocalVars", "is_external": false, "used_time": 1, "children": []}, {"tag": "STYLE-AUTOMATIC", "is_external": false, "used_time": 1, "children": []}, {"tag": "TEXT", "is_external": false, "used_time": 1, "children": [{"tag": "repository_TextStyle", "is_external": true, "used_time": 43, "resdescid": "5137", "children": [{"tag": "repository_TextStyle", "is_external": true, "used_time": 16, "resdescid": "20734", "children": []}, {"tag": "TextStyle", "is_external": false, "used_time": 1, "children": [{"tag": "CONTENT", "is_external": false, "used_time": 1, "children": [{"tag": "PROPERTIES_FONT", "is_external": false, "used_time": 1, "children": []}]}]}, {"tag": "TextStyle", "is_external": false, "used_time": 1, "children": [{"tag": "CONTENT", "is_external": false, "used_time": 1, "children": [{"tag": "PROPERTIES_FONT", "is_external": false, "used_time": 1, "children": []}]}]}]}, {"tag": "repository_TextStyle", "is_external": true, "used_time": 185, "resdescid": "4271", "children": []}]}]}]}, {"tag": "repository_TemplateSubSet", "is_external": true, "used_time": 51, "resdescid": "51882", "children": [{"tag": "CONTENT", "is_external": false, "used_time": 1, "children": []}]}, {"tag": "repository_Paragraph", "is_external": true, "used_time": 12, "resdescid": "108235", "children": [{"tag": "CONTENT", "is_external": false, "used_time": 1, "children": [{"tag": "EditableInProduction", "is_external": false, "used_time": 1, "children": []}]}]}, {"tag": "Paragraph", "is_external": false, "used_time": 1, "children": [{"tag": "CONTENT", "is_external": false, "used_time": 1, "children": [{"tag": "repository_DataManager", "is_external": true, "used_time": 5, "resdescid": "164263", "children": []}, {"tag": "LocalVars", "is_external": false, "used_time": 1, "children": []}, {"tag": "STYLE-AUTOMATIC", "is_external": false, "used_time": 1, "children": []}, {"tag": "TEXT", "is_external": false, "used_time": 1, "children": [{"tag": "repository_TextStyle", "is_external": true, "used_time": 280, "resdescid": "4346", "children": [{"tag": "repository_CustomFunc", "is_external": true, "used_time": 1, "resdescid": "168791", "children": []}, {"tag": "repository_Variable", "is_external": true, "used_time": 7, "resdescid": "4837", "children": []}, {"tag": "repository_Variable", "is_external": true, "used_time": 5, "resdescid": "4842", "children": []}]}]}]}]}, {"tag": "LocalContext", "is_external": false, "used_time": 1, "children": [{"tag": "CONTENT", "is_external": false, "used_time": 1, "children": []}, {"tag": "MessageLoop", "is_external": false, "used_time": 1, "children": [{"tag": "CONTENT", "is_external": false, "used_time": 1, "children": []}, {"tag": "CustomObject", "is_external": false, "used_time": 1, "children": [{"tag": "CONTENT", "is_external": false, "used_time": 1, "children": [{"tag": "repository_CustomLibrary", "is_external": true, "used_time": 365, "resdescid": "679", "children": [{"tag": "CustomObject", "is_external": false, "used_time": 1, "children": []}]}]}]}, {"tag": "Table", "is_external": false, "used_time": 1, "children": [{"tag": "CONTENT", "is_external": false, "used_time": 1, "children": [{"tag": "TextStyle", "is_external": false, "used_time": 1, "children": [{"tag": "CONTENT", "is_external": false, "used_time": 1, "children": [{"tag": "PROPERTIES_FONT", "is_external": false, "used_time": 1, "children": []}, {"tag": "PROPERTIES_CELL_ALIGNMENT", "is_external": false, "used_time": 1, "children": []}]}]}, {"tag": "Group", "is_external": false, "used_time": 1, "children": [{"tag": "CONTENT", "is_external": false, "used_time": 1, "children": [{"tag": "Cell", "is_external": false, "used_time": 1, "children": [{"tag": "CONTENT", "is_external": false, "used_time": 1, "children": [{"tag": "Paragraph", "is_external": false, "used_time": 1, "children": [{"tag": "CONTENT", "is_external": false, "used_time": 1, "children": [{"tag": "LocalVars", "is_external": false, "used_time": 1, "children": []}, {"tag": "STYLE-AUTOMATIC", "is_external": false, "used_time": 1, "children": []}, {"tag": "TEXT", "is_external": false, "used_time": 1, "children": [{"tag": "TextStyle", "is_external": false, "used_time": 1, "children": []}]}]}]}]}]}, {"tag": "Cell", "is_external": false, "used_time": 1, "children": [{"tag": "CONTENT", "is_external": false, "used_time": 1, "children": [{"tag": "Paragraph", "is_external": false, "used_time": 1, "children": [{"tag": "CONTENT", "is_external": false, "used_time": 1, "children": [{"tag": "LocalVars", "is_external": false, "used_time": 1, "children": []}, {"tag": "STYLE-AUTOMATIC", "is_external": false, "used_time": 1, "children": []}, {"tag": "TEXT", "is_external": false, "used_time": 1, "children": [{"tag": "TextStyle", "is_external": false, "used_time": 1, "children": []}]}]}]}]}]}, {"tag": "Cell", "is_external": false, "used_time": 1, "children": [{"tag": "CONTENT", "is_external": false, "used_time": 1, "children": [{"tag": "Paragraph", "is_external": false, "used_time": 1, "children": [{"tag": "CONTENT", "is_external": false, "used_time": 1, "children": [{"tag": "LocalVars", "is_external": false, "used_time": 1, "children": []}, {"tag": "STYLE-AUTOMATIC", "is_external": false, "used_time": 1, "children": []}, {"tag": "TEXT", "is_external": false, "used_time": 1, "children": [{"tag": "TextStyle", "is_external": false, "used_time": 1, "children": [{"tag": "CONTENT", "is_external": false, "used_time": 1, "children": [{"tag": "TextStyle", "is_external": false, "used_time": 1, "children": [{"tag": "CONTENT", "is_external": false, "used_time": 1, "children": [{"tag": "PROPERTIES_PARAGRAPH", "is_external": false, "used_time": 1, "children": []}]}]}]}]}]}]}]}]}]}]}, {"tag": "Row", "is_external": false, "used_time": 1, "children": [{"tag": "CONTENT", "is_external": false, "used_time": 1, "children": [{"tag": "Cell", "is_external": false, "used_time": 1, "children": [{"tag": "CONTENT", "is_external": false, "used_time": 1, "children": [{"tag": "TextStyle", "is_external": false, "used_time": 1, "children": [{"tag": "CONTENT", "is_external": false, "used_time": 1, "children": [{"tag": "PROPERTIES_CELL_BORDER", "is_external": false, "used_time": 1, "children": []}, {"tag": "PROPERTIES_CELL_ALIGNMENT", "is_external": false, "used_time": 1, "children": []}]}]}, {"tag": "Paragraph", "is_external": false, "used_time": 1, "children": [{"tag": "CONTENT", "is_external": false, "used_time": 1, "children": [{"tag": "LocalVars", "is_external": false, "used_time": 1, "children": []}, {"tag": "STYLE-AUTOMATIC", "is_external": false, "used_time": 1, "children": []}, {"tag": "TEXT", "is_external": false, "used_time": 1, "children": [{"tag": "repository_TextStyle", "is_external": true, "used_time": 11, "resdescid": "168792", "children": []}]}]}]}]}]}, {"tag": "Cell", "is_external": false, "used_time": 1, "children": [{"tag": "CONTENT", "is_external": false, "used_time": 1, "children": [{"tag": "Paragraph", "is_external": false, "used_time": 1, "children": [{"tag": "CONTENT", "is_external": false, "used_time": 1, "children": [{"tag": "LocalVars", "is_external": false, "used_time": 1, "children": []}, {"tag": "STYLE-AUTOMATIC", "is_external": false, "used_time": 1, "children": []}, {"tag": "TEXT", "is_external": false, "used_time": 1, "children": [{"tag": "repository_TextStyle", "is_external": true, "used_time": 174, "resdescid": "4246", "children": [{"tag": "repository_Variable", "is_external": true, "used_time": 2, "resdescid": "164231", "children": []}]}]}]}]}]}]}, {"tag": "Cell", "is_external": false, "used_time": 1, "children": [{"tag": "CONTENT", "is_external": false, "used_time": 1, "children": [{"tag": "Paragraph", "is_external": false, "used_time": 1, "children": [{"tag": "CONTENT", "is_external": false, "used_time": 1, "children": [{"tag": "LocalVars", "is_external": false, "used_time": 1, "children": []}, {"tag": "STYLE-AUTOMATIC", "is_external": false, "used_time": 1, "children": []}, {"tag": "TEXT", "is_external": false, "used_time": 1, "children": [{"tag": "repository_TextStyle", "is_external": true, "used_time": 174, "resdescid": "4246", "children": [{"tag": "repository_Variable", "is_external": true, "used_time": 1, "resdescid": "164227", "children": []}]}]}]}]}]}]}]}]}]}, {"tag": "Column", "is_external": false, "used_time": 1, "children": [{"tag": "CONTENT", "is_external": false, "used_time": 1, "children": []}]}, {"tag": "Column", "is_external": false, "used_time": 1, "children": [{"tag": "CONTENT", "is_external": false, "used_time": 1, "children": []}]}, {"tag": "Column", "is_external": false, "used_time": 1, "children": [{"tag": "CONTENT", "is_external": false, "used_time": 1, "children": []}]}]}]}]}]}, {"tag": "LocalContext", "is_external": false, "used_time": 1, "children": [{"tag": "CONTENT", "is_external": false, "used_time": 1, "children": []}, {"tag": "repository_Paragraph", "is_external": true, "used_time": 1, "resdescid": "164326", "children": [{"tag": "CONTENT", "is_external": false, "used_time": 1, "children": [{"tag": "EditableInProduction", "is_external": false, "used_time": 1, "children": []}]}]}, {"tag": "repository_Paragraph", "is_external": true, "used_time": 7, "resdescid": "108236", "children": [{"tag": "CONTENT", "is_external": false, "used_time": 1, "children": [{"tag": "EditableInProduction", "is_external": false, "used_time": 1, "children": []}]}]}, {"tag": "repository_TemplateSubSet", "is_external": true, "used_time": 39, "resdescid": "55197", "children": [{"tag": "CONTENT", "is_external": false, "used_time": 1, "children": []}]}]}]}, {"tag": "Footer", "is_external": false, "used_time": 1, "children": [{"tag": "repository_TemplateSubSet", "is_external": true, "used_time": 46, "resdescid": "55201", "children": [{"tag": "CONTENT", "is_external": false, "used_time": 1, "children": []}]}, {"tag": "repository_LocalContext", "is_external": true, "used_time": 61, "resdescid": "5378", "children": []}]}]}]}]}