{"tag": "repository_Template", "attributes": {"activated": "false", "date": "2022-09-19 09_03_43.87", "description": "D\u00c3\u0083\u00c2\u0083\u00c3\u0082\u00c2\u00a9caissement courtier sans identifiant client- lettre ch\u00c3\u0083\u00c2\u0083\u00c3\u0082\u00c2\u00a8que", "domainid": "1913", "id": "557017", "isPlugin": "false", "lastFunctionDate": "2022-09-19 09_03_43.885", "lastFunctionParent": "30", "lastFunctionUser": "9", "name": "2RDCOAC01", "resdescid": "108239", "subtypes": "63", "version": "1.12"}, "children": [{"tag": "CONTENT", "attributes": {"WZ_actionrule": "xsl/default", "WZ_viewname": "css/default", "currentZoom": "100", "debugMode": "0", "defaultTextStyle": "23", "indexingType": "Document", "indexingVarList": "\"IndexList\"", "maxIdTemplate": "53", "messageFilter": "", "monoDataLoader": "true", "tagVersion": "E_P3_1_2_1_9q12"}, "children": [{"tag": "repository_TextStyle", "is_external": true, "used_time": 185, "resdescid": "4271", "children": []}, {"tag": "repository_DataManager", "is_external": true, "used_time": 22, "resdescid": "21280", "children": []}, {"tag": "inputData", "is_external": false, "used_time": 1, "children": []}, {"tag": "indexData", "is_external": false, "used_time": 1, "children": [{"tag": "SimpleSubstitutionTable", "is_external": false, "used_time": 1, "children": [{"tag": "CONTENT", "is_external": false, "used_time": 1, "children": [{"tag": "Row", "is_external": false, "used_time": 1, "children": [{"tag": "CONTENT", "is_external": false, "used_time": 1, "children": [{"tag": "Cell", "is_external": false, "used_time": 1, "children": [{"tag": "CONTENT", "is_external": false, "used_time": 1, "children": [{"tag": "XML_VALUE", "is_external": false, "used_time": 1, "children": []}]}]}]}]}, {"tag": "Column", "is_external": false, "used_time": 1, "children": [{"tag": "CONTENT", "is_external": false, "used_time": 1, "children": [{"tag": "name", "is_external": false, "used_time": 1, "children": [{"tag": "XML_VALUE", "is_external": false, "used_time": 1, "children": []}]}]}]}]}]}]}, {"tag": "repository_PageContext", "is_external": true, "used_time": 11, "resdescid": "55204", "children": [{"tag": "CONTENT", "is_external": false, "used_time": 1, "children": []}, {"tag": "Header", "is_external": false, "used_time": 1, "children": [{"tag": "CustomObject", "is_external": false, "used_time": 1, "children": [{"tag": "CONTENT", "is_external": false, "used_time": 1, "children": [{"tag": "repository_CustomLibrary", "is_external": true, "used_time": 365, "resdescid": "679", "children": [{"tag": "CustomObject", "is_external": false, "used_time": 1, "children": []}]}]}]}, {"tag": "repository_If", "is_external": true, "used_time": 19, "resdescid": "5605", "children": [{"tag": "If_VALUE", "is_external": false, "used_time": 1, "children": [{"tag": "CustomObject", "is_external": false, "used_time": 1, "children": [{"tag": "CONTENT", "is_external": false, "used_time": 1, "children": [{"tag": "repository_CustomLibrary", "is_external": true, "used_time": 365, "resdescid": "679", "children": [{"tag": "CustomObject", "is_external": false, "used_time": 1, "children": []}]}]}]}]}]}, {"tag": "repository_CustomObject", "is_external": true, "used_time": 21, "resdescid": "55203", "children": []}, {"tag": "repository_TemplateSubSet", "is_external": true, "used_time": 79, "resdescid": "5383", "children": [{"tag": "CONTENT", "is_external": false, "used_time": 1, "children": []}]}, {"tag": "repository_TemplateSubSet", "is_external": true, "used_time": 13, "resdescid": "55206", "children": [{"tag": "CONTENT", "is_external": false, "used_time": 1, "children": []}]}]}, {"tag": "Body", "is_external": false, "used_time": 1, "children": [{"tag": "MessageLoop", "is_external": false, "used_time": 1, "children": [{"tag": "MessageLoop", "is_external": false, "used_time": 1, "children": []}]}, {"tag": "repository_TemplateSubSet", "is_external": true, "used_time": 8, "resdescid": "75085", "children": [{"tag": "CONTENT", "is_external": false, "used_time": 1, "children": []}]}, {"tag": "repository_TemplateSubSet", "is_external": true, "used_time": 13, "resdescid": "71768", "children": [{"tag": "CONTENT", "is_external": false, "used_time": 1, "children": []}]}, {"tag": "CustomObject", "is_external": false, "used_time": 1, "children": [{"tag": "CONTENT", "is_external": false, "used_time": 1, "children": [{"tag": "repository_CustomLibrary", "is_external": true, "used_time": 365, "resdescid": "679", "children": [{"tag": "CustomObject", "is_external": false, "used_time": 1, "children": []}]}]}]}, {"tag": "repository_Paragraph", "is_external": true, "used_time": 2, "resdescid": "108238", "children": [{"tag": "CONTENT", "is_external": false, "used_time": 1, "children": []}]}, {"tag": "repository_TemplateSubSet", "is_external": true, "used_time": 51, "resdescid": "51882", "children": [{"tag": "CONTENT", "is_external": false, "used_time": 1, "children": []}]}, {"tag": "repository_Paragraph", "is_external": true, "used_time": 12, "resdescid": "108235", "children": [{"tag": "CONTENT", "is_external": false, "used_time": 1, "children": []}]}, {"tag": "Paragraph", "is_external": false, "used_time": 1, "children": [{"tag": "CONTENT", "is_external": false, "used_time": 1, "children": [{"tag": "repository_DataManager", "is_external": true, "used_time": 22, "resdescid": "21280", "children": []}, {"tag": "LocalVars", "is_external": false, "used_time": 1, "children": []}, {"tag": "STYLE-AUTOMATIC", "is_external": false, "used_time": 1, "children": []}, {"tag": "TEXT", "is_external": false, "used_time": 1, "children": [{"tag": "repository_TextStyle", "is_external": true, "used_time": 280, "resdescid": "4346", "children": [{"tag": "is", "is_external": false, "used_time": 1, "children": []}, {"tag": "repository_Variable", "is_external": true, "used_time": 4, "resdescid": "4661", "children": []}, {"tag": "repository_Variable", "is_external": true, "used_time": 4, "resdescid": "4667", "children": []}, {"tag": "repository_Variable", "is_external": true, "used_time": 4, "resdescid": "4666", "children": []}, {"tag": "CustomFunc", "is_external": false, "used_time": 1, "children": [{"tag": "CONTENT", "is_external": false, "used_time": 1, "children": [{"tag": "XML_VALUE", "is_external": false, "used_time": 1, "children": [{"tag": "repository_CustomLibrary", "is_external": true, "used_time": 21, "resdescid": "671", "children": [{"tag": "CustomFunc", "is_external": false, "used_time": 1, "children": []}]}]}, {"tag": "WIZARD_VALUE", "is_external": false, "used_time": 1, "children": [{"tag": "Parameter", "is_external": false, "used_time": 1, "children": [{"tag": "Parameter_HelpInfo", "is_external": false, "used_time": 1, "children": []}]}]}]}]}]}]}]}]}, {"tag": "repository_Paragraph", "is_external": true, "used_time": 6, "resdescid": "75087", "children": [{"tag": "CONTENT", "is_external": false, "used_time": 1, "children": []}]}, {"tag": "LocalContext", "is_external": false, "used_time": 1, "children": [{"tag": "CONTENT", "is_external": false, "used_time": 1, "children": []}, {"tag": "repository_Paragraph", "is_external": true, "used_time": 14, "resdescid": "41945", "children": [{"tag": "CONTENT", "is_external": false, "used_time": 1, "children": []}]}, {"tag": "repository_Paragraph", "is_external": true, "used_time": 7, "resdescid": "108236", "children": [{"tag": "CONTENT", "is_external": false, "used_time": 1, "children": []}]}, {"tag": "repository_TemplateSubSet", "is_external": true, "used_time": 39, "resdescid": "55197", "children": [{"tag": "CONTENT", "is_external": false, "used_time": 1, "children": []}]}]}, {"tag": "repository_TemplateSubSet", "is_external": true, "used_time": 7, "resdescid": "31981", "children": [{"tag": "CONTENT", "is_external": false, "used_time": 1, "children": []}]}]}, {"tag": "Footer", "is_external": false, "used_time": 1, "children": []}]}]}]}