{"tag": "repository_Template", "attributes": {"activated": "false", "date": "2022-05-18 22_16_07.977", "description": "Mod\u00c3\u0083\u00c2\u0083\u00c3\u0082\u00c2\u00a8le suite \u00c3\u0083\u00c2\u0083\u00c3\u0082\u00c2\u00a0 mise en demeure global", "domainid": "273", "id": "492589", "isPlugin": "false", "lastFunctionDate": "2022-05-18 22_16_07.993", "lastFunctionParent": "30", "lastFunctionUser": "5", "name": "MRINCME01-MARQUE-02", "resdescid": "472427", "subtypes": "63", "version": "1.3"}, "children": [{"tag": "CONTENT", "attributes": {"WZ_actionrule": "xsl/default", "WZ_viewname": "css/default", "currentZoom": "100", "debugMode": "0", "defaultTextStyle": "23", "indexingType": "Document", "indexingVarList": "\"IndexList\"", "maxIdTemplate": "116", "messageFilter": "", "monoDataLoader": "true", "tagVersion": "E_P3_1_2_1_6q22"}, "children": [{"tag": "repository_TextStyle", "is_external": true, "used_time": 185, "resdescid": "4271", "children": []}, {"tag": "repository_DataManager", "is_external": true, "used_time": 13, "resdescid": "472358", "children": []}, {"tag": "inputData", "is_external": false, "used_time": 1, "children": []}, {"tag": "indexData", "is_external": false, "used_time": 1, "children": [{"tag": "SimpleSubstitutionTable", "is_external": false, "used_time": 1, "children": [{"tag": "CONTENT", "is_external": false, "used_time": 1, "children": [{"tag": "Row", "is_external": false, "used_time": 1, "children": [{"tag": "CONTENT", "is_external": false, "used_time": 1, "children": [{"tag": "Cell", "is_external": false, "used_time": 1, "children": [{"tag": "CONTENT", "is_external": false, "used_time": 1, "children": [{"tag": "XML_VALUE", "is_external": false, "used_time": 1, "children": []}]}]}]}]}, {"tag": "Column", "is_external": false, "used_time": 1, "children": [{"tag": "CONTENT", "is_external": false, "used_time": 1, "children": [{"tag": "name", "is_external": false, "used_time": 1, "children": [{"tag": "XML_VALUE", "is_external": false, "used_time": 1, "children": []}]}]}]}]}]}]}, {"tag": "repository_PageContext", "is_external": true, "used_time": 61, "resdescid": "55199", "children": [{"tag": "CONTENT", "is_external": false, "used_time": 1, "children": []}, {"tag": "FirstHeader", "is_external": false, "used_time": 1, "children": [{"tag": "repository_CustomObject", "is_external": true, "used_time": 177, "resdescid": "55198", "children": []}, {"tag": "CustomObject", "is_external": false, "used_time": 1, "children": [{"tag": "CONTENT", "is_external": false, "used_time": 1, "children": [{"tag": "repository_CustomLibrary", "is_external": true, "used_time": 365, "resdescid": "679", "children": [{"tag": "CustomObject", "is_external": false, "used_time": 1, "children": []}]}]}]}, {"tag": "repository_TemplateSubSet", "is_external": true, "used_time": 46, "resdescid": "55201", "children": [{"tag": "CONTENT", "is_external": false, "used_time": 1, "children": []}]}, {"tag": "CustomObject", "is_external": false, "used_time": 1, "children": [{"tag": "CONTENT", "is_external": false, "used_time": 1, "children": [{"tag": "repository_CustomLibrary", "is_external": true, "used_time": 365, "resdescid": "679", "children": [{"tag": "CustomObject", "is_external": false, "used_time": 1, "children": []}]}]}]}, {"tag": "repository_LocalContext", "is_external": true, "used_time": 61, "resdescid": "5389", "children": []}, {"tag": "repository_TemplateSubSet", "is_external": true, "used_time": 79, "resdescid": "5383", "children": [{"tag": "CONTENT", "is_external": false, "used_time": 1, "children": []}]}, {"tag": "MessageLoop", "is_external": false, "used_time": 1, "children": [{"tag": "CONTENT", "is_external": false, "used_time": 1, "children": []}, {"tag": "MessageLoop", "is_external": false, "used_time": 1, "children": []}]}, {"tag": "repository_TemplateSubSet", "is_external": true, "used_time": 14, "resdescid": "114872", "children": [{"tag": "CONTENT", "is_external": false, "used_time": 1, "children": []}]}, {"tag": "repository_TemplateSubSet", "is_external": true, "used_time": 14, "resdescid": "114869", "children": [{"tag": "CONTENT", "is_external": false, "used_time": 1, "children": []}]}, {"tag": "repository_Paragraph", "is_external": true, "used_time": 8, "resdescid": "472420", "children": [{"tag": "CONTENT", "is_external": false, "used_time": 1, "children": []}]}]}, {"tag": "Header", "is_external": false, "used_time": 1, "children": [{"tag": "repository_CustomObject", "is_external": true, "used_time": 16, "resdescid": "4937", "children": []}, {"tag": "repository_CustomObject", "is_external": true, "used_time": 10, "resdescid": "5942", "children": []}, {"tag": "CustomObject", "is_external": false, "used_time": 1, "children": [{"tag": "CONTENT", "is_external": false, "used_time": 1, "children": [{"tag": "repository_CustomLibrary", "is_external": true, "used_time": 365, "resdescid": "679", "children": [{"tag": "CustomObject", "is_external": false, "used_time": 1, "children": []}]}]}]}, {"tag": "repository_LocalContext", "is_external": true, "used_time": 61, "resdescid": "5389", "children": []}, {"tag": "repository_TemplateSubSet", "is_external": true, "used_time": 79, "resdescid": "5383", "children": [{"tag": "CONTENT", "is_external": false, "used_time": 1, "children": []}]}, {"tag": "repository_TemplateSubSet", "is_external": true, "used_time": 13, "resdescid": "472421", "children": [{"tag": "CONTENT", "is_external": false, "used_time": 1, "children": []}]}, {"tag": "repository_TemplateSubSet", "is_external": true, "used_time": 27, "resdescid": "231645", "children": [{"tag": "CONTENT", "is_external": false, "used_time": 1, "children": []}]}]}, {"tag": "Body", "is_external": false, "used_time": 1, "children": [{"tag": "CustomObject", "is_external": false, "used_time": 1, "children": [{"tag": "CONTENT", "is_external": false, "used_time": 1, "children": [{"tag": "repository_CustomLibrary", "is_external": true, "used_time": 365, "resdescid": "679", "children": [{"tag": "CustomObject", "is_external": false, "used_time": 1, "children": []}]}]}]}, {"tag": "If", "is_external": false, "used_time": 1, "children": [{"tag": "CONTENT", "is_external": false, "used_time": 1, "children": [{"tag": "If_VALUE", "is_external": false, "used_time": 1, "children": [{"tag": "CONDITION_OP", "is_external": false, "used_time": 1, "children": [{"tag": "XML_VALUE", "is_external": false, "used_time": 1, "children": [{"tag": "repository_Variable", "is_external": true, "used_time": 8, "resdescid": "21104", "children": []}]}, {"tag": "XML_VALUE", "is_external": false, "used_time": 1, "children": []}]}, {"tag": "CONDITION_OP", "is_external": false, "used_time": 1, "children": [{"tag": "XML_VALUE", "is_external": false, "used_time": 1, "children": [{"tag": "repository_Variable", "is_external": true, "used_time": 8, "resdescid": "21104", "children": []}]}, {"tag": "XML_VALUE", "is_external": false, "used_time": 1, "children": []}]}, {"tag": "CONDITION_OP", "is_external": false, "used_time": 1, "children": [{"tag": "CONDITION_OP", "is_external": false, "used_time": 1, "children": [{"tag": "XML_VALUE", "is_external": false, "used_time": 1, "children": [{"tag": "repository_Variable", "is_external": true, "used_time": 8, "resdescid": "21104", "children": []}]}, {"tag": "XML_VALUE", "is_external": false, "used_time": 1, "children": []}]}, {"tag": "CONDITION_OP", "is_external": false, "used_time": 1, "children": [{"tag": "XML_VALUE", "is_external": false, "used_time": 1, "children": [{"tag": "repository_Variable", "is_external": true, "used_time": 8, "resdescid": "21104", "children": []}]}, {"tag": "XML_VALUE", "is_external": false, "used_time": 1, "children": []}]}]}]}, {"tag": "If_DEFAULT", "is_external": false, "used_time": 1, "children": []}]}, {"tag": "If_VALUE", "is_external": false, "used_time": 1, "children": [{"tag": "CONTENT", "is_external": false, "used_time": 1, "children": []}, {"tag": "CustomObject", "is_external": false, "used_time": 1, "children": [{"tag": "CONTENT", "is_external": false, "used_time": 1, "children": [{"tag": "repository_CustomLibrary", "is_external": true, "used_time": 365, "resdescid": "679", "children": [{"tag": "CustomObject", "is_external": false, "used_time": 1, "children": []}]}]}]}]}, {"tag": "If_DEFAULT", "is_external": false, "used_time": 1, "children": [{"tag": "CustomObject", "is_external": false, "used_time": 1, "children": [{"tag": "CONTENT", "is_external": false, "used_time": 1, "children": [{"tag": "repository_CustomLibrary", "is_external": true, "used_time": 365, "resdescid": "679", "children": [{"tag": "CustomObject", "is_external": false, "used_time": 1, "children": []}]}]}]}]}]}, {"tag": "If", "is_external": false, "used_time": 1, "children": [{"tag": "CONTENT", "is_external": false, "used_time": 1, "children": [{"tag": "If_VALUE", "is_external": false, "used_time": 1, "children": [{"tag": "CONDITION_OP", "is_external": false, "used_time": 1, "children": [{"tag": "XML_VALUE", "is_external": false, "used_time": 1, "children": [{"tag": "repository_Variable", "is_external": true, "used_time": 7, "resdescid": "10392", "children": []}]}, {"tag": "XML_VALUE", "is_external": false, "used_time": 1, "children": []}]}]}]}, {"tag": "If_VALUE", "is_external": false, "used_time": 1, "children": [{"tag": "CONTENT", "is_external": false, "used_time": 1, "children": []}, {"tag": "CustomObject", "is_external": false, "used_time": 1, "children": [{"tag": "CONTENT", "is_external": false, "used_time": 1, "children": [{"tag": "repository_CustomLibrary", "is_external": true, "used_time": 365, "resdescid": "679", "children": [{"tag": "CustomObject", "is_external": false, "used_time": 1, "children": []}]}]}]}]}]}, {"tag": "CustomObject", "is_external": false, "used_time": 1, "children": [{"tag": "CONTENT", "is_external": false, "used_time": 1, "children": [{"tag": "repository_CustomLibrary", "is_external": true, "used_time": 365, "resdescid": "679", "children": [{"tag": "CustomObject", "is_external": false, "used_time": 1, "children": []}]}]}]}, {"tag": "repository_Paragraph", "is_external": true, "used_time": 3, "resdescid": "472419", "children": [{"tag": "CONTENT", "is_external": false, "used_time": 1, "children": []}]}, {"tag": "repository_TemplateSubSet", "is_external": true, "used_time": 51, "resdescid": "51882", "children": [{"tag": "CONTENT", "is_external": false, "used_time": 1, "children": []}]}, {"tag": "repository_Paragraph", "is_external": true, "used_time": 19, "resdescid": "164207", "children": [{"tag": "CONTENT", "is_external": false, "used_time": 1, "children": []}]}, {"tag": "LocalContext", "is_external": false, "used_time": 1, "children": [{"tag": "CONTENT", "is_external": false, "used_time": 1, "children": []}, {"tag": "MultipleText", "is_external": false, "used_time": 1, "children": [{"tag": "CONTENT", "is_external": false, "used_time": 1, "children": [{"tag": "If_VALUE", "is_external": false, "used_time": 1, "children": [{"tag": "CONDITION_OP", "is_external": false, "used_time": 1, "children": [{"tag": "XML_VALUE", "is_external": false, "used_time": 1, "children": [{"tag": "repository_Variable", "is_external": true, "used_time": 8, "resdescid": "4665", "children": []}]}, {"tag": "XML_VALUE", "is_external": false, "used_time": 1, "children": []}]}]}, {"tag": "If_VALUE", "is_external": false, "used_time": 1, "children": [{"tag": "CONDITION_OP", "is_external": false, "used_time": 1, "children": [{"tag": "XML_VALUE", "is_external": false, "used_time": 1, "children": [{"tag": "repository_Variable", "is_external": true, "used_time": 8, "resdescid": "4665", "children": []}]}, {"tag": "XML_VALUE", "is_external": false, "used_time": 1, "children": []}]}]}]}, {"tag": "If_VALUE", "is_external": false, "used_time": 1, "children": [{"tag": "repository_Paragraph", "is_external": true, "used_time": 4, "resdescid": "472425", "children": [{"tag": "CONTENT", "is_external": false, "used_time": 1, "children": [{"tag": "EditableInProduction", "is_external": false, "used_time": 1, "children": []}]}]}]}, {"tag": "If_VALUE", "is_external": false, "used_time": 1, "children": [{"tag": "repository_Paragraph", "is_external": true, "used_time": 4, "resdescid": "472426", "children": [{"tag": "CONTENT", "is_external": false, "used_time": 1, "children": []}]}]}]}]}, {"tag": "repository_TemplateSubSet", "is_external": true, "used_time": 3, "resdescid": "472423", "children": []}, {"tag": "repository_Table", "is_external": true, "used_time": 4, "resdescid": "472424", "children": [{"tag": "CONTENT", "is_external": false, "used_time": 1, "children": []}]}, {"tag": "Paragraph", "is_external": false, "used_time": 1, "children": [{"tag": "CONTENT", "is_external": false, "used_time": 1, "children": [{"tag": "repository_DataManager", "is_external": true, "used_time": 0, "resdescid": "55195", "children": []}, {"tag": "LocalVars", "is_external": false, "used_time": 1, "children": []}, {"tag": "STYLE-AUTOMATIC", "is_external": false, "used_time": 1, "children": []}, {"tag": "TEXT", "is_external": false, "used_time": 1, "children": [{"tag": "repository_TextStyle", "is_external": true, "used_time": 280, "resdescid": "4346", "children": [{"tag": "repository_TextStyle", "is_external": true, "used_time": 16, "resdescid": "38632", "children": [{"tag": "CustomFunc", "is_external": false, "used_time": 1, "children": [{"tag": "CONTENT", "is_external": false, "used_time": 1, "children": [{"tag": "repository_CustomLibrary", "is_external": true, "used_time": 21, "resdescid": "671", "children": [{"tag": "CustomObject", "is_external": false, "used_time": 1, "children": []}]}]}]}]}, {"tag": "repository_TextStyle", "is_external": true, "used_time": 16, "resdescid": "38632", "children": []}, {"tag": "repository_TextStyle", "is_external": true, "used_time": 16, "resdescid": "38632", "children": []}, {"tag": "repository_TextStyle", "is_external": true, "used_time": 16, "resdescid": "38632", "children": []}, {"tag": "repository_TextStyle", "is_external": true, "used_time": 16, "resdescid": "38632", "children": [{"tag": "repository_Variable", "is_external": true, "used_time": 3, "resdescid": "4636", "children": []}]}, {"tag": "repository_TextStyle", "is_external": true, "used_time": 16, "resdescid": "38632", "children": []}, {"tag": "repository_TextStyle", "is_external": true, "used_time": 16, "resdescid": "38632", "children": [{"tag": "repository_Variable", "is_external": true, "used_time": 3, "resdescid": "4640", "children": []}]}, {"tag": "repository_TextStyle", "is_external": true, "used_time": 16, "resdescid": "38632", "children": []}, {"tag": "repository_TextStyle", "is_external": true, "used_time": 16, "resdescid": "38632", "children": [{"tag": "repository_Variable", "is_external": true, "used_time": 3, "resdescid": "4634", "children": []}]}, {"tag": "repository_TextStyle", "is_external": true, "used_time": 16, "resdescid": "38632", "children": []}]}]}]}]}, {"tag": "repository_Paragraph", "is_external": true, "used_time": 2, "resdescid": "472417", "children": [{"tag": "CONTENT", "is_external": false, "used_time": 1, "children": []}]}, {"tag": "LocalContext", "is_external": false, "used_time": 1, "children": [{"tag": "CONTENT", "is_external": false, "used_time": 1, "children": []}, {"tag": "repository_Paragraph", "is_external": true, "used_time": 7, "resdescid": "472422", "children": [{"tag": "CONTENT", "is_external": false, "used_time": 1, "children": []}]}, {"tag": "LocalContext", "is_external": false, "used_time": 1, "children": [{"tag": "CONTENT", "is_external": false, "used_time": 1, "children": []}, {"tag": "repository_Paragraph", "is_external": true, "used_time": 15, "resdescid": "472418", "children": [{"tag": "CONTENT", "is_external": false, "used_time": 1, "children": []}]}, {"tag": "repository_TemplateSubSet", "is_external": true, "used_time": 39, "resdescid": "55197", "children": [{"tag": "CONTENT", "is_external": false, "used_time": 1, "children": []}]}]}]}]}, {"tag": "Footer", "is_external": false, "used_time": 1, "children": [{"tag": "repository_LocalContext", "is_external": true, "used_time": 61, "resdescid": "5378", "children": []}]}]}]}]}