{"tag": "repository_Template", "attributes": {"activated": "false", "date": "2015-03-25 15_06_54.806", "description": "", "domainid": "235", "id": "1086", "isPlugin": "false", "lastFunctionDate": "2015-03-25 15_06_54.812", "lastFunctionParent": "30", "lastFunctionUser": "1", "name": "Letter Page", "resdescid": "506", "subtypes": "", "version": "1.4"}, "children": [{"tag": "CONTENT", "attributes": {"maxIdTemplate": "10", "messageFilter": "", "monoDataLoader": "true"}, "children": [{"tag": "repository_TextStyle", "is_external": true, "used_time": 138, "resdescid": "23", "children": []}, {"tag": "repository_DataManager", "is_external": true, "used_time": 7, "resdescid": "444", "children": []}, {"tag": "inputData", "is_external": false, "used_time": 1, "children": []}, {"tag": "PageContext", "is_external": false, "used_time": 1, "children": [{"tag": "CONTENT", "is_external": false, "used_time": 1, "children": [{"tag": "Header", "is_external": false, "used_time": 1, "children": []}, {"tag": "Footer", "is_external": false, "used_time": 1, "children": []}, {"tag": "Body", "is_external": false, "used_time": 1, "children": []}, {"tag": "FirstHeader", "is_external": false, "used_time": 1, "children": []}, {"tag": "LastFooter", "is_external": false, "used_time": 1, "children": []}]}, {"tag": "Header", "is_external": false, "used_time": 1, "children": []}, {"tag": "Body", "is_external": false, "used_time": 1, "children": []}, {"tag": "Footer", "is_external": false, "used_time": 1, "children": []}]}]}]}