{"tag": "repository_Template", "attributes": {"activated": "false", "date": "2020-12-11 18_02_25.864", "description": "", "domainid": "2901", "id": "25791", "isPlugin": "false", "lastFunctionDate": "2020-12-11 18_02_25.876", "lastFunctionParent": "30", "lastFunctionUser": "1", "name": "test1", "resdescid": "6931", "subtypes": "63", "version": "1.18"}, "children": [{"tag": "CONTENT", "attributes": {"debugMode": "0", "maxIdTemplate": "13", "messageFilter": "", "monoDataLoader": "true", "tagVersion": "E_P3_1_1_5_2q17"}, "children": [{"tag": "repository_TextStyle", "is_external": true, "used_time": 138, "resdescid": "23", "children": []}, {"tag": "repository_DataManager", "is_external": true, "used_time": 24, "resdescid": "4199", "children": []}, {"tag": "inputData", "is_external": false, "used_time": 1, "children": []}, {"tag": "PageContext", "is_external": false, "used_time": 1, "children": [{"tag": "CONTENT", "is_external": false, "used_time": 1, "children": [{"tag": "Header", "is_external": false, "used_time": 1, "children": []}, {"tag": "Footer", "is_external": false, "used_time": 1, "children": []}, {"tag": "Body", "is_external": false, "used_time": 1, "children": []}, {"tag": "FirstHeader", "is_external": false, "used_time": 1, "children": []}, {"tag": "LastFooter", "is_external": false, "used_time": 1, "children": []}]}, {"tag": "Header", "is_external": false, "used_time": 1, "children": []}, {"tag": "Body", "is_external": false, "used_time": 1, "children": [{"tag": "Paragraph", "is_external": false, "used_time": 1, "children": [{"tag": "CONTENT", "is_external": false, "used_time": 1, "children": [{"tag": "repository_DataManager", "is_external": true, "used_time": 24, "resdescid": "4199", "children": []}, {"tag": "LocalVars", "is_external": false, "used_time": 1, "children": []}, {"tag": "STYLE-AUTOMATIC", "is_external": false, "used_time": 1, "children": []}, {"tag": "TEXT", "is_external": false, "used_time": 1, "children": [{"tag": "repository_TextStyle", "is_external": true, "used_time": 138, "resdescid": "23", "children": []}, {"tag": "repository_TextStyle", "is_external": true, "used_time": 138, "resdescid": "23", "children": [{"tag": "tab", "is_external": false, "used_time": 1, "children": []}, {"tag": "repository_CustomFunc", "is_external": true, "used_time": 1, "resdescid": "20946", "children": []}]}, {"tag": "repository_TextStyle", "is_external": true, "used_time": 138, "resdescid": "23", "children": [{"tag": "repository_Variable", "is_external": true, "used_time": 1, "resdescid": "9", "children": []}, {"tag": "repository_Variable", "is_external": true, "used_time": 1, "resdescid": "386", "children": []}]}, {"tag": "repository_TextStyle", "is_external": true, "used_time": 138, "resdescid": "23", "children": []}, {"tag": "repository_TextStyle", "is_external": true, "used_time": 138, "resdescid": "23", "children": [{"tag": "repository_Variable", "is_external": true, "used_time": 1, "resdescid": "124", "children": []}]}, {"tag": "repository_TextStyle", "is_external": true, "used_time": 138, "resdescid": "23", "children": []}, {"tag": "repository_TextStyle", "is_external": true, "used_time": 138, "resdescid": "23", "children": [{"tag": "tab", "is_external": false, "used_time": 1, "children": []}, {"tag": "repository_Variable", "is_external": true, "used_time": 1, "resdescid": "127", "children": []}]}, {"tag": "repository_TextStyle", "is_external": true, "used_time": 138, "resdescid": "23", "children": []}, {"tag": "repository_TextStyle", "is_external": true, "used_time": 138, "resdescid": "23", "children": []}]}]}]}, {"tag": "MessageLoop", "is_external": false, "used_time": 1, "children": [{"tag": "CONTENT", "is_external": false, "used_time": 1, "children": [{"tag": "repository_DataManager", "is_external": true, "used_time": 24, "resdescid": "4199", "children": [{"tag": "repository_DataMessageIterative", "is_external": true, "used_time": 0, "resdescid": "516", "children": []}]}]}, {"tag": "Paragraph", "is_external": false, "used_time": 1, "children": [{"tag": "CONTENT", "is_external": false, "used_time": 1, "children": [{"tag": "repository_DataManager", "is_external": true, "used_time": 24, "resdescid": "4199", "children": []}, {"tag": "LocalVars", "is_external": false, "used_time": 1, "children": []}, {"tag": "STYLE-AUTOMATIC", "is_external": false, "used_time": 1, "children": []}, {"tag": "TEXT", "is_external": false, "used_time": 1, "children": [{"tag": "repository_TextStyle", "is_external": true, "used_time": 138, "resdescid": "23", "children": []}, {"tag": "repository_TextStyle", "is_external": true, "used_time": 138, "resdescid": "23", "children": [{"tag": "repository_Variable", "is_external": true, "used_time": 1, "resdescid": "254", "children": []}]}, {"tag": "repository_TextStyle", "is_external": true, "used_time": 138, "resdescid": "23", "children": [{"tag": "repository_Variable", "is_external": true, "used_time": 1, "resdescid": "192", "children": []}]}, {"tag": "repository_TextStyle", "is_external": true, "used_time": 138, "resdescid": "23", "children": [{"tag": "repository_Variable", "is_external": true, "used_time": 1, "resdescid": "252", "children": []}]}]}]}]}]}]}, {"tag": "Footer", "is_external": false, "used_time": 1, "children": []}]}, {"tag": "repository_Wizard", "is_external": true, "used_time": 1, "resdescid": "20944", "children": []}]}]}