{"tag": "repository_Template", "attributes": {"activated": "false", "date": "2020-11-23 10_22_30.143", "description": "", "domainid": "2901", "id": "10197", "isPlugin": "false", "lastFunctionDate": "2020-11-23 10_22_30.152", "lastFunctionParent": "30", "lastFunctionUser": "1", "name": "g16", "resdescid": "6940", "subtypes": "63", "version": "1.8"}, "children": [{"tag": "CONTENT", "attributes": {"debugMode": "0", "maxIdTemplate": "8", "messageFilter": "", "monoDataLoader": "true", "tagVersion": "E_P3_1_1_5_2q17"}, "children": [{"tag": "repository_TextStyle", "is_external": true, "used_time": 138, "resdescid": "23", "children": []}, {"tag": "repository_DataManager", "is_external": true, "used_time": 141, "resdescid": "4185", "children": []}, {"tag": "inputData", "is_external": false, "used_time": 1, "children": []}, {"tag": "PageContext", "is_external": false, "used_time": 1, "children": [{"tag": "CONTENT", "is_external": false, "used_time": 1, "children": [{"tag": "Header", "is_external": false, "used_time": 1, "children": []}, {"tag": "Footer", "is_external": false, "used_time": 1, "children": []}, {"tag": "Body", "is_external": false, "used_time": 1, "children": []}, {"tag": "FirstHeader", "is_external": false, "used_time": 1, "children": []}, {"tag": "LastFooter", "is_external": false, "used_time": 1, "children": []}]}, {"tag": "Header", "is_external": false, "used_time": 1, "children": [{"tag": "Table", "is_external": false, "used_time": 1, "children": [{"tag": "CONTENT", "is_external": false, "used_time": 1, "children": [{"tag": "TextStyle", "is_external": false, "used_time": 1, "children": [{"tag": "CONTENT", "is_external": false, "used_time": 1, "children": [{"tag": "PROPERTIES_FONT", "is_external": false, "used_time": 1, "children": []}, {"tag": "PROPERTIES_CELL_ALIGNMENT", "is_external": false, "used_time": 1, "children": []}]}]}, {"tag": "Group", "is_external": false, "used_time": 1, "children": [{"tag": "CONTENT", "is_external": false, "used_time": 1, "children": [{"tag": "repository_DataManager", "is_external": true, "used_time": 141, "resdescid": "4185", "children": [{"tag": "repository_DataMessageIterative", "is_external": true, "used_time": 0, "resdescid": "4062", "children": []}]}, {"tag": "Cell", "is_external": false, "used_time": 1, "children": [{"tag": "CONTENT", "is_external": false, "used_time": 1, "children": [{"tag": "Paragraph", "is_external": false, "used_time": 1, "children": [{"tag": "CONTENT", "is_external": false, "used_time": 1, "children": [{"tag": "LocalVars", "is_external": false, "used_time": 1, "children": []}, {"tag": "STYLE-AUTOMATIC", "is_external": false, "used_time": 1, "children": []}, {"tag": "TEXT", "is_external": false, "used_time": 1, "children": [{"tag": "TextStyle", "is_external": false, "used_time": 1, "children": []}]}]}]}]}]}, {"tag": "Cell", "is_external": false, "used_time": 1, "children": [{"tag": "CONTENT", "is_external": false, "used_time": 1, "children": [{"tag": "Paragraph", "is_external": false, "used_time": 1, "children": [{"tag": "CONTENT", "is_external": false, "used_time": 1, "children": [{"tag": "LocalVars", "is_external": false, "used_time": 1, "children": []}, {"tag": "STYLE-AUTOMATIC", "is_external": false, "used_time": 1, "children": []}, {"tag": "TEXT", "is_external": false, "used_time": 1, "children": [{"tag": "TextStyle", "is_external": false, "used_time": 1, "children": []}]}]}]}]}]}]}, {"tag": "Row", "is_external": false, "used_time": 1, "children": [{"tag": "CONTENT", "is_external": false, "used_time": 1, "children": [{"tag": "Cell", "is_external": false, "used_time": 1, "children": [{"tag": "CONTENT", "is_external": false, "used_time": 1, "children": [{"tag": "TextStyle", "is_external": false, "used_time": 1, "children": [{"tag": "CONTENT", "is_external": false, "used_time": 1, "children": [{"tag": "PROPERTIES_CELL_INSETS", "is_external": false, "used_time": 1, "children": []}]}]}, {"tag": "Paragraph", "is_external": false, "used_time": 1, "children": [{"tag": "CONTENT", "is_external": false, "used_time": 1, "children": [{"tag": "LocalVars", "is_external": false, "used_time": 1, "children": []}, {"tag": "STYLE-AUTOMATIC", "is_external": false, "used_time": 1, "children": []}, {"tag": "TEXT", "is_external": false, "used_time": 1, "children": [{"tag": "TextStyle", "is_external": false, "used_time": 1, "children": [{"tag": "CONTENT", "is_external": false, "used_time": 1, "children": [{"tag": "TextStyle", "is_external": false, "used_time": 1, "children": [{"tag": "CONTENT", "is_external": false, "used_time": 1, "children": [{"tag": "PROPERTIES_PARAGRAPH", "is_external": false, "used_time": 1, "children": []}]}]}]}]}]}]}]}]}]}, {"tag": "Cell", "is_external": false, "used_time": 1, "children": [{"tag": "CONTENT", "is_external": false, "used_time": 1, "children": [{"tag": "TextStyle", "is_external": false, "used_time": 1, "children": [{"tag": "CONTENT", "is_external": false, "used_time": 1, "children": [{"tag": "PROPERTIES_CELL_INSETS", "is_external": false, "used_time": 1, "children": []}]}]}, {"tag": "Paragraph", "is_external": false, "used_time": 1, "children": [{"tag": "CONTENT", "is_external": false, "used_time": 1, "children": [{"tag": "LocalVars", "is_external": false, "used_time": 1, "children": []}, {"tag": "STYLE-AUTOMATIC", "is_external": false, "used_time": 1, "children": []}, {"tag": "TEXT", "is_external": false, "used_time": 1, "children": [{"tag": "TextStyle", "is_external": false, "used_time": 1, "children": [{"tag": "CONTENT", "is_external": false, "used_time": 1, "children": [{"tag": "TextStyle", "is_external": false, "used_time": 1, "children": [{"tag": "CONTENT", "is_external": false, "used_time": 1, "children": [{"tag": "PROPERTIES_PARAGRAPH", "is_external": false, "used_time": 1, "children": []}]}, {"tag": "repository_Variable", "is_external": true, "used_time": 2, "resdescid": "762", "children": []}]}]}]}]}]}]}]}]}]}]}, {"tag": "Row", "is_external": false, "used_time": 1, "children": [{"tag": "CONTENT", "is_external": false, "used_time": 1, "children": [{"tag": "Cell", "is_external": false, "used_time": 1, "children": [{"tag": "CONTENT", "is_external": false, "used_time": 1, "children": [{"tag": "TextStyle", "is_external": false, "used_time": 1, "children": [{"tag": "CONTENT", "is_external": false, "used_time": 1, "children": [{"tag": "PROPERTIES_CELL_INSETS", "is_external": false, "used_time": 1, "children": []}]}]}, {"tag": "Paragraph", "is_external": false, "used_time": 1, "children": [{"tag": "CONTENT", "is_external": false, "used_time": 1, "children": [{"tag": "LocalVars", "is_external": false, "used_time": 1, "children": []}, {"tag": "STYLE-AUTOMATIC", "is_external": false, "used_time": 1, "children": []}, {"tag": "TEXT", "is_external": false, "used_time": 1, "children": [{"tag": "TextStyle", "is_external": false, "used_time": 1, "children": [{"tag": "CONTENT", "is_external": false, "used_time": 1, "children": [{"tag": "TextStyle", "is_external": false, "used_time": 1, "children": [{"tag": "CONTENT", "is_external": false, "used_time": 1, "children": [{"tag": "PROPERTIES_PARAGRAPH", "is_external": false, "used_time": 1, "children": []}]}]}]}]}]}]}]}]}]}, {"tag": "Cell", "is_external": false, "used_time": 1, "children": [{"tag": "CONTENT", "is_external": false, "used_time": 1, "children": [{"tag": "TextStyle", "is_external": false, "used_time": 1, "children": [{"tag": "CONTENT", "is_external": false, "used_time": 1, "children": [{"tag": "PROPERTIES_CELL_INSETS", "is_external": false, "used_time": 1, "children": []}]}]}, {"tag": "Paragraph", "is_external": false, "used_time": 1, "children": [{"tag": "CONTENT", "is_external": false, "used_time": 1, "children": [{"tag": "LocalVars", "is_external": false, "used_time": 1, "children": []}, {"tag": "STYLE-AUTOMATIC", "is_external": false, "used_time": 1, "children": []}, {"tag": "TEXT", "is_external": false, "used_time": 1, "children": [{"tag": "TextStyle", "is_external": false, "used_time": 1, "children": [{"tag": "CONTENT", "is_external": false, "used_time": 1, "children": [{"tag": "TextStyle", "is_external": false, "used_time": 1, "children": [{"tag": "CONTENT", "is_external": false, "used_time": 1, "children": [{"tag": "PROPERTIES_PARAGRAPH", "is_external": false, "used_time": 1, "children": []}]}, {"tag": "repository_Variable", "is_external": true, "used_time": 1, "resdescid": "767", "children": []}]}]}]}]}]}]}]}]}]}]}, {"tag": "Row", "is_external": false, "used_time": 1, "children": [{"tag": "CONTENT", "is_external": false, "used_time": 1, "children": [{"tag": "Cell", "is_external": false, "used_time": 1, "children": [{"tag": "CONTENT", "is_external": false, "used_time": 1, "children": [{"tag": "TextStyle", "is_external": false, "used_time": 1, "children": [{"tag": "CONTENT", "is_external": false, "used_time": 1, "children": [{"tag": "PROPERTIES_CELL_INSETS", "is_external": false, "used_time": 1, "children": []}]}]}, {"tag": "Paragraph", "is_external": false, "used_time": 1, "children": [{"tag": "CONTENT", "is_external": false, "used_time": 1, "children": [{"tag": "LocalVars", "is_external": false, "used_time": 1, "children": []}, {"tag": "STYLE-AUTOMATIC", "is_external": false, "used_time": 1, "children": []}, {"tag": "TEXT", "is_external": false, "used_time": 1, "children": [{"tag": "TextStyle", "is_external": false, "used_time": 1, "children": [{"tag": "CONTENT", "is_external": false, "used_time": 1, "children": [{"tag": "TextStyle", "is_external": false, "used_time": 1, "children": [{"tag": "CONTENT", "is_external": false, "used_time": 1, "children": [{"tag": "PROPERTIES_PARAGRAPH", "is_external": false, "used_time": 1, "children": []}]}]}]}]}]}]}]}]}]}, {"tag": "Cell", "is_external": false, "used_time": 1, "children": [{"tag": "CONTENT", "is_external": false, "used_time": 1, "children": [{"tag": "TextStyle", "is_external": false, "used_time": 1, "children": [{"tag": "CONTENT", "is_external": false, "used_time": 1, "children": [{"tag": "PROPERTIES_CELL_INSETS", "is_external": false, "used_time": 1, "children": []}]}]}, {"tag": "Paragraph", "is_external": false, "used_time": 1, "children": [{"tag": "CONTENT", "is_external": false, "used_time": 1, "children": [{"tag": "LocalVars", "is_external": false, "used_time": 1, "children": []}, {"tag": "STYLE-AUTOMATIC", "is_external": false, "used_time": 1, "children": []}, {"tag": "TEXT", "is_external": false, "used_time": 1, "children": [{"tag": "TextStyle", "is_external": false, "used_time": 1, "children": [{"tag": "CONTENT", "is_external": false, "used_time": 1, "children": [{"tag": "TextStyle", "is_external": false, "used_time": 1, "children": [{"tag": "CONTENT", "is_external": false, "used_time": 1, "children": [{"tag": "PROPERTIES_PARAGRAPH", "is_external": false, "used_time": 1, "children": []}]}, {"tag": "repository_Variable", "is_external": true, "used_time": 1, "resdescid": "775", "children": []}]}]}]}]}]}]}]}]}]}]}]}, {"tag": "Column", "is_external": false, "used_time": 1, "children": [{"tag": "CONTENT", "is_external": false, "used_time": 1, "children": []}]}, {"tag": "Column", "is_external": false, "used_time": 1, "children": [{"tag": "CONTENT", "is_external": false, "used_time": 1, "children": []}]}]}]}]}, {"tag": "Body", "is_external": false, "used_time": 1, "children": [{"tag": "Table", "is_external": false, "used_time": 1, "children": [{"tag": "CONTENT", "is_external": false, "used_time": 1, "children": [{"tag": "TextStyle", "is_external": false, "used_time": 1, "children": [{"tag": "CONTENT", "is_external": false, "used_time": 1, "children": [{"tag": "PROPERTIES_FONT", "is_external": false, "used_time": 1, "children": []}, {"tag": "PROPERTIES_CELL_ALIGNMENT", "is_external": false, "used_time": 1, "children": []}]}]}, {"tag": "Group", "is_external": false, "used_time": 1, "children": [{"tag": "CONTENT", "is_external": false, "used_time": 1, "children": [{"tag": "repository_DataManager", "is_external": true, "used_time": 141, "resdescid": "4185", "children": [{"tag": "repository_DataMessageIterative", "is_external": true, "used_time": 0, "resdescid": "4062", "children": []}]}, {"tag": "Cell", "is_external": false, "used_time": 1, "children": [{"tag": "CONTENT", "is_external": false, "used_time": 1, "children": [{"tag": "Paragraph", "is_external": false, "used_time": 1, "children": [{"tag": "CONTENT", "is_external": false, "used_time": 1, "children": [{"tag": "LocalVars", "is_external": false, "used_time": 1, "children": []}, {"tag": "STYLE-AUTOMATIC", "is_external": false, "used_time": 1, "children": []}, {"tag": "TEXT", "is_external": false, "used_time": 1, "children": [{"tag": "TextStyle", "is_external": false, "used_time": 1, "children": []}]}]}]}]}]}, {"tag": "Cell", "is_external": false, "used_time": 1, "children": [{"tag": "CONTENT", "is_external": false, "used_time": 1, "children": [{"tag": "Paragraph", "is_external": false, "used_time": 1, "children": [{"tag": "CONTENT", "is_external": false, "used_time": 1, "children": [{"tag": "LocalVars", "is_external": false, "used_time": 1, "children": []}, {"tag": "STYLE-AUTOMATIC", "is_external": false, "used_time": 1, "children": []}, {"tag": "TEXT", "is_external": false, "used_time": 1, "children": [{"tag": "TextStyle", "is_external": false, "used_time": 1, "children": []}]}]}]}]}]}]}, {"tag": "Row", "is_external": false, "used_time": 1, "children": [{"tag": "CONTENT", "is_external": false, "used_time": 1, "children": [{"tag": "Cell", "is_external": false, "used_time": 1, "children": [{"tag": "CONTENT", "is_external": false, "used_time": 1, "children": [{"tag": "TextStyle", "is_external": false, "used_time": 1, "children": [{"tag": "CONTENT", "is_external": false, "used_time": 1, "children": [{"tag": "PROPERTIES_CELL_INSETS", "is_external": false, "used_time": 1, "children": []}]}]}, {"tag": "Paragraph", "is_external": false, "used_time": 1, "children": [{"tag": "CONTENT", "is_external": false, "used_time": 1, "children": [{"tag": "LocalVars", "is_external": false, "used_time": 1, "children": []}, {"tag": "STYLE-AUTOMATIC", "is_external": false, "used_time": 1, "children": []}, {"tag": "TEXT", "is_external": false, "used_time": 1, "children": [{"tag": "TextStyle", "is_external": false, "used_time": 1, "children": [{"tag": "CONTENT", "is_external": false, "used_time": 1, "children": [{"tag": "TextStyle", "is_external": false, "used_time": 1, "children": [{"tag": "CONTENT", "is_external": false, "used_time": 1, "children": [{"tag": "PROPERTIES_PARAGRAPH", "is_external": false, "used_time": 1, "children": []}]}]}]}]}]}]}]}]}]}, {"tag": "Cell", "is_external": false, "used_time": 1, "children": [{"tag": "CONTENT", "is_external": false, "used_time": 1, "children": [{"tag": "TextStyle", "is_external": false, "used_time": 1, "children": [{"tag": "CONTENT", "is_external": false, "used_time": 1, "children": [{"tag": "PROPERTIES_CELL_INSETS", "is_external": false, "used_time": 1, "children": []}]}]}, {"tag": "Paragraph", "is_external": false, "used_time": 1, "children": [{"tag": "CONTENT", "is_external": false, "used_time": 1, "children": [{"tag": "LocalVars", "is_external": false, "used_time": 1, "children": []}, {"tag": "STYLE-AUTOMATIC", "is_external": false, "used_time": 1, "children": []}, {"tag": "TEXT", "is_external": false, "used_time": 1, "children": [{"tag": "TextStyle", "is_external": false, "used_time": 1, "children": [{"tag": "CONTENT", "is_external": false, "used_time": 1, "children": [{"tag": "TextStyle", "is_external": false, "used_time": 1, "children": [{"tag": "CONTENT", "is_external": false, "used_time": 1, "children": [{"tag": "PROPERTIES_PARAGRAPH", "is_external": false, "used_time": 1, "children": []}]}]}]}]}]}]}]}]}]}]}]}, {"tag": "Row", "is_external": false, "used_time": 1, "children": [{"tag": "CONTENT", "is_external": false, "used_time": 1, "children": [{"tag": "Cell", "is_external": false, "used_time": 1, "children": [{"tag": "CONTENT", "is_external": false, "used_time": 1, "children": [{"tag": "TextStyle", "is_external": false, "used_time": 1, "children": [{"tag": "CONTENT", "is_external": false, "used_time": 1, "children": [{"tag": "PROPERTIES_CELL_INSETS", "is_external": false, "used_time": 1, "children": []}, {"tag": "PROPERTIES_CELL_BORDER", "is_external": false, "used_time": 1, "children": []}, {"tag": "PROPERTIES_CELL_ALIGNMENT", "is_external": false, "used_time": 1, "children": []}]}]}, {"tag": "Paragraph", "is_external": false, "used_time": 1, "children": [{"tag": "CONTENT", "is_external": false, "used_time": 1, "children": [{"tag": "LocalVars", "is_external": false, "used_time": 1, "children": []}, {"tag": "STYLE-AUTOMATIC", "is_external": false, "used_time": 1, "children": []}, {"tag": "TEXT", "is_external": false, "used_time": 1, "children": [{"tag": "TextStyle", "is_external": false, "used_time": 1, "children": [{"tag": "CONTENT", "is_external": false, "used_time": 1, "children": [{"tag": "TextStyle", "is_external": false, "used_time": 1, "children": [{"tag": "CONTENT", "is_external": false, "used_time": 1, "children": [{"tag": "PROPERTIES_PARAGRAPH", "is_external": false, "used_time": 1, "children": []}]}]}]}]}]}]}]}]}]}, {"tag": "Cell", "is_external": false, "used_time": 1, "children": [{"tag": "CONTENT", "is_external": false, "used_time": 1, "children": [{"tag": "TextStyle", "is_external": false, "used_time": 1, "children": [{"tag": "CONTENT", "is_external": false, "used_time": 1, "children": [{"tag": "PROPERTIES_CELL_INSETS", "is_external": false, "used_time": 1, "children": []}, {"tag": "PROPERTIES_CELL_BORDER", "is_external": false, "used_time": 1, "children": []}, {"tag": "PROPERTIES_CELL_ALIGNMENT", "is_external": false, "used_time": 1, "children": []}]}]}, {"tag": "Paragraph", "is_external": false, "used_time": 1, "children": [{"tag": "CONTENT", "is_external": false, "used_time": 1, "children": [{"tag": "LocalVars", "is_external": false, "used_time": 1, "children": []}, {"tag": "STYLE-AUTOMATIC", "is_external": false, "used_time": 1, "children": []}, {"tag": "TEXT", "is_external": false, "used_time": 1, "children": [{"tag": "TextStyle", "is_external": false, "used_time": 1, "children": [{"tag": "CONTENT", "is_external": false, "used_time": 1, "children": [{"tag": "TextStyle", "is_external": false, "used_time": 1, "children": [{"tag": "CONTENT", "is_external": false, "used_time": 1, "children": [{"tag": "PROPERTIES_PARAGRAPH", "is_external": false, "used_time": 1, "children": []}]}, {"tag": "repository_Variable", "is_external": true, "used_time": 6, "resdescid": "784", "children": []}]}]}]}]}]}]}]}]}]}]}, {"tag": "Row", "is_external": false, "used_time": 1, "children": [{"tag": "CONTENT", "is_external": false, "used_time": 1, "children": [{"tag": "Cell", "is_external": false, "used_time": 1, "children": [{"tag": "CONTENT", "is_external": false, "used_time": 1, "children": [{"tag": "TextStyle", "is_external": false, "used_time": 1, "children": [{"tag": "CONTENT", "is_external": false, "used_time": 1, "children": [{"tag": "PROPERTIES_CELL_INSETS", "is_external": false, "used_time": 1, "children": []}, {"tag": "PROPERTIES_CELL_BORDER", "is_external": false, "used_time": 1, "children": []}, {"tag": "PROPERTIES_CELL_ALIGNMENT", "is_external": false, "used_time": 1, "children": []}]}]}, {"tag": "Paragraph", "is_external": false, "used_time": 1, "children": [{"tag": "CONTENT", "is_external": false, "used_time": 1, "children": [{"tag": "LocalVars", "is_external": false, "used_time": 1, "children": []}, {"tag": "STYLE-AUTOMATIC", "is_external": false, "used_time": 1, "children": []}, {"tag": "TEXT", "is_external": false, "used_time": 1, "children": [{"tag": "TextStyle", "is_external": false, "used_time": 1, "children": [{"tag": "CONTENT", "is_external": false, "used_time": 1, "children": [{"tag": "TextStyle", "is_external": false, "used_time": 1, "children": [{"tag": "CONTENT", "is_external": false, "used_time": 1, "children": [{"tag": "PROPERTIES_PARAGRAPH", "is_external": false, "used_time": 1, "children": []}]}]}]}]}]}]}]}]}]}, {"tag": "Cell", "is_external": false, "used_time": 1, "children": [{"tag": "CONTENT", "is_external": false, "used_time": 1, "children": [{"tag": "TextStyle", "is_external": false, "used_time": 1, "children": [{"tag": "CONTENT", "is_external": false, "used_time": 1, "children": [{"tag": "PROPERTIES_CELL_INSETS", "is_external": false, "used_time": 1, "children": []}, {"tag": "PROPERTIES_CELL_BORDER", "is_external": false, "used_time": 1, "children": []}, {"tag": "PROPERTIES_CELL_ALIGNMENT", "is_external": false, "used_time": 1, "children": []}]}]}, {"tag": "Paragraph", "is_external": false, "used_time": 1, "children": [{"tag": "CONTENT", "is_external": false, "used_time": 1, "children": [{"tag": "LocalVars", "is_external": false, "used_time": 1, "children": []}, {"tag": "STYLE-AUTOMATIC", "is_external": false, "used_time": 1, "children": []}, {"tag": "TEXT", "is_external": false, "used_time": 1, "children": [{"tag": "TextStyle", "is_external": false, "used_time": 1, "children": [{"tag": "CONTENT", "is_external": false, "used_time": 1, "children": [{"tag": "TextStyle", "is_external": false, "used_time": 1, "children": [{"tag": "CONTENT", "is_external": false, "used_time": 1, "children": [{"tag": "PROPERTIES_PARAGRAPH", "is_external": false, "used_time": 1, "children": []}]}, {"tag": "repository_Variable", "is_external": true, "used_time": 10, "resdescid": "786", "children": []}]}]}]}]}]}]}]}]}]}]}, {"tag": "Row", "is_external": false, "used_time": 1, "children": [{"tag": "CONTENT", "is_external": false, "used_time": 1, "children": [{"tag": "Cell", "is_external": false, "used_time": 1, "children": [{"tag": "CONTENT", "is_external": false, "used_time": 1, "children": [{"tag": "TextStyle", "is_external": false, "used_time": 1, "children": [{"tag": "CONTENT", "is_external": false, "used_time": 1, "children": [{"tag": "PROPERTIES_CELL_INSETS", "is_external": false, "used_time": 1, "children": []}, {"tag": "PROPERTIES_CELL_BORDER", "is_external": false, "used_time": 1, "children": []}, {"tag": "PROPERTIES_CELL_ALIGNMENT", "is_external": false, "used_time": 1, "children": []}]}]}, {"tag": "Paragraph", "is_external": false, "used_time": 1, "children": [{"tag": "CONTENT", "is_external": false, "used_time": 1, "children": [{"tag": "LocalVars", "is_external": false, "used_time": 1, "children": []}, {"tag": "STYLE-AUTOMATIC", "is_external": false, "used_time": 1, "children": []}, {"tag": "TEXT", "is_external": false, "used_time": 1, "children": [{"tag": "TextStyle", "is_external": false, "used_time": 1, "children": [{"tag": "CONTENT", "is_external": false, "used_time": 1, "children": [{"tag": "TextStyle", "is_external": false, "used_time": 1, "children": [{"tag": "CONTENT", "is_external": false, "used_time": 1, "children": [{"tag": "PROPERTIES_PARAGRAPH", "is_external": false, "used_time": 1, "children": []}]}]}]}]}]}]}]}]}]}, {"tag": "Cell", "is_external": false, "used_time": 1, "children": [{"tag": "CONTENT", "is_external": false, "used_time": 1, "children": [{"tag": "TextStyle", "is_external": false, "used_time": 1, "children": [{"tag": "CONTENT", "is_external": false, "used_time": 1, "children": [{"tag": "PROPERTIES_CELL_INSETS", "is_external": false, "used_time": 1, "children": []}, {"tag": "PROPERTIES_CELL_BORDER", "is_external": false, "used_time": 1, "children": []}, {"tag": "PROPERTIES_CELL_ALIGNMENT", "is_external": false, "used_time": 1, "children": []}]}]}, {"tag": "Paragraph", "is_external": false, "used_time": 1, "children": [{"tag": "CONTENT", "is_external": false, "used_time": 1, "children": [{"tag": "LocalVars", "is_external": false, "used_time": 1, "children": []}, {"tag": "STYLE-AUTOMATIC", "is_external": false, "used_time": 1, "children": []}, {"tag": "TEXT", "is_external": false, "used_time": 1, "children": [{"tag": "TextStyle", "is_external": false, "used_time": 1, "children": [{"tag": "CONTENT", "is_external": false, "used_time": 1, "children": [{"tag": "TextStyle", "is_external": false, "used_time": 1, "children": [{"tag": "CONTENT", "is_external": false, "used_time": 1, "children": [{"tag": "PROPERTIES_PARAGRAPH", "is_external": false, "used_time": 1, "children": []}]}, {"tag": "repository_Variable", "is_external": true, "used_time": 13, "resdescid": "790", "children": []}]}]}]}]}]}]}]}]}]}]}, {"tag": "Row", "is_external": false, "used_time": 1, "children": [{"tag": "CONTENT", "is_external": false, "used_time": 1, "children": [{"tag": "Cell", "is_external": false, "used_time": 1, "children": [{"tag": "CONTENT", "is_external": false, "used_time": 1, "children": [{"tag": "TextStyle", "is_external": false, "used_time": 1, "children": [{"tag": "CONTENT", "is_external": false, "used_time": 1, "children": [{"tag": "PROPERTIES_CELL_INSETS", "is_external": false, "used_time": 1, "children": []}, {"tag": "PROPERTIES_CELL_BORDER", "is_external": false, "used_time": 1, "children": []}, {"tag": "PROPERTIES_CELL_ALIGNMENT", "is_external": false, "used_time": 1, "children": []}]}]}, {"tag": "Paragraph", "is_external": false, "used_time": 1, "children": [{"tag": "CONTENT", "is_external": false, "used_time": 1, "children": [{"tag": "LocalVars", "is_external": false, "used_time": 1, "children": []}, {"tag": "STYLE-AUTOMATIC", "is_external": false, "used_time": 1, "children": []}, {"tag": "TEXT", "is_external": false, "used_time": 1, "children": [{"tag": "TextStyle", "is_external": false, "used_time": 1, "children": [{"tag": "CONTENT", "is_external": false, "used_time": 1, "children": [{"tag": "TextStyle", "is_external": false, "used_time": 1, "children": [{"tag": "CONTENT", "is_external": false, "used_time": 1, "children": [{"tag": "PROPERTIES_PARAGRAPH", "is_external": false, "used_time": 1, "children": []}]}]}]}]}]}]}]}]}]}, {"tag": "Cell", "is_external": false, "used_time": 1, "children": [{"tag": "CONTENT", "is_external": false, "used_time": 1, "children": [{"tag": "TextStyle", "is_external": false, "used_time": 1, "children": [{"tag": "CONTENT", "is_external": false, "used_time": 1, "children": [{"tag": "PROPERTIES_CELL_INSETS", "is_external": false, "used_time": 1, "children": []}, {"tag": "PROPERTIES_CELL_BORDER", "is_external": false, "used_time": 1, "children": []}, {"tag": "PROPERTIES_CELL_ALIGNMENT", "is_external": false, "used_time": 1, "children": []}]}]}, {"tag": "Paragraph", "is_external": false, "used_time": 1, "children": [{"tag": "CONTENT", "is_external": false, "used_time": 1, "children": [{"tag": "LocalVars", "is_external": false, "used_time": 1, "children": []}, {"tag": "STYLE-AUTOMATIC", "is_external": false, "used_time": 1, "children": []}, {"tag": "TEXT", "is_external": false, "used_time": 1, "children": [{"tag": "TextStyle", "is_external": false, "used_time": 1, "children": [{"tag": "CONTENT", "is_external": false, "used_time": 1, "children": [{"tag": "TextStyle", "is_external": false, "used_time": 1, "children": [{"tag": "CONTENT", "is_external": false, "used_time": 1, "children": [{"tag": "PROPERTIES_PARAGRAPH", "is_external": false, "used_time": 1, "children": []}]}, {"tag": "repository_Variable", "is_external": true, "used_time": 1, "resdescid": "792", "children": []}]}]}]}]}]}]}]}]}]}]}]}, {"tag": "Column", "is_external": false, "used_time": 1, "children": [{"tag": "CONTENT", "is_external": false, "used_time": 1, "children": []}]}, {"tag": "Column", "is_external": false, "used_time": 1, "children": [{"tag": "CONTENT", "is_external": false, "used_time": 1, "children": []}]}]}]}, {"tag": "Table", "is_external": false, "used_time": 1, "children": [{"tag": "CONTENT", "is_external": false, "used_time": 1, "children": [{"tag": "TextStyle", "is_external": false, "used_time": 1, "children": [{"tag": "CONTENT", "is_external": false, "used_time": 1, "children": [{"tag": "PROPERTIES_FONT", "is_external": false, "used_time": 1, "children": []}, {"tag": "PROPERTIES_CELL_ALIGNMENT", "is_external": false, "used_time": 1, "children": []}]}]}, {"tag": "Group", "is_external": false, "used_time": 1, "children": [{"tag": "CONTENT", "is_external": false, "used_time": 1, "children": [{"tag": "repository_DataManager", "is_external": true, "used_time": 141, "resdescid": "4185", "children": [{"tag": "repository_DataMessageIterative", "is_external": true, "used_time": 0, "resdescid": "4177", "children": []}]}, {"tag": "Cell", "is_external": false, "used_time": 1, "children": [{"tag": "CONTENT", "is_external": false, "used_time": 1, "children": [{"tag": "Paragraph", "is_external": false, "used_time": 1, "children": [{"tag": "CONTENT", "is_external": false, "used_time": 1, "children": [{"tag": "LocalVars", "is_external": false, "used_time": 1, "children": []}, {"tag": "STYLE-AUTOMATIC", "is_external": false, "used_time": 1, "children": []}, {"tag": "TEXT", "is_external": false, "used_time": 1, "children": [{"tag": "TextStyle", "is_external": false, "used_time": 1, "children": []}]}]}]}]}]}, {"tag": "Cell", "is_external": false, "used_time": 1, "children": [{"tag": "CONTENT", "is_external": false, "used_time": 1, "children": [{"tag": "Paragraph", "is_external": false, "used_time": 1, "children": [{"tag": "CONTENT", "is_external": false, "used_time": 1, "children": [{"tag": "LocalVars", "is_external": false, "used_time": 1, "children": []}, {"tag": "STYLE-AUTOMATIC", "is_external": false, "used_time": 1, "children": []}, {"tag": "TEXT", "is_external": false, "used_time": 1, "children": [{"tag": "TextStyle", "is_external": false, "used_time": 1, "children": []}]}]}]}]}]}]}, {"tag": "Row", "is_external": false, "used_time": 1, "children": [{"tag": "CONTENT", "is_external": false, "used_time": 1, "children": [{"tag": "Cell", "is_external": false, "used_time": 1, "children": [{"tag": "CONTENT", "is_external": false, "used_time": 1, "children": [{"tag": "TextStyle", "is_external": false, "used_time": 1, "children": [{"tag": "CONTENT", "is_external": false, "used_time": 1, "children": [{"tag": "PROPERTIES_CELL_INSETS", "is_external": false, "used_time": 1, "children": []}, {"tag": "PROPERTIES_CELL_BORDER", "is_external": false, "used_time": 1, "children": []}, {"tag": "PROPERTIES_CELL_ALIGNMENT", "is_external": false, "used_time": 1, "children": []}]}]}, {"tag": "Paragraph", "is_external": false, "used_time": 1, "children": [{"tag": "CONTENT", "is_external": false, "used_time": 1, "children": [{"tag": "LocalVars", "is_external": false, "used_time": 1, "children": []}, {"tag": "STYLE-AUTOMATIC", "is_external": false, "used_time": 1, "children": []}, {"tag": "TEXT", "is_external": false, "used_time": 1, "children": [{"tag": "TextStyle", "is_external": false, "used_time": 1, "children": [{"tag": "CONTENT", "is_external": false, "used_time": 1, "children": [{"tag": "TextStyle", "is_external": false, "used_time": 1, "children": [{"tag": "CONTENT", "is_external": false, "used_time": 1, "children": [{"tag": "PROPERTIES_PARAGRAPH", "is_external": false, "used_time": 1, "children": []}]}]}]}]}]}]}]}]}]}, {"tag": "Cell", "is_external": false, "used_time": 1, "children": [{"tag": "CONTENT", "is_external": false, "used_time": 1, "children": [{"tag": "TextStyle", "is_external": false, "used_time": 1, "children": [{"tag": "CONTENT", "is_external": false, "used_time": 1, "children": [{"tag": "PROPERTIES_CELL_INSETS", "is_external": false, "used_time": 1, "children": []}]}]}, {"tag": "Paragraph", "is_external": false, "used_time": 1, "children": [{"tag": "CONTENT", "is_external": false, "used_time": 1, "children": [{"tag": "LocalVars", "is_external": false, "used_time": 1, "children": []}, {"tag": "STYLE-AUTOMATIC", "is_external": false, "used_time": 1, "children": []}, {"tag": "TEXT", "is_external": false, "used_time": 1, "children": [{"tag": "TextStyle", "is_external": false, "used_time": 1, "children": [{"tag": "CONTENT", "is_external": false, "used_time": 1, "children": [{"tag": "TextStyle", "is_external": false, "used_time": 1, "children": [{"tag": "CONTENT", "is_external": false, "used_time": 1, "children": [{"tag": "PROPERTIES_PARAGRAPH", "is_external": false, "used_time": 1, "children": []}]}]}]}]}]}]}]}]}]}]}]}, {"tag": "Row", "is_external": false, "used_time": 1, "children": [{"tag": "CONTENT", "is_external": false, "used_time": 1, "children": [{"tag": "Cell", "is_external": false, "used_time": 1, "children": [{"tag": "CONTENT", "is_external": false, "used_time": 1, "children": [{"tag": "TextStyle", "is_external": false, "used_time": 1, "children": [{"tag": "CONTENT", "is_external": false, "used_time": 1, "children": [{"tag": "PROPERTIES_CELL_INSETS", "is_external": false, "used_time": 1, "children": []}, {"tag": "PROPERTIES_CELL_BORDER", "is_external": false, "used_time": 1, "children": []}, {"tag": "PROPERTIES_CELL_ALIGNMENT", "is_external": false, "used_time": 1, "children": []}]}]}, {"tag": "Paragraph", "is_external": false, "used_time": 1, "children": [{"tag": "CONTENT", "is_external": false, "used_time": 1, "children": [{"tag": "LocalVars", "is_external": false, "used_time": 1, "children": []}, {"tag": "STYLE-AUTOMATIC", "is_external": false, "used_time": 1, "children": []}, {"tag": "TEXT", "is_external": false, "used_time": 1, "children": [{"tag": "TextStyle", "is_external": false, "used_time": 1, "children": [{"tag": "CONTENT", "is_external": false, "used_time": 1, "children": [{"tag": "TextStyle", "is_external": false, "used_time": 1, "children": [{"tag": "CONTENT", "is_external": false, "used_time": 1, "children": [{"tag": "PROPERTIES_PARAGRAPH", "is_external": false, "used_time": 1, "children": []}]}]}]}]}]}]}]}]}]}, {"tag": "Cell", "is_external": false, "used_time": 1, "children": [{"tag": "CONTENT", "is_external": false, "used_time": 1, "children": [{"tag": "TextStyle", "is_external": false, "used_time": 1, "children": [{"tag": "CONTENT", "is_external": false, "used_time": 1, "children": [{"tag": "PROPERTIES_CELL_INSETS", "is_external": false, "used_time": 1, "children": []}]}]}, {"tag": "Paragraph", "is_external": false, "used_time": 1, "children": [{"tag": "CONTENT", "is_external": false, "used_time": 1, "children": [{"tag": "LocalVars", "is_external": false, "used_time": 1, "children": []}, {"tag": "STYLE-AUTOMATIC", "is_external": false, "used_time": 1, "children": []}, {"tag": "TEXT", "is_external": false, "used_time": 1, "children": [{"tag": "TextStyle", "is_external": false, "used_time": 1, "children": [{"tag": "CONTENT", "is_external": false, "used_time": 1, "children": [{"tag": "TextStyle", "is_external": false, "used_time": 1, "children": [{"tag": "CONTENT", "is_external": false, "used_time": 1, "children": [{"tag": "PROPERTIES_PARAGRAPH", "is_external": false, "used_time": 1, "children": []}]}, {"tag": "repository_Variable", "is_external": true, "used_time": 209, "resdescid": "3858", "children": []}]}]}]}]}]}]}]}]}]}]}, {"tag": "Row", "is_external": false, "used_time": 1, "children": [{"tag": "CONTENT", "is_external": false, "used_time": 1, "children": [{"tag": "Cell", "is_external": false, "used_time": 1, "children": [{"tag": "CONTENT", "is_external": false, "used_time": 1, "children": [{"tag": "TextStyle", "is_external": false, "used_time": 1, "children": [{"tag": "CONTENT", "is_external": false, "used_time": 1, "children": [{"tag": "PROPERTIES_CELL_INSETS", "is_external": false, "used_time": 1, "children": []}, {"tag": "PROPERTIES_CELL_BORDER", "is_external": false, "used_time": 1, "children": []}, {"tag": "PROPERTIES_CELL_ALIGNMENT", "is_external": false, "used_time": 1, "children": []}]}]}, {"tag": "Paragraph", "is_external": false, "used_time": 1, "children": [{"tag": "CONTENT", "is_external": false, "used_time": 1, "children": [{"tag": "LocalVars", "is_external": false, "used_time": 1, "children": []}, {"tag": "STYLE-AUTOMATIC", "is_external": false, "used_time": 1, "children": []}, {"tag": "TEXT", "is_external": false, "used_time": 1, "children": [{"tag": "TextStyle", "is_external": false, "used_time": 1, "children": [{"tag": "CONTENT", "is_external": false, "used_time": 1, "children": [{"tag": "TextStyle", "is_external": false, "used_time": 1, "children": [{"tag": "CONTENT", "is_external": false, "used_time": 1, "children": [{"tag": "PROPERTIES_PARAGRAPH", "is_external": false, "used_time": 1, "children": []}]}]}]}]}]}]}]}]}]}, {"tag": "Cell", "is_external": false, "used_time": 1, "children": [{"tag": "CONTENT", "is_external": false, "used_time": 1, "children": [{"tag": "TextStyle", "is_external": false, "used_time": 1, "children": [{"tag": "CONTENT", "is_external": false, "used_time": 1, "children": [{"tag": "PROPERTIES_CELL_INSETS", "is_external": false, "used_time": 1, "children": []}]}]}, {"tag": "Paragraph", "is_external": false, "used_time": 1, "children": [{"tag": "CONTENT", "is_external": false, "used_time": 1, "children": [{"tag": "LocalVars", "is_external": false, "used_time": 1, "children": []}, {"tag": "STYLE-AUTOMATIC", "is_external": false, "used_time": 1, "children": []}, {"tag": "TEXT", "is_external": false, "used_time": 1, "children": [{"tag": "TextStyle", "is_external": false, "used_time": 1, "children": [{"tag": "CONTENT", "is_external": false, "used_time": 1, "children": [{"tag": "TextStyle", "is_external": false, "used_time": 1, "children": [{"tag": "CONTENT", "is_external": false, "used_time": 1, "children": [{"tag": "PROPERTIES_PARAGRAPH", "is_external": false, "used_time": 1, "children": []}]}, {"tag": "repository_Variable", "is_external": true, "used_time": 13, "resdescid": "3844", "children": []}]}]}]}]}]}]}]}]}]}]}]}, {"tag": "Column", "is_external": false, "used_time": 1, "children": [{"tag": "CONTENT", "is_external": false, "used_time": 1, "children": []}]}, {"tag": "Column", "is_external": false, "used_time": 1, "children": [{"tag": "CONTENT", "is_external": false, "used_time": 1, "children": []}]}]}]}]}, {"tag": "Footer", "is_external": false, "used_time": 1, "children": []}]}]}]}