{"tag": "repository_Template", "attributes": {"activated": "false", "date": "2015-08-27 11_54_32.473", "description": "Responsive design sample template", "domainid": "237", "id": "1186", "isPlugin": "false", "lastFunctionDate": "2015-08-27 11_54_32.489", "lastFunctionParent": "30", "lastFunctionUser": "1", "name": "Default Web Template", "resdescid": "570", "subtypes": "60", "version": "1.4"}, "children": [{"tag": "CONTENT", "attributes": {"debugMode": "0", "maxIdTemplate": "36", "messageFilter": "", "monoDataLoader": "true"}, "children": [{"tag": "repository_TextStyle", "is_external": true, "used_time": 138, "resdescid": "23", "children": []}, {"tag": "repository_DataManager", "is_external": true, "used_time": 7, "resdescid": "444", "children": []}, {"tag": "inputData", "is_external": false, "used_time": 1, "children": []}, {"tag": "PageContext", "is_external": false, "used_time": 1, "children": [{"tag": "CONTENT", "is_external": false, "used_time": 1, "children": [{"tag": "webcells", "is_external": false, "used_time": 1, "children": [{"tag": "webcell", "is_external": false, "used_time": 1, "children": [{"tag": "devices", "is_external": false, "used_time": 1, "children": [{"tag": "LargeDevice", "is_external": false, "used_time": 1, "children": [{"tag": "device", "is_external": false, "used_time": 1, "children": [{"tag": "position", "is_external": false, "used_time": 1, "children": []}]}]}]}, {"tag": "discardedDevices", "is_external": false, "used_time": 1, "children": []}]}, {"tag": "webcell", "is_external": false, "used_time": 1, "children": [{"tag": "devices", "is_external": false, "used_time": 1, "children": [{"tag": "LargeDevice", "is_external": false, "used_time": 1, "children": [{"tag": "device", "is_external": false, "used_time": 1, "children": [{"tag": "position", "is_external": false, "used_time": 1, "children": []}]}]}]}, {"tag": "discardedDevices", "is_external": false, "used_time": 1, "children": []}]}, {"tag": "webcell", "is_external": false, "used_time": 1, "children": [{"tag": "devices", "is_external": false, "used_time": 1, "children": [{"tag": "LargeDevice", "is_external": false, "used_time": 1, "children": [{"tag": "device", "is_external": false, "used_time": 1, "children": [{"tag": "position", "is_external": false, "used_time": 1, "children": []}]}]}]}, {"tag": "discardedDevices", "is_external": false, "used_time": 1, "children": []}]}]}, {"tag": "gridModel", "is_external": false, "used_time": 1, "children": [{"tag": "availableDevices", "is_external": false, "used_time": 1, "children": [{"tag": "SmallDevice", "is_external": false, "used_time": 1, "children": [{"tag": "devices", "is_external": false, "used_time": 1, "children": [{"tag": "device", "is_external": false, "used_time": 1, "children": []}, {"tag": "device", "is_external": false, "used_time": 1, "children": []}, {"tag": "device", "is_external": false, "used_time": 1, "children": []}]}]}, {"tag": "MediumDevice", "is_external": false, "used_time": 1, "children": [{"tag": "devices", "is_external": false, "used_time": 1, "children": [{"tag": "device", "is_external": false, "used_time": 1, "children": []}, {"tag": "device", "is_external": false, "used_time": 1, "children": []}, {"tag": "device", "is_external": false, "used_time": 1, "children": []}, {"tag": "device", "is_external": false, "used_time": 1, "children": []}]}]}, {"tag": "LargeDevice", "is_external": false, "used_time": 1, "children": [{"tag": "devices", "is_external": false, "used_time": 1, "children": [{"tag": "device", "is_external": false, "used_time": 1, "children": []}]}]}]}]}]}]}]}]}