{"tag": "repository_Template", "attributes": {"activated": "false", "date": "2023-05-09 14_30_35.278", "description": "", "domainid": "302", "id": "6459431", "isPlugin": "false", "lastFunctionDate": "2023-05-09 14_30_35.294", "lastFunctionParent": "30", "lastFunctionUser": "5", "name": "Modele TEST", "resdescid": "191060", "subtypes": "63", "version": "1.8"}, "children": [{"tag": "CONTENT", "attributes": {"debugMode": "0", "maxIdTemplate": "9", "messageFilter": "", "monoDataLoader": "true", "tagVersion": "E_P3_1_2_2_3q11"}, "children": [{"tag": "repository_TextStyle", "is_external": true, "used_time": 138, "resdescid": "23", "children": []}, {"tag": "repository_DataManager", "is_external": true, "used_time": 16, "resdescid": "472515", "children": []}, {"tag": "inputData", "is_external": false, "used_time": 1, "children": []}, {"tag": "PageContext", "is_external": false, "used_time": 1, "children": [{"tag": "CONTENT", "is_external": false, "used_time": 1, "children": [{"tag": "Header", "is_external": false, "used_time": 1, "children": []}, {"tag": "Footer", "is_external": false, "used_time": 1, "children": []}, {"tag": "Body", "is_external": false, "used_time": 1, "children": []}, {"tag": "FirstHeader", "is_external": false, "used_time": 1, "children": []}, {"tag": "LastFooter", "is_external": false, "used_time": 1, "children": []}]}, {"tag": "Header", "is_external": false, "used_time": 1, "children": []}, {"tag": "Body", "is_external": false, "used_time": 1, "children": [{"tag": "Paragraph", "is_external": false, "used_time": 1, "children": [{"tag": "CONTENT", "is_external": false, "used_time": 1, "children": [{"tag": "LocalVars", "is_external": false, "used_time": 1, "children": []}, {"tag": "STYLE-AUTOMATIC", "is_external": false, "used_time": 1, "children": []}, {"tag": "TEXT", "is_external": false, "used_time": 1, "children": [{"tag": "repository_TextStyle", "is_external": true, "used_time": 139, "resdescid": "2435463", "children": [{"tag": "TextStyle", "is_external": false, "used_time": 1, "children": [{"tag": "CONTENT", "is_external": false, "used_time": 1, "children": [{"tag": "PROPERTIES_FONT", "is_external": false, "used_time": 139, "resdescid": "2435463", "children": []}]}]}, {"tag": "TextStyle", "is_external": false, "used_time": 1, "children": [{"tag": "CONTENT", "is_external": false, "used_time": 1, "children": [{"tag": "PROPERTIES_FONT", "is_external": false, "used_time": 139, "resdescid": "2435463", "children": []}]}]}]}, {"tag": "repository_TextStyle", "is_external": true, "used_time": 139, "resdescid": "2435463", "children": [{"tag": "TextStyle", "is_external": false, "used_time": 1, "children": [{"tag": "CONTENT", "is_external": false, "used_time": 1, "children": [{"tag": "PROPERTIES_FONT", "is_external": false, "used_time": 139, "resdescid": "2435463", "children": []}]}]}]}, {"tag": "repository_TextStyle", "is_external": true, "used_time": 139, "resdescid": "2435463", "children": [{"tag": "TextStyle", "is_external": false, "used_time": 1, "children": [{"tag": "CONTENT", "is_external": false, "used_time": 1, "children": [{"tag": "PROPERTIES_FONT", "is_external": false, "used_time": 139, "resdescid": "2435463", "children": []}]}]}]}, {"tag": "repository_TextStyle", "is_external": true, "used_time": 139, "resdescid": "2435463", "children": []}]}]}]}, {"tag": "Paragraph", "is_external": false, "used_time": 1, "children": [{"tag": "CONTENT", "is_external": false, "used_time": 1, "children": [{"tag": "LocalVars", "is_external": false, "used_time": 1, "children": []}, {"tag": "STYLE-AUTOMATIC", "is_external": false, "used_time": 1, "children": []}, {"tag": "TEXT", "is_external": false, "used_time": 1, "children": [{"tag": "repository_TextStyle", "is_external": true, "used_time": 139, "resdescid": "2435463", "children": []}, {"tag": "repository_TextStyle", "is_external": true, "used_time": 139, "resdescid": "2435463", "children": [{"tag": "CustomFunc", "is_external": false, "used_time": 1, "children": [{"tag": "CONTENT", "is_external": false, "used_time": 1, "children": [{"tag": "XML_VALUE", "is_external": false, "used_time": 1, "children": [{"tag": "repository_CustomLibrary", "is_external": true, "used_time": 257, "resdescid": "74", "children": [{"tag": "XML_VALUE", "is_external": false, "used_time": 1, "children": [{"tag": "repository_CustomLibrary", "is_external": true, "used_time": 93, "resdescid": "675", "children": [{"tag": "XML_VALUE", "is_external": false, "used_time": 1, "children": []}, {"tag": "XML_VALUE", "is_external": false, "used_time": 1, "children": []}, {"tag": "XML_VALUE", "is_external": false, "used_time": 1, "children": []}, {"tag": "CustomFunc", "is_external": false, "used_time": 1, "children": []}]}]}, {"tag": "XML_VALUE", "is_external": false, "used_time": 1, "children": []}, {"tag": "CustomFunc", "is_external": false, "used_time": 1, "children": []}]}]}, {"tag": "WIZARD_VALUE", "is_external": false, "used_time": 1, "children": [{"tag": "Parameter", "is_external": false, "used_time": 1, "children": []}]}]}]}]}]}]}]}]}, {"tag": "Footer", "is_external": false, "used_time": 1, "children": []}]}]}]}