{"tag": "repository_Template", "attributes": {"activated": "false", "date": "2022-04-27 15_51_32.19", "description": "M\u00c3\u0083\u00c2\u0083\u00c3\u0082\u00c2\u00a9tamod\u00c3\u0083\u00c2\u0083\u00c3\u0082\u00c2\u00a8le GRC - courriers standards", "domainid": "3076", "id": "273832", "isPlugin": "false", "lastFunctionDate": "2022-04-27 15_52_09.791", "lastFunctionParent": "30", "lastFunctionUser": "10", "name": "MAGCVD201", "resdescid": "266423", "subtypes": "", "version": "1.1"}, "children": [{"tag": "CONTENT", "attributes": {"debugMode": "0", "maxIdTemplate": "34", "messageFilter": "", "monoDataLoader": "true", "tagVersion": "E_P3_1_1_4_2q53"}, "children": [{"tag": "repository_TextStyle", "is_external": true, "used_time": 259, "resdescid": "204142", "children": []}, {"tag": "repository_DataManager", "is_external": true, "used_time": 20, "resdescid": "19208", "children": []}, {"tag": "inputData", "is_external": false, "used_time": 1, "children": []}, {"tag": "repository_TemplateClass", "is_external": true, "used_time": 17, "resdescid": "265708", "children": [{"tag": "CONTENT", "is_external": false, "used_time": 1, "children": []}, {"tag": "TemplateClass_Anchor", "is_external": false, "used_time": 1, "children": []}, {"tag": "TemplateClass_Anchor", "is_external": false, "used_time": 1, "children": []}, {"tag": "TemplateClass_Anchor", "is_external": false, "used_time": 1, "children": []}, {"tag": "TemplateClass_Anchor", "is_external": false, "used_time": 1, "children": [{"tag": "MessageLoop", "is_external": false, "used_time": 1, "children": [{"tag": "CONTENT", "is_external": false, "used_time": 1, "children": []}, {"tag": "repository_TemplateSubSet", "is_external": true, "used_time": 3, "resdescid": "266406", "children": [{"tag": "CONTENT", "is_external": false, "used_time": 1, "children": []}]}]}, {"tag": "repository_TemplateSubSet", "is_external": true, "used_time": 7, "resdescid": "266405", "children": [{"tag": "CONTENT", "is_external": false, "used_time": 1, "children": []}]}]}, {"tag": "TemplateClass_Anchor", "is_external": false, "used_time": 1, "children": [{"tag": "repository_TemplateSubSet", "is_external": true, "used_time": 11, "resdescid": "265705", "children": [{"tag": "CONTENT", "is_external": false, "used_time": 1, "children": []}]}]}, {"tag": "TemplateClass_Anchor", "is_external": false, "used_time": 1, "children": []}, {"tag": "TemplateClass_Anchor", "is_external": false, "used_time": 1, "children": []}, {"tag": "TemplateClass_Anchor", "is_external": false, "used_time": 1, "children": []}, {"tag": "TemplateClass_Anchor", "is_external": false, "used_time": 1, "children": []}, {"tag": "TemplateClass_Anchor", "is_external": false, "used_time": 1, "children": [{"tag": "repository_Paragraph", "is_external": true, "used_time": 2, "resdescid": "266060", "children": [{"tag": "CONTENT", "is_external": false, "used_time": 1, "children": [{"tag": "EditableInProduction", "is_external": false, "used_time": 1, "children": []}]}]}]}, {"tag": "TemplateClass_Anchor", "is_external": false, "used_time": 1, "children": [{"tag": "repository_TemplateSubSet", "is_external": true, "used_time": 12, "resdescid": "266009", "children": [{"tag": "CONTENT", "is_external": false, "used_time": 1, "children": []}]}]}, {"tag": "TemplateClass_Anchor", "is_external": false, "used_time": 1, "children": [{"tag": "MessageLoop", "is_external": false, "used_time": 1, "children": [{"tag": "CONTENT", "is_external": false, "used_time": 1, "children": []}]}, {"tag": "MessageLoop", "is_external": false, "used_time": 1, "children": [{"tag": "CONTENT", "is_external": false, "used_time": 1, "children": []}]}, {"tag": "repository_TemplateSubSet", "is_external": true, "used_time": 17, "resdescid": "234352", "children": [{"tag": "CONTENT", "is_external": false, "used_time": 1, "children": []}]}, {"tag": "repository_Paragraph", "is_external": true, "used_time": 1, "resdescid": "266412", "children": [{"tag": "CONTENT", "is_external": false, "used_time": 1, "children": [{"tag": "EditableInProduction", "is_external": false, "used_time": 1, "children": []}]}]}, {"tag": "repository_Paragraph", "is_external": true, "used_time": 1, "resdescid": "266411", "children": [{"tag": "CONTENT", "is_external": false, "used_time": 1, "children": [{"tag": "EditableInProduction", "is_external": false, "used_time": 1, "children": []}]}]}, {"tag": "LocalContext", "is_external": false, "used_time": 1, "children": [{"tag": "CONTENT", "is_external": false, "used_time": 1, "children": []}, {"tag": "repository_Paragraph", "is_external": true, "used_time": 8, "resdescid": "266057", "children": [{"tag": "CONTENT", "is_external": false, "used_time": 1, "children": [{"tag": "EditableInProduction", "is_external": false, "used_time": 1, "children": []}]}]}, {"tag": "repository_TemplateSubSet", "is_external": true, "used_time": 7, "resdescid": "266416", "children": [{"tag": "CONTENT", "is_external": false, "used_time": 1, "children": []}]}]}]}, {"tag": "TemplateClass_Anchor", "is_external": false, "used_time": 1, "children": []}, {"tag": "TemplateClass_Anchor", "is_external": false, "used_time": 1, "children": []}, {"tag": "TemplateClass_Anchor", "is_external": false, "used_time": 1, "children": []}, {"tag": "TemplateClass_Anchor", "is_external": false, "used_time": 1, "children": []}, {"tag": "TemplateClass_Anchor", "is_external": false, "used_time": 1, "children": []}, {"tag": "TemplateClass_Anchor", "is_external": false, "used_time": 1, "children": []}]}]}]}