{"tag": "repository_Template", "attributes": {"activated": "false", "description": "Courrier libre echelon chef de service et direction convention ETAT", "domainid": "3132", "expanded": "true", "isPlugin": "false", "name": "EEDQA136_01", "resdescid": "278723", "subtypes": "", "version": "1.4"}, "children": [{"tag": "CONTENT", "attributes": {"debugMode": "0", "maxIdTemplate": "198", "messageFilter": "", "monoDataLoader": "true", "tagVersion": "E_P3_1_2_2_3q11"}, "children": [{"tag": "repository_TextStyle", "is_external": true, "used_time": 259, "resdescid": "204142", "children": []}, {"tag": "repository_DataManager", "is_external": true, "used_time": 248, "resdescid": "13508", "children": []}, {"tag": "inputData", "is_external": false, "used_time": 1, "children": []}, {"tag": "repository_TemplateClass", "is_external": true, "used_time": 212, "resdescid": "277832", "children": [{"tag": "CONTENT", "is_external": false, "used_time": 1, "children": []}, {"tag": "TemplateClass_Anchor", "is_external": false, "used_time": 1, "children": []}, {"tag": "TemplateClass_Anchor", "is_external": false, "used_time": 1, "children": []}, {"tag": "TemplateClass_Anchor", "is_external": false, "used_time": 1, "children": [{"tag": "TemplateComment", "is_external": false, "used_time": 1, "children": [{"tag": "CONTENT", "is_external": false, "used_time": 1, "children": [{"tag": "LocalVars", "is_external": false, "used_time": 1, "children": []}, {"tag": "STYLE-AUTOMATIC", "is_external": false, "used_time": 1, "children": []}, {"tag": "TEXT", "is_external": false, "used_time": 1, "children": [{"tag": "repository_TextStyle", "is_external": true, "used_time": 259, "resdescid": "204142", "children": []}, {"tag": "repository_TextStyle", "is_external": true, "used_time": 259, "resdescid": "204142", "children": []}, {"tag": "repository_TextStyle", "is_external": true, "used_time": 259, "resdescid": "204142", "children": []}, {"tag": "repository_TextStyle", "is_external": true, "used_time": 259, "resdescid": "204142", "children": []}, {"tag": "repository_TextStyle", "is_external": true, "used_time": 259, "resdescid": "204142", "children": []}, {"tag": "repository_TextStyle", "is_external": true, "used_time": 259, "resdescid": "204142", "children": []}]}]}]}, {"tag": "repository_CustomObject", "is_external": true, "used_time": 82, "resdescid": "278183", "children": []}, {"tag": "repository_CustomObject", "is_external": true, "used_time": 79, "resdescid": "278182", "children": []}, {"tag": "CustomObject", "is_external": false, "used_time": 1, "children": [{"tag": "CONTENT", "is_external": false, "used_time": 1, "children": [{"tag": "repository_CustomLibrary", "is_external": true, "used_time": 603, "resdescid": "97", "children": [{"tag": "Custom", "is_external": false, "used_time": 1, "children": []}]}, {"tag": "XML_VALUE", "is_external": false, "used_time": 1, "children": []}, {"tag": "XML_VALUE", "is_external": false, "used_time": 1, "children": []}]}]}, {"tag": "CustomObject", "is_external": false, "used_time": 1, "children": [{"tag": "CONTENT", "is_external": false, "used_time": 1, "children": [{"tag": "repository_CustomLibrary", "is_external": true, "used_time": 603, "resdescid": "97", "children": [{"tag": "Custom", "is_external": false, "used_time": 1, "children": []}]}, {"tag": "XML_VALUE", "is_external": false, "used_time": 1, "children": []}, {"tag": "XML_VALUE", "is_external": false, "used_time": 1, "children": []}]}]}, {"tag": "CustomObject", "is_external": false, "used_time": 1, "children": [{"tag": "CONTENT", "is_external": false, "used_time": 1, "children": [{"tag": "repository_CustomLibrary", "is_external": true, "used_time": 603, "resdescid": "97", "children": [{"tag": "Custom", "is_external": false, "used_time": 1, "children": []}]}, {"tag": "XML_VALUE", "is_external": false, "used_time": 1, "children": []}, {"tag": "XML_VALUE", "is_external": false, "used_time": 1, "children": []}]}]}]}, {"tag": "TemplateClass_Anchor", "is_external": false, "used_time": 1, "children": [{"tag": "repository_TemplateSubSet", "is_external": true, "used_time": 174, "resdescid": "2908351", "children": [{"tag": "CONTENT", "is_external": false, "used_time": 1, "children": []}]}, {"tag": "repository_TemplateSubSet", "is_external": true, "used_time": 97, "resdescid": "278241", "children": [{"tag": "CONTENT", "is_external": false, "used_time": 1, "children": []}]}]}, {"tag": "TemplateClass_Anchor", "is_external": false, "used_time": 1, "children": [{"tag": "repository_LocalContext", "is_external": true, "used_time": 99, "resdescid": "234353", "children": [{"tag": "repository_TemplateSubSet", "is_external": true, "used_time": 107, "resdescid": "277712", "children": [{"tag": "CONTENT", "is_external": false, "used_time": 1, "children": []}]}]}]}, {"tag": "TemplateClass_Anchor", "is_external": false, "used_time": 1, "children": []}, {"tag": "TemplateClass_Anchor", "is_external": false, "used_time": 1, "children": []}, {"tag": "TemplateClass_Anchor", "is_external": false, "used_time": 1, "children": []}, {"tag": "TemplateClass_Anchor", "is_external": false, "used_time": 1, "children": []}, {"tag": "TemplateClass_Anchor", "is_external": false, "used_time": 1, "children": [{"tag": "repository_LocalContext", "is_external": true, "used_time": 82, "resdescid": "278246", "children": [{"tag": "CONTENT", "is_external": false, "used_time": 1, "children": []}, {"tag": "If", "is_external": false, "used_time": 1, "children": [{"tag": "CONTENT", "is_external": false, "used_time": 1, "children": [{"tag": "If_VALUE", "is_external": false, "used_time": 1, "children": [{"tag": "CONDITION_OP", "is_external": false, "used_time": 1, "children": [{"tag": "XML_VALUE", "is_external": false, "used_time": 1, "children": [{"tag": "repository_Variable", "is_external": true, "used_time": 11, "resdescid": "13275", "children": []}]}, {"tag": "XML_VALUE", "is_external": false, "used_time": 1, "children": []}]}, {"tag": "CONDITION_OP", "is_external": false, "used_time": 1, "children": [{"tag": "XML_VALUE", "is_external": false, "used_time": 1, "children": [{"tag": "repository_CustomFunc", "is_external": true, "used_time": 1, "resdescid": "278722", "children": []}]}, {"tag": "XML_VALUE", "is_external": false, "used_time": 1, "children": []}]}, {"tag": "CONDITION_OP", "is_external": false, "used_time": 1, "children": [{"tag": "CONDITION_OP", "is_external": false, "used_time": 1, "children": [{"tag": "XML_VALUE", "is_external": false, "used_time": 1, "children": [{"tag": "repository_Variable", "is_external": true, "used_time": 11, "resdescid": "13275", "children": []}]}, {"tag": "XML_VALUE", "is_external": false, "used_time": 1, "children": []}]}, {"tag": "CONDITION_OP", "is_external": false, "used_time": 1, "children": [{"tag": "XML_VALUE", "is_external": false, "used_time": 1, "children": [{"tag": "repository_CustomFunc", "is_external": true, "used_time": 1, "resdescid": "278722", "children": []}]}, {"tag": "XML_VALUE", "is_external": false, "used_time": 1, "children": []}]}]}]}, {"tag": "If_DEFAULT", "is_external": false, "used_time": 1, "children": []}]}, {"tag": "If_VALUE", "is_external": false, "used_time": 1, "children": [{"tag": "Paragraph", "is_external": false, "used_time": 1, "children": [{"tag": "CONTENT", "is_external": false, "used_time": 1, "children": [{"tag": "LocalVars", "is_external": false, "used_time": 1, "children": []}, {"tag": "STYLE-AUTOMATIC", "is_external": false, "used_time": 1, "children": []}, {"tag": "TEXT", "is_external": false, "used_time": 1, "children": [{"tag": "repository_TextStyle", "is_external": true, "used_time": 259, "resdescid": "204142", "children": [{"tag": "TextStyle", "is_external": false, "used_time": 1, "children": [{"tag": "CONTENT", "is_external": false, "used_time": 1, "children": [{"tag": "PROPERTIES_PARAGRAPH", "is_external": false, "used_time": 1, "children": []}]}, {"tag": "TextStyle", "is_external": false, "used_time": 1, "children": [{"tag": "CONTENT", "is_external": false, "used_time": 1, "children": [{"tag": "PROPERTIES_FONT", "is_external": false, "used_time": 0, "resdescid": "-1", "children": []}]}]}, {"tag": "TextStyle", "is_external": false, "used_time": 1, "children": [{"tag": "CONTENT", "is_external": false, "used_time": 1, "children": [{"tag": "PROPERTIES_FONT", "is_external": false, "used_time": 0, "resdescid": "-1", "children": []}]}]}, {"tag": "TextStyle", "is_external": false, "used_time": 1, "children": [{"tag": "CONTENT", "is_external": false, "used_time": 1, "children": [{"tag": "PROPERTIES_FONT", "is_external": false, "used_time": 0, "resdescid": "-1", "children": []}]}, {"tag": "repository_CustomFunc", "is_external": true, "used_time": 22, "resdescid": "277961", "children": []}]}]}]}]}]}]}]}, {"tag": "If_DEFAULT", "is_external": false, "used_time": 1, "children": [{"tag": "repository_Paragraph", "is_external": true, "used_time": 103, "resdescid": "278178", "children": [{"tag": "CONTENT", "is_external": false, "used_time": 1, "children": [{"tag": "EditableInProduction", "is_external": false, "used_time": 1, "children": []}]}]}]}]}]}]}, {"tag": "TemplateClass_Anchor", "is_external": false, "used_time": 1, "children": [{"tag": "If", "is_external": false, "used_time": 1, "children": [{"tag": "CONTENT", "is_external": false, "used_time": 1, "children": [{"tag": "If_VALUE", "is_external": false, "used_time": 1, "children": [{"tag": "CONDITION_OP", "is_external": false, "used_time": 1, "children": [{"tag": "XML_VALUE", "is_external": false, "used_time": 1, "children": [{"tag": "repository_CustomFunc", "is_external": true, "used_time": 1, "resdescid": "278722", "children": []}]}, {"tag": "XML_VALUE", "is_external": false, "used_time": 1, "children": []}]}]}, {"tag": "If_DEFAULT", "is_external": false, "used_time": 1, "children": []}]}, {"tag": "If_VALUE", "is_external": false, "used_time": 1, "children": [{"tag": "Paragraph", "is_external": false, "used_time": 1, "children": [{"tag": "CONTENT", "is_external": false, "used_time": 1, "children": [{"tag": "LocalVars", "is_external": false, "used_time": 1, "children": []}, {"tag": "STYLE-AUTOMATIC", "is_external": false, "used_time": 1, "children": []}, {"tag": "TEXT", "is_external": false, "used_time": 1, "children": [{"tag": "repository_TextStyle", "is_external": true, "used_time": 259, "resdescid": "204142", "children": [{"tag": "TextStyle", "is_external": false, "used_time": 1, "children": [{"tag": "CONTENT", "is_external": false, "used_time": 1, "children": [{"tag": "PROPERTIES_FONT", "is_external": false, "used_time": 1, "children": []}]}]}, {"tag": "TextStyle", "is_external": false, "used_time": 1, "children": [{"tag": "CONTENT", "is_external": false, "used_time": 1, "children": [{"tag": "PROPERTIES_FONT", "is_external": false, "used_time": 1, "children": []}]}]}]}]}]}]}]}, {"tag": "If_DEFAULT", "is_external": false, "used_time": 1, "children": [{"tag": "Paragraph", "is_external": false, "used_time": 1, "children": [{"tag": "CONTENT", "is_external": false, "used_time": 1, "children": [{"tag": "LocalVars", "is_external": false, "used_time": 1, "children": []}, {"tag": "STYLE-AUTOMATIC", "is_external": false, "used_time": 1, "children": []}, {"tag": "TEXT", "is_external": false, "used_time": 1, "children": [{"tag": "repository_TextStyle", "is_external": true, "used_time": 259, "resdescid": "204142", "children": [{"tag": "TextStyle", "is_external": false, "used_time": 1, "children": [{"tag": "CONTENT", "is_external": false, "used_time": 1, "children": [{"tag": "PROPERTIES_FONT", "is_external": false, "used_time": 1, "children": []}]}]}, {"tag": "TextStyle", "is_external": false, "used_time": 1, "children": [{"tag": "CONTENT", "is_external": false, "used_time": 1, "children": [{"tag": "PROPERTIES_FONT", "is_external": false, "used_time": 1, "children": []}]}]}]}]}]}]}]}]}]}, {"tag": "TemplateClass_Anchor", "is_external": false, "used_time": 1, "children": [{"tag": "repository_TemplateSubSet", "is_external": true, "used_time": 89, "resdescid": "278235", "children": [{"tag": "CONTENT", "is_external": false, "used_time": 1, "children": []}]}, {"tag": "repository_Paragraph", "is_external": true, "used_time": 28, "resdescid": "277714", "children": [{"tag": "CONTENT", "is_external": false, "used_time": 1, "children": [{"tag": "EditableInProduction", "is_external": false, "used_time": 1, "children": []}]}]}]}, {"tag": "TemplateClass_Anchor", "is_external": false, "used_time": 1, "children": [{"tag": "LocalContext", "is_external": false, "used_time": 1, "children": [{"tag": "CONTENT", "is_external": false, "used_time": 1, "children": []}, {"tag": "Paragraph", "is_external": false, "used_time": 1, "children": [{"tag": "CONTENT", "is_external": false, "used_time": 1, "children": [{"tag": "LocalVars", "is_external": false, "used_time": 1, "children": []}, {"tag": "STYLE-AUTOMATIC", "is_external": false, "used_time": 1, "children": []}, {"tag": "TEXT", "is_external": false, "used_time": 1, "children": [{"tag": "repository_TextStyle", "is_external": true, "used_time": 259, "resdescid": "204142", "children": [{"tag": "TextStyle", "is_external": false, "used_time": 1, "children": [{"tag": "CONTENT", "is_external": false, "used_time": 1, "children": [{"tag": "PROPERTIES_PARAGRAPH", "is_external": false, "used_time": 1, "children": []}]}, {"tag": "TextStyle", "is_external": false, "used_time": 1, "children": [{"tag": "CONTENT", "is_external": false, "used_time": 1, "children": [{"tag": "PROPERTIES_FONT", "is_external": false, "used_time": 0, "resdescid": "-1", "children": []}]}]}, {"tag": "TextStyle", "is_external": false, "used_time": 1, "children": [{"tag": "CONTENT", "is_external": false, "used_time": 1, "children": [{"tag": "PROPERTIES_FONT", "is_external": false, "used_time": 0, "resdescid": "-1", "children": []}]}, {"tag": "repository_CustomFunc", "is_external": true, "used_time": 75, "resdescid": "278180", "children": []}]}, {"tag": "TextStyle", "is_external": false, "used_time": 1, "children": [{"tag": "CONTENT", "is_external": false, "used_time": 1, "children": [{"tag": "PROPERTIES_FONT", "is_external": false, "used_time": 0, "resdescid": "-1", "children": []}]}]}]}]}]}]}]}, {"tag": "If", "is_external": false, "used_time": 1, "children": [{"tag": "CONTENT", "is_external": false, "used_time": 1, "children": [{"tag": "If_VALUE", "is_external": false, "used_time": 1, "children": [{"tag": "CONDITION_OP", "is_external": false, "used_time": 1, "children": [{"tag": "XML_VALUE", "is_external": false, "used_time": 1, "children": [{"tag": "repository_Variable", "is_external": true, "used_time": 11, "resdescid": "13275", "children": []}]}, {"tag": "XML_VALUE", "is_external": false, "used_time": 1, "children": []}]}, {"tag": "CONDITION_OP", "is_external": false, "used_time": 1, "children": [{"tag": "XML_VALUE", "is_external": false, "used_time": 1, "children": [{"tag": "repository_CustomFunc", "is_external": true, "used_time": 1, "resdescid": "278722", "children": []}]}, {"tag": "XML_VALUE", "is_external": false, "used_time": 1, "children": []}]}, {"tag": "CONDITION_OP", "is_external": false, "used_time": 1, "children": [{"tag": "CONDITION_OP", "is_external": false, "used_time": 1, "children": [{"tag": "XML_VALUE", "is_external": false, "used_time": 1, "children": [{"tag": "repository_Variable", "is_external": true, "used_time": 11, "resdescid": "13275", "children": []}]}, {"tag": "XML_VALUE", "is_external": false, "used_time": 1, "children": []}]}, {"tag": "CONDITION_OP", "is_external": false, "used_time": 1, "children": [{"tag": "XML_VALUE", "is_external": false, "used_time": 1, "children": [{"tag": "repository_CustomFunc", "is_external": true, "used_time": 1, "resdescid": "278722", "children": []}]}, {"tag": "XML_VALUE", "is_external": false, "used_time": 1, "children": []}]}]}]}, {"tag": "If_DEFAULT", "is_external": false, "used_time": 1, "children": []}]}, {"tag": "If_VALUE", "is_external": false, "used_time": 1, "children": [{"tag": "Table", "is_external": false, "used_time": 1, "children": [{"tag": "CONTENT", "is_external": false, "used_time": 1, "children": [{"tag": "TextStyle", "is_external": false, "used_time": 1, "children": [{"tag": "CONTENT", "is_external": false, "used_time": 1, "children": [{"tag": "PROPERTIES_FONT", "is_external": false, "used_time": 1, "children": []}, {"tag": "PROPERTIES_CELL_ALIGNMENT", "is_external": false, "used_time": 1, "children": []}]}]}, {"tag": "Group", "is_external": false, "used_time": 1, "children": [{"tag": "CONTENT", "is_external": false, "used_time": 1, "children": [{"tag": "Cell", "is_external": false, "used_time": 1, "children": [{"tag": "CONTENT", "is_external": false, "used_time": 1, "children": [{"tag": "Paragraph", "is_external": false, "used_time": 1, "children": [{"tag": "CONTENT", "is_external": false, "used_time": 1, "children": [{"tag": "LocalVars", "is_external": false, "used_time": 1, "children": []}, {"tag": "STYLE-AUTOMATIC", "is_external": false, "used_time": 1, "children": []}, {"tag": "TEXT", "is_external": false, "used_time": 1, "children": [{"tag": "TextStyle", "is_external": false, "used_time": 1, "children": []}]}]}]}]}]}]}, {"tag": "Row", "is_external": false, "used_time": 1, "children": [{"tag": "CONTENT", "is_external": false, "used_time": 1, "children": [{"tag": "Cell", "is_external": false, "used_time": 1, "children": [{"tag": "CONTENT", "is_external": false, "used_time": 1, "children": [{"tag": "TextStyle", "is_external": false, "used_time": 1, "children": [{"tag": "CONTENT", "is_external": false, "used_time": 1, "children": [{"tag": "PROPERTIES_CELL_INSETS", "is_external": false, "used_time": 1, "children": []}]}]}, {"tag": "Paragraph", "is_external": false, "used_time": 1, "children": [{"tag": "CONTENT", "is_external": false, "used_time": 1, "children": [{"tag": "LocalVars", "is_external": false, "used_time": 1, "children": []}, {"tag": "STYLE-AUTOMATIC", "is_external": false, "used_time": 1, "children": []}, {"tag": "TEXT", "is_external": false, "used_time": 1, "children": [{"tag": "TextStyle", "is_external": false, "used_time": 1, "children": [{"tag": "CONTENT", "is_external": false, "used_time": 1, "children": [{"tag": "TextStyle", "is_external": false, "used_time": 1, "children": [{"tag": "CONTENT", "is_external": false, "used_time": 1, "children": [{"tag": "PROPERTIES_PARAGRAPH", "is_external": false, "used_time": 1, "children": []}]}, {"tag": "TextStyle", "is_external": false, "used_time": 1, "children": [{"tag": "CONTENT", "is_external": false, "used_time": 1, "children": [{"tag": "PROPERTIES_FONT", "is_external": false, "used_time": 0, "resdescid": "-1", "children": []}]}]}]}]}]}, {"tag": "TextStyle", "is_external": false, "used_time": 1, "children": [{"tag": "CONTENT", "is_external": false, "used_time": 1, "children": [{"tag": "TextStyle", "is_external": false, "used_time": 1, "children": [{"tag": "CONTENT", "is_external": false, "used_time": 1, "children": [{"tag": "PROPERTIES_PARAGRAPH", "is_external": false, "used_time": 1, "children": []}]}, {"tag": "TextStyle", "is_external": false, "used_time": 1, "children": [{"tag": "CONTENT", "is_external": false, "used_time": 1, "children": [{"tag": "PROPERTIES_FONT", "is_external": false, "used_time": 0, "resdescid": "-1", "children": []}]}]}]}]}]}]}]}]}]}]}]}]}, {"tag": "Row", "is_external": false, "used_time": 1, "children": [{"tag": "CONTENT", "is_external": false, "used_time": 1, "children": [{"tag": "Cell", "is_external": false, "used_time": 1, "children": [{"tag": "CONTENT", "is_external": false, "used_time": 1, "children": [{"tag": "TextStyle", "is_external": false, "used_time": 1, "children": [{"tag": "CONTENT", "is_external": false, "used_time": 1, "children": [{"tag": "PROPERTIES_CELL_INSETS", "is_external": false, "used_time": 1, "children": []}]}]}, {"tag": "Paragraph", "is_external": false, "used_time": 1, "children": [{"tag": "CONTENT", "is_external": false, "used_time": 1, "children": [{"tag": "LocalVars", "is_external": false, "used_time": 1, "children": []}, {"tag": "STYLE-AUTOMATIC", "is_external": false, "used_time": 1, "children": []}, {"tag": "TEXT", "is_external": false, "used_time": 1, "children": [{"tag": "TextStyle", "is_external": false, "used_time": 1, "children": [{"tag": "CONTENT", "is_external": false, "used_time": 1, "children": [{"tag": "TextStyle", "is_external": false, "used_time": 1, "children": [{"tag": "CONTENT", "is_external": false, "used_time": 1, "children": [{"tag": "PROPERTIES_PARAGRAPH", "is_external": false, "used_time": 1, "children": []}]}, {"tag": "TextStyle", "is_external": false, "used_time": 1, "children": [{"tag": "CONTENT", "is_external": false, "used_time": 1, "children": [{"tag": "PROPERTIES_FONT", "is_external": false, "used_time": 0, "resdescid": "-1", "children": []}]}, {"tag": "repository_Variable", "is_external": true, "used_time": 17, "resdescid": "6766", "children": []}]}]}]}]}]}]}]}]}]}]}]}, {"tag": "Row", "is_external": false, "used_time": 1, "children": [{"tag": "CONTENT", "is_external": false, "used_time": 1, "children": [{"tag": "Cell", "is_external": false, "used_time": 1, "children": [{"tag": "CONTENT", "is_external": false, "used_time": 1, "children": [{"tag": "TextStyle", "is_external": false, "used_time": 1, "children": [{"tag": "CONTENT", "is_external": false, "used_time": 1, "children": [{"tag": "PROPERTIES_CELL_INSETS", "is_external": false, "used_time": 1, "children": []}]}]}, {"tag": "Paragraph", "is_external": false, "used_time": 1, "children": [{"tag": "CONTENT", "is_external": false, "used_time": 1, "children": [{"tag": "LocalVars", "is_external": false, "used_time": 1, "children": []}, {"tag": "STYLE-AUTOMATIC", "is_external": false, "used_time": 1, "children": []}, {"tag": "TEXT", "is_external": false, "used_time": 1, "children": [{"tag": "TextStyle", "is_external": false, "used_time": 1, "children": [{"tag": "CONTENT", "is_external": false, "used_time": 1, "children": [{"tag": "TextStyle", "is_external": false, "used_time": 1, "children": [{"tag": "CONTENT", "is_external": false, "used_time": 1, "children": [{"tag": "PROPERTIES_PARAGRAPH", "is_external": false, "used_time": 1, "children": []}]}, {"tag": "TextStyle", "is_external": false, "used_time": 1, "children": [{"tag": "CONTENT", "is_external": false, "used_time": 1, "children": [{"tag": "PROPERTIES_FONT", "is_external": false, "used_time": 0, "resdescid": "-1", "children": []}]}]}]}]}]}]}]}]}]}]}]}]}, {"tag": "Row", "is_external": false, "used_time": 1, "children": [{"tag": "CONTENT", "is_external": false, "used_time": 1, "children": [{"tag": "Cell", "is_external": false, "used_time": 1, "children": [{"tag": "CONTENT", "is_external": false, "used_time": 1, "children": [{"tag": "TextStyle", "is_external": false, "used_time": 1, "children": [{"tag": "CONTENT", "is_external": false, "used_time": 1, "children": [{"tag": "PROPERTIES_CELL_INSETS", "is_external": false, "used_time": 1, "children": []}]}]}, {"tag": "Paragraph", "is_external": false, "used_time": 1, "children": [{"tag": "CONTENT", "is_external": false, "used_time": 1, "children": [{"tag": "LocalVars", "is_external": false, "used_time": 1, "children": []}, {"tag": "STYLE-AUTOMATIC", "is_external": false, "used_time": 1, "children": []}, {"tag": "TEXT", "is_external": false, "used_time": 1, "children": [{"tag": "TextStyle", "is_external": false, "used_time": 1, "children": [{"tag": "CONTENT", "is_external": false, "used_time": 1, "children": [{"tag": "TextStyle", "is_external": false, "used_time": 1, "children": [{"tag": "CONTENT", "is_external": false, "used_time": 1, "children": [{"tag": "PROPERTIES_PARAGRAPH", "is_external": false, "used_time": 1, "children": []}]}, {"tag": "TextStyle", "is_external": false, "used_time": 1, "children": [{"tag": "CONTENT", "is_external": false, "used_time": 1, "children": [{"tag": "PROPERTIES_FONT", "is_external": false, "used_time": 0, "resdescid": "-1", "children": []}]}]}]}]}]}]}]}]}]}]}]}]}, {"tag": "Row", "is_external": false, "used_time": 1, "children": [{"tag": "CONTENT", "is_external": false, "used_time": 1, "children": [{"tag": "Cell", "is_external": false, "used_time": 1, "children": [{"tag": "CONTENT", "is_external": false, "used_time": 1, "children": [{"tag": "TextStyle", "is_external": false, "used_time": 1, "children": [{"tag": "CONTENT", "is_external": false, "used_time": 1, "children": [{"tag": "PROPERTIES_CELL_INSETS", "is_external": false, "used_time": 1, "children": []}]}]}, {"tag": "Paragraph", "is_external": false, "used_time": 1, "children": [{"tag": "CONTENT", "is_external": false, "used_time": 1, "children": [{"tag": "LocalVars", "is_external": false, "used_time": 1, "children": []}, {"tag": "STYLE-AUTOMATIC", "is_external": false, "used_time": 1, "children": []}, {"tag": "TEXT", "is_external": false, "used_time": 1, "children": [{"tag": "TextStyle", "is_external": false, "used_time": 1, "children": [{"tag": "CONTENT", "is_external": false, "used_time": 1, "children": [{"tag": "TextStyle", "is_external": false, "used_time": 1, "children": [{"tag": "CONTENT", "is_external": false, "used_time": 1, "children": [{"tag": "PROPERTIES_PARAGRAPH", "is_external": false, "used_time": 1, "children": []}]}, {"tag": "TextStyle", "is_external": false, "used_time": 1, "children": [{"tag": "CONTENT", "is_external": false, "used_time": 1, "children": [{"tag": "PROPERTIES_FONT", "is_external": false, "used_time": 0, "resdescid": "-1", "children": []}]}]}]}]}]}]}]}]}]}]}]}]}, {"tag": "Row", "is_external": false, "used_time": 1, "children": [{"tag": "CONTENT", "is_external": false, "used_time": 1, "children": [{"tag": "Cell", "is_external": false, "used_time": 1, "children": [{"tag": "CONTENT", "is_external": false, "used_time": 1, "children": [{"tag": "TextStyle", "is_external": false, "used_time": 1, "children": [{"tag": "CONTENT", "is_external": false, "used_time": 1, "children": [{"tag": "PROPERTIES_CELL_INSETS", "is_external": false, "used_time": 1, "children": []}]}]}, {"tag": "Paragraph", "is_external": false, "used_time": 1, "children": [{"tag": "CONTENT", "is_external": false, "used_time": 1, "children": [{"tag": "LocalVars", "is_external": false, "used_time": 1, "children": []}, {"tag": "STYLE-AUTOMATIC", "is_external": false, "used_time": 1, "children": []}, {"tag": "TEXT", "is_external": false, "used_time": 1, "children": [{"tag": "TextStyle", "is_external": false, "used_time": 1, "children": [{"tag": "CONTENT", "is_external": false, "used_time": 1, "children": [{"tag": "TextStyle", "is_external": false, "used_time": 1, "children": [{"tag": "CONTENT", "is_external": false, "used_time": 1, "children": [{"tag": "PROPERTIES_PARAGRAPH", "is_external": false, "used_time": 1, "children": []}]}, {"tag": "TextStyle", "is_external": false, "used_time": 1, "children": [{"tag": "CONTENT", "is_external": false, "used_time": 1, "children": [{"tag": "PROPERTIES_FONT", "is_external": false, "used_time": 0, "resdescid": "-1", "children": []}]}]}, {"tag": "TextStyle", "is_external": false, "used_time": 1, "children": [{"tag": "CONTENT", "is_external": false, "used_time": 1, "children": [{"tag": "PROPERTIES_FONT", "is_external": false, "used_time": 0, "resdescid": "-1", "children": []}]}, {"tag": "CustomFunc", "is_external": false, "used_time": 1, "children": [{"tag": "CONTENT", "is_external": false, "used_time": 1, "children": [{"tag": "XML_VALUE", "is_external": false, "used_time": 1, "children": [{"tag": "repository_CustomLibrary", "is_external": true, "used_time": 45, "resdescid": "230641", "children": [{"tag": "XML_VALUE", "is_external": false, "used_time": 1, "children": []}, {"tag": "CustomFunc", "is_external": false, "used_time": 1, "children": []}]}]}, {"tag": "WIZARD_VALUE", "is_external": false, "used_time": 1, "children": [{"tag": "Parameter", "is_external": false, "used_time": 1, "children": []}]}]}]}]}]}]}]}]}]}]}]}]}]}]}, {"tag": "Row", "is_external": false, "used_time": 1, "children": [{"tag": "CONTENT", "is_external": false, "used_time": 1, "children": [{"tag": "Cell", "is_external": false, "used_time": 1, "children": [{"tag": "CONTENT", "is_external": false, "used_time": 1, "children": [{"tag": "TextStyle", "is_external": false, "used_time": 1, "children": [{"tag": "CONTENT", "is_external": false, "used_time": 1, "children": [{"tag": "PROPERTIES_CELL_INSETS", "is_external": false, "used_time": 1, "children": []}]}]}, {"tag": "Paragraph", "is_external": false, "used_time": 1, "children": [{"tag": "CONTENT", "is_external": false, "used_time": 1, "children": [{"tag": "LocalVars", "is_external": false, "used_time": 1, "children": []}, {"tag": "STYLE-AUTOMATIC", "is_external": false, "used_time": 1, "children": []}, {"tag": "TEXT", "is_external": false, "used_time": 1, "children": [{"tag": "TextStyle", "is_external": false, "used_time": 1, "children": [{"tag": "CONTENT", "is_external": false, "used_time": 1, "children": [{"tag": "TextStyle", "is_external": false, "used_time": 1, "children": [{"tag": "CONTENT", "is_external": false, "used_time": 1, "children": [{"tag": "PROPERTIES_PARAGRAPH", "is_external": false, "used_time": 1, "children": []}]}, {"tag": "TextStyle", "is_external": false, "used_time": 1, "children": [{"tag": "CONTENT", "is_external": false, "used_time": 1, "children": [{"tag": "PROPERTIES_FONT", "is_external": false, "used_time": 0, "resdescid": "-1", "children": []}]}]}, {"tag": "TextStyle", "is_external": false, "used_time": 1, "children": [{"tag": "CONTENT", "is_external": false, "used_time": 1, "children": [{"tag": "PROPERTIES_FONT", "is_external": false, "used_time": 0, "resdescid": "-1", "children": []}]}, {"tag": "CustomFunc", "is_external": false, "used_time": 1, "children": [{"tag": "CONTENT", "is_external": false, "used_time": 1, "children": [{"tag": "XML_VALUE", "is_external": false, "used_time": 1, "children": [{"tag": "repository_CustomLibrary", "is_external": true, "used_time": 45, "resdescid": "230641", "children": [{"tag": "XML_VALUE", "is_external": false, "used_time": 1, "children": []}, {"tag": "CustomFunc", "is_external": false, "used_time": 1, "children": []}]}]}, {"tag": "WIZARD_VALUE", "is_external": false, "used_time": 1, "children": [{"tag": "Parameter", "is_external": false, "used_time": 1, "children": []}]}]}]}]}]}]}]}]}]}]}]}]}]}]}]}, {"tag": "Column", "is_external": false, "used_time": 1, "children": [{"tag": "CONTENT", "is_external": false, "used_time": 1, "children": []}]}]}]}, {"tag": "Table", "is_external": false, "used_time": 1, "children": [{"tag": "CONTENT", "is_external": false, "used_time": 1, "children": [{"tag": "TextStyle", "is_external": false, "used_time": 1, "children": [{"tag": "CONTENT", "is_external": false, "used_time": 1, "children": [{"tag": "PROPERTIES_FONT", "is_external": false, "used_time": 1, "children": []}, {"tag": "PROPERTIES_CELL_ALIGNMENT", "is_external": false, "used_time": 1, "children": []}]}]}, {"tag": "Group", "is_external": false, "used_time": 1, "children": [{"tag": "CONTENT", "is_external": false, "used_time": 1, "children": [{"tag": "Cell", "is_external": false, "used_time": 1, "children": [{"tag": "CONTENT", "is_external": false, "used_time": 1, "children": [{"tag": "Paragraph", "is_external": false, "used_time": 1, "children": [{"tag": "CONTENT", "is_external": false, "used_time": 1, "children": [{"tag": "LocalVars", "is_external": false, "used_time": 1, "children": []}, {"tag": "STYLE-AUTOMATIC", "is_external": false, "used_time": 1, "children": []}, {"tag": "TEXT", "is_external": false, "used_time": 1, "children": [{"tag": "TextStyle", "is_external": false, "used_time": 1, "children": []}]}]}]}]}]}]}, {"tag": "Row", "is_external": false, "used_time": 1, "children": [{"tag": "CONTENT", "is_external": false, "used_time": 1, "children": [{"tag": "Cell", "is_external": false, "used_time": 1, "children": [{"tag": "CONTENT", "is_external": false, "used_time": 1, "children": [{"tag": "TextStyle", "is_external": false, "used_time": 1, "children": [{"tag": "CONTENT", "is_external": false, "used_time": 1, "children": [{"tag": "PROPERTIES_CELL_INSETS", "is_external": false, "used_time": 1, "children": []}]}]}, {"tag": "Paragraph", "is_external": false, "used_time": 1, "children": [{"tag": "CONTENT", "is_external": false, "used_time": 1, "children": [{"tag": "LocalVars", "is_external": false, "used_time": 1, "children": []}, {"tag": "STYLE-AUTOMATIC", "is_external": false, "used_time": 1, "children": []}, {"tag": "TEXT", "is_external": false, "used_time": 1, "children": [{"tag": "TextStyle", "is_external": false, "used_time": 1, "children": [{"tag": "CONTENT", "is_external": false, "used_time": 1, "children": [{"tag": "TextStyle", "is_external": false, "used_time": 1, "children": [{"tag": "CONTENT", "is_external": false, "used_time": 1, "children": [{"tag": "PROPERTIES_PARAGRAPH", "is_external": false, "used_time": 1, "children": []}]}, {"tag": "TextStyle", "is_external": false, "used_time": 1, "children": [{"tag": "CONTENT", "is_external": false, "used_time": 1, "children": [{"tag": "PROPERTIES_FONT", "is_external": false, "used_time": 1, "children": []}]}]}]}]}]}]}]}]}]}]}]}]}, {"tag": "Row", "is_external": false, "used_time": 1, "children": [{"tag": "CONTENT", "is_external": false, "used_time": 1, "children": [{"tag": "Cell", "is_external": false, "used_time": 1, "children": [{"tag": "CONTENT", "is_external": false, "used_time": 1, "children": [{"tag": "TextStyle", "is_external": false, "used_time": 1, "children": [{"tag": "CONTENT", "is_external": false, "used_time": 1, "children": [{"tag": "PROPERTIES_CELL_INSETS", "is_external": false, "used_time": 1, "children": []}]}]}, {"tag": "Paragraph", "is_external": false, "used_time": 1, "children": [{"tag": "CONTENT", "is_external": false, "used_time": 1, "children": [{"tag": "LocalVars", "is_external": false, "used_time": 1, "children": []}, {"tag": "STYLE-AUTOMATIC", "is_external": false, "used_time": 1, "children": []}, {"tag": "TEXT", "is_external": false, "used_time": 1, "children": [{"tag": "TextStyle", "is_external": false, "used_time": 1, "children": [{"tag": "CONTENT", "is_external": false, "used_time": 1, "children": [{"tag": "TextStyle", "is_external": false, "used_time": 1, "children": [{"tag": "CONTENT", "is_external": false, "used_time": 1, "children": [{"tag": "PROPERTIES_PARAGRAPH", "is_external": false, "used_time": 1, "children": []}]}, {"tag": "TextStyle", "is_external": false, "used_time": 1, "children": [{"tag": "CONTENT", "is_external": false, "used_time": 1, "children": [{"tag": "PROPERTIES_FONT", "is_external": false, "used_time": 1, "children": []}]}, {"tag": "repository_Variable", "is_external": true, "used_time": 19, "resdescid": "13135", "children": []}]}]}]}]}]}]}]}]}]}]}]}, {"tag": "Row", "is_external": false, "used_time": 1, "children": [{"tag": "CONTENT", "is_external": false, "used_time": 1, "children": [{"tag": "Cell", "is_external": false, "used_time": 1, "children": [{"tag": "CONTENT", "is_external": false, "used_time": 1, "children": [{"tag": "TextStyle", "is_external": false, "used_time": 1, "children": [{"tag": "CONTENT", "is_external": false, "used_time": 1, "children": [{"tag": "PROPERTIES_CELL_INSETS", "is_external": false, "used_time": 1, "children": []}]}]}, {"tag": "Paragraph", "is_external": false, "used_time": 1, "children": [{"tag": "CONTENT", "is_external": false, "used_time": 1, "children": [{"tag": "LocalVars", "is_external": false, "used_time": 1, "children": []}, {"tag": "STYLE-AUTOMATIC", "is_external": false, "used_time": 1, "children": []}, {"tag": "TEXT", "is_external": false, "used_time": 1, "children": [{"tag": "TextStyle", "is_external": false, "used_time": 1, "children": [{"tag": "CONTENT", "is_external": false, "used_time": 1, "children": [{"tag": "TextStyle", "is_external": false, "used_time": 1, "children": [{"tag": "CONTENT", "is_external": false, "used_time": 1, "children": [{"tag": "PROPERTIES_PARAGRAPH", "is_external": false, "used_time": 1, "children": []}]}, {"tag": "TextStyle", "is_external": false, "used_time": 1, "children": [{"tag": "CONTENT", "is_external": false, "used_time": 1, "children": [{"tag": "PROPERTIES_FONT", "is_external": false, "used_time": 1, "children": []}]}]}, {"tag": "TextStyle", "is_external": false, "used_time": 1, "children": [{"tag": "CONTENT", "is_external": false, "used_time": 1, "children": [{"tag": "PROPERTIES_FONT", "is_external": false, "used_time": 1, "children": []}]}, {"tag": "repository_CustomFunc", "is_external": true, "used_time": 10, "resdescid": "277841", "children": []}]}]}]}]}]}]}]}]}]}]}]}, {"tag": "Row", "is_external": false, "used_time": 1, "children": [{"tag": "CONTENT", "is_external": false, "used_time": 1, "children": [{"tag": "Cell", "is_external": false, "used_time": 1, "children": [{"tag": "CONTENT", "is_external": false, "used_time": 1, "children": [{"tag": "TextStyle", "is_external": false, "used_time": 1, "children": [{"tag": "CONTENT", "is_external": false, "used_time": 1, "children": [{"tag": "PROPERTIES_CELL_INSETS", "is_external": false, "used_time": 1, "children": []}]}]}, {"tag": "Paragraph", "is_external": false, "used_time": 1, "children": [{"tag": "CONTENT", "is_external": false, "used_time": 1, "children": [{"tag": "LocalVars", "is_external": false, "used_time": 1, "children": []}, {"tag": "STYLE-AUTOMATIC", "is_external": false, "used_time": 1, "children": []}, {"tag": "TEXT", "is_external": false, "used_time": 1, "children": [{"tag": "TextStyle", "is_external": false, "used_time": 1, "children": [{"tag": "CONTENT", "is_external": false, "used_time": 1, "children": [{"tag": "TextStyle", "is_external": false, "used_time": 1, "children": [{"tag": "CONTENT", "is_external": false, "used_time": 1, "children": [{"tag": "PROPERTIES_PARAGRAPH", "is_external": false, "used_time": 1, "children": []}]}, {"tag": "TextStyle", "is_external": false, "used_time": 1, "children": [{"tag": "CONTENT", "is_external": false, "used_time": 1, "children": [{"tag": "PROPERTIES_FONT", "is_external": false, "used_time": 1, "children": []}]}, {"tag": "repository_Variable", "is_external": true, "used_time": 12, "resdescid": "6536", "children": []}]}]}]}]}]}]}]}]}]}]}]}]}, {"tag": "Column", "is_external": false, "used_time": 1, "children": [{"tag": "CONTENT", "is_external": false, "used_time": 1, "children": []}]}]}]}]}, {"tag": "If_DEFAULT", "is_external": false, "used_time": 1, "children": [{"tag": "repository_TemplateSubSet", "is_external": true, "used_time": 93, "resdescid": "277843", "children": [{"tag": "CONTENT", "is_external": false, "used_time": 1, "children": []}]}]}]}]}]}, {"tag": "TemplateClass_Anchor", "is_external": false, "used_time": 1, "children": []}, {"tag": "TemplateClass_Anchor", "is_external": false, "used_time": 1, "children": []}, {"tag": "TemplateClass_Anchor", "is_external": false, "used_time": 1, "children": [{"tag": "repository_TemplateSubSet", "is_external": true, "used_time": 66, "resdescid": "277713", "children": [{"tag": "CONTENT", "is_external": false, "used_time": 1, "children": []}]}]}, {"tag": "TemplateClass_Anchor", "is_external": false, "used_time": 1, "children": []}, {"tag": "TemplateClass_Anchor", "is_external": false, "used_time": 1, "children": []}]}, {"tag": "Wizard", "is_external": false, "used_time": 1, "children": [{"tag": "CONTENT", "is_external": false, "used_time": 1, "children": []}, {"tag": "WizardForm", "is_external": false, "used_time": 1, "children": [{"tag": "CONTENT", "is_external": false, "used_time": 1, "children": [{"tag": "repository_WizardRenderer", "is_external": true, "used_time": 190, "resdescid": "278181", "children": [{"tag": "CONTENT", "is_external": false, "used_time": 1, "children": [{"tag": "PROPERTIES_FONT", "is_external": false, "used_time": 1, "children": []}, {"tag": "PROPERTIES_DESCRIPTION_FONT", "is_external": false, "used_time": 1, "children": []}, {"tag": "PROPERTIES_BORDER_WIZ", "is_external": false, "used_time": 1, "children": []}, {"tag": "PROPERTIES_SUB_ELEMENT_INDENT_WIZ", "is_external": false, "used_time": 1, "children": []}, {"tag": "PROPERTIES_DESCRIPTION_SIZE", "is_external": false, "used_time": 1, "children": []}, {"tag": "PROPERTIES_DESCRIPTION_COLOR", "is_external": false, "used_time": 1, "children": []}]}]}]}, {"tag": "WizardGroup", "is_external": false, "used_time": 1, "children": [{"tag": "CONTENT", "is_external": false, "used_time": 1, "children": [{"tag": "WizardGroupArea", "is_external": false, "used_time": 1, "children": [{"tag": "CONTENT", "is_external": false, "used_time": 1, "children": []}]}, {"tag": "WizardGroupArea", "is_external": false, "used_time": 1, "children": [{"tag": "CONTENT", "is_external": false, "used_time": 1, "children": []}]}, {"tag": "WizardGroupArea", "is_external": false, "used_time": 1, "children": [{"tag": "CONTENT", "is_external": false, "used_time": 1, "children": []}]}, {"tag": "WizardGroupArea", "is_external": false, "used_time": 1, "children": [{"tag": "CONTENT", "is_external": false, "used_time": 1, "children": []}]}, {"tag": "WizardGroupArea", "is_external": false, "used_time": 1, "children": [{"tag": "CONTENT", "is_external": false, "used_time": 1, "children": []}]}]}, {"tag": "WizardGroupArea", "is_external": false, "used_time": 1, "children": [{"tag": "CONTENT", "is_external": false, "used_time": 1, "children": []}, {"tag": "WizardFormLabel", "is_external": false, "used_time": 1, "children": [{"tag": "CONTENT", "is_external": false, "used_time": 1, "children": [{"tag": "LocalVars", "is_external": false, "used_time": 1, "children": []}, {"tag": "STYLE-AUTOMATIC", "is_external": false, "used_time": 1, "children": []}, {"tag": "TEXT", "is_external": false, "used_time": 1, "children": [{"tag": "repository_TextStyle", "is_external": true, "used_time": 259, "resdescid": "204142", "children": [{"tag": "TextStyle", "is_external": false, "used_time": 1, "children": [{"tag": "CONTENT", "is_external": false, "used_time": 1, "children": [{"tag": "PROPERTIES_FONT", "is_external": false, "used_time": 1, "children": []}]}]}]}]}]}]}]}, {"tag": "WizardGroupArea", "is_external": false, "used_time": 1, "children": [{"tag": "CONTENT", "is_external": false, "used_time": 1, "children": []}, {"tag": "WizardFormLabel", "is_external": false, "used_time": 1, "children": [{"tag": "CONTENT", "is_external": false, "used_time": 1, "children": [{"tag": "LocalVars", "is_external": false, "used_time": 1, "children": []}, {"tag": "STYLE-AUTOMATIC", "is_external": false, "used_time": 1, "children": []}, {"tag": "TEXT", "is_external": false, "used_time": 1, "children": [{"tag": "repository_TextStyle", "is_external": true, "used_time": 259, "resdescid": "204142", "children": [{"tag": "TextStyle", "is_external": false, "used_time": 1, "children": [{"tag": "CONTENT", "is_external": false, "used_time": 1, "children": [{"tag": "PROPERTIES_FONT", "is_external": false, "used_time": 1, "children": []}]}]}]}]}]}]}, {"tag": "WizardFormLabel", "is_external": false, "used_time": 1, "children": [{"tag": "CONTENT", "is_external": false, "used_time": 1, "children": [{"tag": "LocalVars", "is_external": false, "used_time": 1, "children": []}, {"tag": "STYLE-AUTOMATIC", "is_external": false, "used_time": 1, "children": []}, {"tag": "TEXT", "is_external": false, "used_time": 1, "children": [{"tag": "repository_TextStyle", "is_external": true, "used_time": 259, "resdescid": "204142", "children": [{"tag": "TextStyle", "is_external": false, "used_time": 1, "children": [{"tag": "CONTENT", "is_external": false, "used_time": 1, "children": [{"tag": "PROPERTIES_FONT", "is_external": false, "used_time": 1, "children": []}]}]}]}]}]}]}]}, {"tag": "WizardGroupArea", "is_external": false, "used_time": 1, "children": [{"tag": "CONTENT", "is_external": false, "used_time": 1, "children": []}, {"tag": "repository_CustomFunc", "is_external": true, "used_time": 90, "resdescid": "278245", "children": []}, {"tag": "repository_CustomFunc", "is_external": true, "used_time": 92, "resdescid": "278240", "children": []}]}, {"tag": "WizardGroupArea", "is_external": false, "used_time": 1, "children": [{"tag": "CONTENT", "is_external": false, "used_time": 1, "children": []}]}, {"tag": "WizardGroupArea", "is_external": false, "used_time": 1, "children": [{"tag": "CONTENT", "is_external": false, "used_time": 1, "children": []}]}]}, {"tag": "WizardGroup", "is_external": false, "used_time": 1, "children": [{"tag": "CONTENT", "is_external": false, "used_time": 1, "children": [{"tag": "WizardGroupArea", "is_external": false, "used_time": 1, "children": [{"tag": "CONTENT", "is_external": false, "used_time": 1, "children": []}]}, {"tag": "WizardGroupArea", "is_external": false, "used_time": 1, "children": [{"tag": "CONTENT", "is_external": false, "used_time": 1, "children": []}]}, {"tag": "WizardGroupArea", "is_external": false, "used_time": 1, "children": [{"tag": "CONTENT", "is_external": false, "used_time": 1, "children": []}]}, {"tag": "WizardGroupArea", "is_external": false, "used_time": 1, "children": [{"tag": "CONTENT", "is_external": false, "used_time": 1, "children": []}]}, {"tag": "WizardGroupArea", "is_external": false, "used_time": 1, "children": [{"tag": "CONTENT", "is_external": false, "used_time": 1, "children": []}]}]}, {"tag": "WizardGroupArea", "is_external": false, "used_time": 1, "children": [{"tag": "CONTENT", "is_external": false, "used_time": 1, "children": []}, {"tag": "WizardFormLabel", "is_external": false, "used_time": 1, "children": [{"tag": "CONTENT", "is_external": false, "used_time": 1, "children": [{"tag": "LocalVars", "is_external": false, "used_time": 1, "children": []}, {"tag": "STYLE-AUTOMATIC", "is_external": false, "used_time": 1, "children": []}, {"tag": "TEXT", "is_external": false, "used_time": 1, "children": [{"tag": "repository_TextStyle", "is_external": true, "used_time": 259, "resdescid": "204142", "children": [{"tag": "TextStyle", "is_external": false, "used_time": 1, "children": [{"tag": "CONTENT", "is_external": false, "used_time": 1, "children": [{"tag": "PROPERTIES_FONT", "is_external": false, "used_time": 1, "children": []}]}]}, {"tag": "TextStyle", "is_external": false, "used_time": 1, "children": [{"tag": "CONTENT", "is_external": false, "used_time": 1, "children": [{"tag": "PROPERTIES_FONT", "is_external": false, "used_time": 1, "children": []}]}]}]}]}]}]}]}, {"tag": "WizardGroupArea", "is_external": false, "used_time": 1, "children": [{"tag": "CONTENT", "is_external": false, "used_time": 1, "children": []}, {"tag": "WizardFormLabel", "is_external": false, "used_time": 1, "children": [{"tag": "CONTENT", "is_external": false, "used_time": 1, "children": [{"tag": "LocalVars", "is_external": false, "used_time": 1, "children": []}, {"tag": "STYLE-AUTOMATIC", "is_external": false, "used_time": 1, "children": []}, {"tag": "TEXT", "is_external": false, "used_time": 1, "children": [{"tag": "repository_TextStyle", "is_external": true, "used_time": 259, "resdescid": "204142", "children": []}]}]}]}]}, {"tag": "WizardGroupArea", "is_external": false, "used_time": 1, "children": [{"tag": "CONTENT", "is_external": false, "used_time": 1, "children": []}, {"tag": "repository_CustomFunc", "is_external": true, "used_time": 75, "resdescid": "278180", "children": [{"tag": "Row", "is_external": false, "used_time": 1, "children": [{"tag": "CONTENT", "is_external": false, "used_time": 1, "children": []}]}, {"tag": "Row", "is_external": false, "used_time": 1, "children": [{"tag": "CONTENT", "is_external": false, "used_time": 1, "children": []}]}, {"tag": "Row", "is_external": false, "used_time": 1, "children": [{"tag": "CONTENT", "is_external": false, "used_time": 1, "children": []}]}, {"tag": "Row", "is_external": false, "used_time": 1, "children": [{"tag": "CONTENT", "is_external": false, "used_time": 1, "children": []}]}, {"tag": "Row", "is_external": false, "used_time": 1, "children": [{"tag": "CONTENT", "is_external": false, "used_time": 1, "children": []}]}, {"tag": "Row", "is_external": false, "used_time": 1, "children": [{"tag": "CONTENT", "is_external": false, "used_time": 1, "children": []}]}, {"tag": "Row", "is_external": false, "used_time": 1, "children": [{"tag": "CONTENT", "is_external": false, "used_time": 1, "children": []}]}]}]}, {"tag": "WizardGroupArea", "is_external": false, "used_time": 1, "children": [{"tag": "CONTENT", "is_external": false, "used_time": 1, "children": []}]}, {"tag": "WizardGroupArea", "is_external": false, "used_time": 1, "children": [{"tag": "CONTENT", "is_external": false, "used_time": 1, "children": []}]}]}, {"tag": "WizardGroup", "is_external": false, "used_time": 1, "children": [{"tag": "CONTENT", "is_external": false, "used_time": 1, "children": [{"tag": "WizardGroupArea", "is_external": false, "used_time": 1, "children": [{"tag": "CONTENT", "is_external": false, "used_time": 1, "children": []}]}, {"tag": "WizardGroupArea", "is_external": false, "used_time": 1, "children": [{"tag": "CONTENT", "is_external": false, "used_time": 1, "children": []}]}, {"tag": "WizardGroupArea", "is_external": false, "used_time": 1, "children": [{"tag": "CONTENT", "is_external": false, "used_time": 1, "children": []}]}, {"tag": "WizardGroupArea", "is_external": false, "used_time": 1, "children": [{"tag": "CONTENT", "is_external": false, "used_time": 1, "children": []}]}, {"tag": "WizardGroupArea", "is_external": false, "used_time": 1, "children": [{"tag": "CONTENT", "is_external": false, "used_time": 1, "children": []}]}]}, {"tag": "WizardGroupArea", "is_external": false, "used_time": 1, "children": [{"tag": "CONTENT", "is_external": false, "used_time": 1, "children": []}, {"tag": "WizardFormLabel", "is_external": false, "used_time": 1, "children": [{"tag": "CONTENT", "is_external": false, "used_time": 1, "children": [{"tag": "LocalVars", "is_external": false, "used_time": 1, "children": []}, {"tag": "STYLE-AUTOMATIC", "is_external": false, "used_time": 1, "children": []}, {"tag": "TEXT", "is_external": false, "used_time": 1, "children": [{"tag": "repository_TextStyle", "is_external": true, "used_time": 259, "resdescid": "204142", "children": [{"tag": "TextStyle", "is_external": false, "used_time": 1, "children": [{"tag": "CONTENT", "is_external": false, "used_time": 1, "children": [{"tag": "PROPERTIES_FONT", "is_external": false, "used_time": 1, "children": []}]}]}]}]}]}]}]}, {"tag": "WizardGroupArea", "is_external": false, "used_time": 1, "children": [{"tag": "CONTENT", "is_external": false, "used_time": 1, "children": []}, {"tag": "WizardFormLabel", "is_external": false, "used_time": 1, "children": [{"tag": "CONTENT", "is_external": false, "used_time": 1, "children": [{"tag": "LocalVars", "is_external": false, "used_time": 1, "children": []}, {"tag": "STYLE-AUTOMATIC", "is_external": false, "used_time": 1, "children": []}, {"tag": "TEXT", "is_external": false, "used_time": 1, "children": [{"tag": "repository_TextStyle", "is_external": true, "used_time": 259, "resdescid": "204142", "children": []}]}]}]}]}, {"tag": "WizardGroupArea", "is_external": false, "used_time": 1, "children": [{"tag": "CONTENT", "is_external": false, "used_time": 1, "children": []}, {"tag": "repository_CustomFunc", "is_external": true, "used_time": 1, "resdescid": "278722", "children": [{"tag": "Row", "is_external": false, "used_time": 1, "children": [{"tag": "CONTENT", "is_external": false, "used_time": 1, "children": []}]}, {"tag": "Row", "is_external": false, "used_time": 1, "children": [{"tag": "CONTENT", "is_external": false, "used_time": 1, "children": []}]}]}]}, {"tag": "WizardGroupArea", "is_external": false, "used_time": 1, "children": [{"tag": "CONTENT", "is_external": false, "used_time": 1, "children": []}]}, {"tag": "WizardGroupArea", "is_external": false, "used_time": 1, "children": [{"tag": "CONTENT", "is_external": false, "used_time": 1, "children": []}]}]}, {"tag": "WizardGroup", "is_external": false, "used_time": 1, "children": [{"tag": "CONTENT", "is_external": false, "used_time": 1, "children": [{"tag": "WizardGroupArea", "is_external": false, "used_time": 1, "children": [{"tag": "CONTENT", "is_external": false, "used_time": 1, "children": []}]}, {"tag": "WizardGroupArea", "is_external": false, "used_time": 1, "children": [{"tag": "CONTENT", "is_external": false, "used_time": 1, "children": []}]}, {"tag": "WizardGroupArea", "is_external": false, "used_time": 1, "children": [{"tag": "CONTENT", "is_external": false, "used_time": 1, "children": []}]}, {"tag": "WizardGroupArea", "is_external": false, "used_time": 1, "children": [{"tag": "CONTENT", "is_external": false, "used_time": 1, "children": []}]}, {"tag": "WizardGroupArea", "is_external": false, "used_time": 1, "children": [{"tag": "CONTENT", "is_external": false, "used_time": 1, "children": []}]}]}, {"tag": "WizardGroupArea", "is_external": false, "used_time": 1, "children": [{"tag": "CONTENT", "is_external": false, "used_time": 1, "children": []}, {"tag": "WizardFormLabel", "is_external": false, "used_time": 1, "children": [{"tag": "CONTENT", "is_external": false, "used_time": 1, "children": [{"tag": "LocalVars", "is_external": false, "used_time": 1, "children": []}, {"tag": "STYLE-AUTOMATIC", "is_external": false, "used_time": 1, "children": []}, {"tag": "TEXT", "is_external": false, "used_time": 1, "children": [{"tag": "repository_TextStyle", "is_external": true, "used_time": 259, "resdescid": "204142", "children": [{"tag": "TextStyle", "is_external": false, "used_time": 1, "children": [{"tag": "CONTENT", "is_external": false, "used_time": 1, "children": [{"tag": "PROPERTIES_FONT", "is_external": false, "used_time": 1, "children": []}]}]}, {"tag": "TextStyle", "is_external": false, "used_time": 1, "children": [{"tag": "CONTENT", "is_external": false, "used_time": 1, "children": [{"tag": "PROPERTIES_FONT", "is_external": false, "used_time": 1, "children": []}]}]}]}]}]}]}]}, {"tag": "WizardGroupArea", "is_external": false, "used_time": 1, "children": [{"tag": "CONTENT", "is_external": false, "used_time": 1, "children": []}, {"tag": "WizardFormLabel", "is_external": false, "used_time": 1, "children": [{"tag": "CONTENT", "is_external": false, "used_time": 1, "children": [{"tag": "LocalVars", "is_external": false, "used_time": 1, "children": []}, {"tag": "STYLE-AUTOMATIC", "is_external": false, "used_time": 1, "children": []}, {"tag": "TEXT", "is_external": false, "used_time": 1, "children": [{"tag": "repository_TextStyle", "is_external": true, "used_time": 259, "resdescid": "204142", "children": []}]}]}]}]}, {"tag": "WizardGroupArea", "is_external": false, "used_time": 1, "children": [{"tag": "CONTENT", "is_external": false, "used_time": 1, "children": []}, {"tag": "repository_Paragraph", "is_external": true, "used_time": 28, "resdescid": "277714", "children": [{"tag": "CONTENT", "is_external": false, "used_time": 1, "children": []}]}]}, {"tag": "WizardGroupArea", "is_external": false, "used_time": 1, "children": []}, {"tag": "WizardGroupArea", "is_external": false, "used_time": 1, "children": [{"tag": "CONTENT", "is_external": false, "used_time": 1, "children": []}, {"tag": "WizardFormLabel", "is_external": false, "used_time": 1, "children": [{"tag": "CONTENT", "is_external": false, "used_time": 1, "children": [{"tag": "LocalVars", "is_external": false, "used_time": 1, "children": []}, {"tag": "STYLE-AUTOMATIC", "is_external": false, "used_time": 1, "children": []}, {"tag": "TEXT", "is_external": false, "used_time": 1, "children": [{"tag": "repository_TextStyle", "is_external": true, "used_time": 132, "resdescid": "231550", "children": [{"tag": "TextStyle", "is_external": false, "used_time": 1, "children": [{"tag": "CONTENT", "is_external": false, "used_time": 1, "children": [{"tag": "PROPERTIES_FONT", "is_external": false, "used_time": 1, "children": []}]}]}, {"tag": "TextStyle", "is_external": false, "used_time": 1, "children": [{"tag": "CONTENT", "is_external": false, "used_time": 1, "children": [{"tag": "PROPERTIES_FONT", "is_external": false, "used_time": 1, "children": []}]}]}]}]}]}]}]}]}, {"tag": "WizardGroup", "is_external": false, "used_time": 1, "children": [{"tag": "CONTENT", "is_external": false, "used_time": 1, "children": [{"tag": "WizardGroupArea", "is_external": false, "used_time": 1, "children": [{"tag": "CONTENT", "is_external": false, "used_time": 1, "children": []}]}]}, {"tag": "WizardGroupArea", "is_external": false, "used_time": 1, "children": [{"tag": "CONTENT", "is_external": false, "used_time": 1, "children": []}, {"tag": "repository_If", "is_external": true, "used_time": 188, "resdescid": "277648", "children": [{"tag": "CONTENT", "is_external": false, "used_time": 1, "children": []}, {"tag": "If_VALUE", "is_external": false, "used_time": 1, "children": [{"tag": "WizardAction", "is_external": false, "used_time": 1, "children": [{"tag": "CONTENT", "is_external": false, "used_time": 1, "children": [{"tag": "label", "is_external": false, "used_time": 1, "children": [{"tag": "XML_VALUE", "is_external": false, "used_time": 1, "children": []}]}]}]}, {"tag": "WizardTemplateViewer", "is_external": false, "used_time": 1, "children": [{"tag": "CONTENT", "is_external": false, "used_time": 1, "children": []}]}]}, {"tag": "If_DEFAULT", "is_external": false, "used_time": 1, "children": [{"tag": "WizardAction", "is_external": false, "used_time": 1, "children": [{"tag": "CONTENT", "is_external": false, "used_time": 1, "children": [{"tag": "label", "is_external": false, "used_time": 1, "children": [{"tag": "XML_VALUE", "is_external": false, "used_time": 1, "children": []}]}]}]}]}]}]}]}]}]}]}]}