{"tag": "repository_Template", "attributes": {"activated": "false", "date": "2023-09-29 09_11_21.259", "description": "envoi convention de reglement", "domainid": "1942", "id": "14684142", "isPlugin": "false", "lastFunctionDate": "2023-09-29 09_11_21.259", "lastFunctionParent": "30", "lastFunctionUser": "1", "name": "MRDRGLE01_MARQUE-02", "resdescid": "422189", "subtypes": "63", "version": "1.5"}, "children": [{"tag": "CONTENT", "attributes": {"WZ_actionrule": "xsl/default", "WZ_viewname": "css/default", "assembly_opt": "", "codr_drv_opt": "", "currentZoom": "100", "debugMode": "0", "defaultTextStyle": "23", "indexingType": "Document", "indexingVarList": "\"IndexList\"", "maxIdTemplate": "344", "messageFilter": "", "monoDataLoader": "true", "pdf_opt": "", "tagVersion": "E_P3_1_2_2_3q11"}, "children": [{"tag": "repository_TextStyle", "is_external": true, "used_time": 185, "resdescid": "4271", "children": []}, {"tag": "repository_DataManager", "is_external": true, "used_time": 11, "resdescid": "10434", "children": []}, {"tag": "inputData", "is_external": false, "used_time": 1, "children": []}, {"tag": "indexData", "is_external": false, "used_time": 1, "children": [{"tag": "SimpleSubstitutionTable", "is_external": false, "used_time": 1, "children": [{"tag": "CONTENT", "is_external": false, "used_time": 1, "children": [{"tag": "Row", "is_external": false, "used_time": 1, "children": [{"tag": "CONTENT", "is_external": false, "used_time": 1, "children": [{"tag": "Cell", "is_external": false, "used_time": 1, "children": [{"tag": "CONTENT", "is_external": false, "used_time": 1, "children": [{"tag": "XML_VALUE", "is_external": false, "used_time": 1, "children": []}]}]}]}]}, {"tag": "Column", "is_external": false, "used_time": 1, "children": [{"tag": "CONTENT", "is_external": false, "used_time": 1, "children": [{"tag": "name", "is_external": false, "used_time": 1, "children": [{"tag": "XML_VALUE", "is_external": false, "used_time": 1, "children": []}]}]}]}]}]}]}, {"tag": "repository_PageContext", "is_external": true, "used_time": 61, "resdescid": "55199", "children": [{"tag": "CONTENT", "is_external": false, "used_time": 1, "children": []}, {"tag": "FirstHeader", "is_external": false, "used_time": 1, "children": [{"tag": "repository_CustomObject", "is_external": true, "used_time": 177, "resdescid": "55198", "children": []}, {"tag": "If", "is_external": false, "used_time": 1, "children": [{"tag": "CONTENT", "is_external": false, "used_time": 1, "children": [{"tag": "If_VALUE", "is_external": false, "used_time": 1, "children": [{"tag": "CONDITION_OP", "is_external": false, "used_time": 1, "children": [{"tag": "XML_VALUE", "is_external": false, "used_time": 1, "children": [{"tag": "repository_Variable", "is_external": true, "used_time": 13, "resdescid": "3945", "children": []}]}, {"tag": "XML_VALUE", "is_external": false, "used_time": 1, "children": []}]}]}]}, {"tag": "If_VALUE", "is_external": false, "used_time": 1, "children": [{"tag": "CONTENT", "is_external": false, "used_time": 1, "children": []}, {"tag": "CustomObject", "is_external": false, "used_time": 1, "children": [{"tag": "CONTENT", "is_external": false, "used_time": 1, "children": [{"tag": "repository_CustomLibrary", "is_external": true, "used_time": 118, "resdescid": "600", "children": [{"tag": "CustomObject", "is_external": false, "used_time": 1, "children": []}]}]}]}]}]}, {"tag": "CustomObject", "is_external": false, "used_time": 1, "children": [{"tag": "CONTENT", "is_external": false, "used_time": 1, "children": [{"tag": "repository_CustomLibrary", "is_external": true, "used_time": 365, "resdescid": "679", "children": [{"tag": "CustomObject", "is_external": false, "used_time": 1, "children": []}]}]}]}, {"tag": "CustomObject", "is_external": false, "used_time": 1, "children": [{"tag": "CONTENT", "is_external": false, "used_time": 1, "children": [{"tag": "repository_CustomLibrary", "is_external": true, "used_time": 365, "resdescid": "679", "children": [{"tag": "CustomObject", "is_external": false, "used_time": 1, "children": []}]}]}]}, {"tag": "repository_TemplateSubSet", "is_external": true, "used_time": 46, "resdescid": "55201", "children": [{"tag": "CONTENT", "is_external": false, "used_time": 1, "children": []}]}, {"tag": "repository_LocalContext", "is_external": true, "used_time": 61, "resdescid": "5389", "children": []}, {"tag": "repository_TemplateSubSet", "is_external": true, "used_time": 79, "resdescid": "5383", "children": [{"tag": "CONTENT", "is_external": false, "used_time": 1, "children": []}]}, {"tag": "MessageLoop", "is_external": false, "used_time": 1, "children": [{"tag": "CONTENT", "is_external": false, "used_time": 1, "children": []}]}, {"tag": "MessageLoop", "is_external": false, "used_time": 1, "children": [{"tag": "CONTENT", "is_external": false, "used_time": 1, "children": [{"tag": "repository_DataManager", "is_external": true, "used_time": 23, "resdescid": "4909", "children": []}]}, {"tag": "MessageLoop", "is_external": false, "used_time": 1, "children": [{"tag": "CONTENT", "is_external": false, "used_time": 1, "children": [{"tag": "repository_DataManager", "is_external": true, "used_time": 23, "resdescid": "4909", "children": []}]}]}]}, {"tag": "CustomObject", "is_external": false, "used_time": 1, "children": [{"tag": "CONTENT", "is_external": false, "used_time": 1, "children": [{"tag": "repository_CustomLibrary", "is_external": true, "used_time": 603, "resdescid": "97", "children": [{"tag": "CustomObject", "is_external": false, "used_time": 1, "children": []}]}, {"tag": "XML_VALUE", "is_external": false, "used_time": 1, "children": []}, {"tag": "XML_VALUE", "is_external": false, "used_time": 1, "children": []}]}]}, {"tag": "CustomObject", "is_external": false, "used_time": 1, "children": [{"tag": "CONTENT", "is_external": false, "used_time": 1, "children": [{"tag": "repository_CustomLibrary", "is_external": true, "used_time": 603, "resdescid": "97", "children": [{"tag": "CustomObject", "is_external": false, "used_time": 1, "children": []}]}, {"tag": "XML_VALUE", "is_external": false, "used_time": 1, "children": []}, {"tag": "XML_VALUE", "is_external": false, "used_time": 1, "children": []}]}]}, {"tag": "repository_TemplateSubSet", "is_external": true, "used_time": 4, "resdescid": "359925", "children": [{"tag": "CONTENT", "is_external": false, "used_time": 1, "children": []}]}, {"tag": "repository_TemplateSubSet", "is_external": true, "used_time": 18, "resdescid": "5766", "children": [{"tag": "CONTENT", "is_external": false, "used_time": 1, "children": []}]}, {"tag": "repository_TemplateSubSet", "is_external": true, "used_time": 21, "resdescid": "5600", "children": [{"tag": "CONTENT", "is_external": false, "used_time": 1, "children": []}]}]}, {"tag": "Header", "is_external": false, "used_time": 1, "children": [{"tag": "CustomObject", "is_external": false, "used_time": 1, "children": [{"tag": "CONTENT", "is_external": false, "used_time": 1, "children": [{"tag": "repository_CustomLibrary", "is_external": true, "used_time": 365, "resdescid": "679", "children": [{"tag": "CustomObject", "is_external": false, "used_time": 1, "children": []}]}]}]}, {"tag": "repository_LocalContext", "is_external": true, "used_time": 61, "resdescid": "5389", "children": []}, {"tag": "repository_TemplateSubSet", "is_external": true, "used_time": 79, "resdescid": "5383", "children": [{"tag": "CONTENT", "is_external": false, "used_time": 1, "children": []}]}]}, {"tag": "Body", "is_external": false, "used_time": 1, "children": [{"tag": "CustomObject", "is_external": false, "used_time": 1, "children": [{"tag": "CONTENT", "is_external": false, "used_time": 1, "children": [{"tag": "repository_CustomLibrary", "is_external": true, "used_time": 365, "resdescid": "679", "children": [{"tag": "CustomObject", "is_external": false, "used_time": 1, "children": []}]}]}]}, {"tag": "LocalContext", "is_external": false, "used_time": 1, "children": [{"tag": "CONTENT", "is_external": false, "used_time": 1, "children": []}, {"tag": "MultipleText", "is_external": false, "used_time": 1, "children": [{"tag": "CONTENT", "is_external": false, "used_time": 1, "children": [{"tag": "If_VALUE", "is_external": false, "used_time": 1, "children": [{"tag": "CONDITION_OP", "is_external": false, "used_time": 1, "children": [{"tag": "XML_VALUE", "is_external": false, "used_time": 1, "children": [{"tag": "repository_Variable", "is_external": true, "used_time": 2, "resdescid": "10316", "children": []}]}, {"tag": "XML_VALUE", "is_external": false, "used_time": 1, "children": []}]}]}, {"tag": "If_VALUE", "is_external": false, "used_time": 1, "children": [{"tag": "CONDITION_OP", "is_external": false, "used_time": 1, "children": [{"tag": "XML_VALUE", "is_external": false, "used_time": 1, "children": [{"tag": "repository_Variable", "is_external": true, "used_time": 2, "resdescid": "10316", "children": []}]}, {"tag": "XML_VALUE", "is_external": false, "used_time": 1, "children": []}]}]}]}, {"tag": "If_VALUE", "is_external": false, "used_time": 1, "children": [{"tag": "MultipleText", "is_external": false, "used_time": 1, "children": [{"tag": "CONTENT", "is_external": false, "used_time": 1, "children": [{"tag": "If_VALUE", "is_external": false, "used_time": 1, "children": [{"tag": "CONDITION_OP", "is_external": false, "used_time": 1, "children": [{"tag": "XML_VALUE", "is_external": false, "used_time": 1, "children": [{"tag": "repository_Variable", "is_external": true, "used_time": 2, "resdescid": "10319", "children": []}]}, {"tag": "XML_VALUE", "is_external": false, "used_time": 1, "children": []}]}, {"tag": "CONDITION_OP", "is_external": false, "used_time": 1, "children": [{"tag": "XML_VALUE", "is_external": false, "used_time": 1, "children": [{"tag": "repository_Variable", "is_external": true, "used_time": 2, "resdescid": "10319", "children": []}]}, {"tag": "XML_VALUE", "is_external": false, "used_time": 1, "children": []}]}, {"tag": "CONDITION_OP", "is_external": false, "used_time": 1, "children": [{"tag": "CONDITION_OP", "is_external": false, "used_time": 1, "children": [{"tag": "XML_VALUE", "is_external": false, "used_time": 1, "children": [{"tag": "repository_Variable", "is_external": true, "used_time": 2, "resdescid": "10319", "children": []}]}, {"tag": "XML_VALUE", "is_external": false, "used_time": 1, "children": []}]}, {"tag": "CONDITION_OP", "is_external": false, "used_time": 1, "children": [{"tag": "XML_VALUE", "is_external": false, "used_time": 1, "children": [{"tag": "repository_Variable", "is_external": true, "used_time": 2, "resdescid": "10319", "children": []}]}, {"tag": "XML_VALUE", "is_external": false, "used_time": 1, "children": []}]}]}]}, {"tag": "If_VALUE", "is_external": false, "used_time": 1, "children": [{"tag": "CONDITION_OP", "is_external": false, "used_time": 1, "children": [{"tag": "XML_VALUE", "is_external": false, "used_time": 1, "children": [{"tag": "repository_Variable", "is_external": true, "used_time": 2, "resdescid": "10319", "children": []}]}, {"tag": "XML_VALUE", "is_external": false, "used_time": 1, "children": []}]}]}]}, {"tag": "If_VALUE", "is_external": false, "used_time": 1, "children": [{"tag": "CustomObject", "is_external": false, "used_time": 1, "children": [{"tag": "CONTENT", "is_external": false, "used_time": 1, "children": [{"tag": "repository_CustomLibrary", "is_external": true, "used_time": 603, "resdescid": "97", "children": [{"tag": "CustomObject", "is_external": false, "used_time": 1, "children": []}]}, {"tag": "XML_VALUE", "is_external": false, "used_time": 1, "children": []}, {"tag": "XML_VALUE", "is_external": false, "used_time": 1, "children": []}]}]}]}, {"tag": "If_VALUE", "is_external": false, "used_time": 1, "children": [{"tag": "CustomObject", "is_external": false, "used_time": 1, "children": [{"tag": "CONTENT", "is_external": false, "used_time": 1, "children": [{"tag": "repository_CustomLibrary", "is_external": true, "used_time": 603, "resdescid": "97", "children": [{"tag": "CustomObject", "is_external": false, "used_time": 1, "children": []}]}, {"tag": "XML_VALUE", "is_external": false, "used_time": 1, "children": []}, {"tag": "XML_VALUE", "is_external": false, "used_time": 1, "children": []}]}]}]}]}]}, {"tag": "If_VALUE", "is_external": false, "used_time": 1, "children": [{"tag": "MultipleText", "is_external": false, "used_time": 1, "children": [{"tag": "CONTENT", "is_external": false, "used_time": 1, "children": [{"tag": "If_VALUE", "is_external": false, "used_time": 1, "children": [{"tag": "CONDITION_OP", "is_external": false, "used_time": 1, "children": [{"tag": "XML_VALUE", "is_external": false, "used_time": 1, "children": [{"tag": "repository_Variable", "is_external": true, "used_time": 2, "resdescid": "10319", "children": []}]}, {"tag": "XML_VALUE", "is_external": false, "used_time": 1, "children": []}]}, {"tag": "CONDITION_OP", "is_external": false, "used_time": 1, "children": [{"tag": "XML_VALUE", "is_external": false, "used_time": 1, "children": [{"tag": "repository_Variable", "is_external": true, "used_time": 2, "resdescid": "10319", "children": []}]}, {"tag": "XML_VALUE", "is_external": false, "used_time": 1, "children": []}]}, {"tag": "CONDITION_OP", "is_external": false, "used_time": 1, "children": [{"tag": "CONDITION_OP", "is_external": false, "used_time": 1, "children": [{"tag": "XML_VALUE", "is_external": false, "used_time": 1, "children": [{"tag": "repository_Variable", "is_external": true, "used_time": 2, "resdescid": "10319", "children": []}]}, {"tag": "XML_VALUE", "is_external": false, "used_time": 1, "children": []}]}, {"tag": "CONDITION_OP", "is_external": false, "used_time": 1, "children": [{"tag": "XML_VALUE", "is_external": false, "used_time": 1, "children": [{"tag": "repository_Variable", "is_external": true, "used_time": 2, "resdescid": "10319", "children": []}]}, {"tag": "XML_VALUE", "is_external": false, "used_time": 1, "children": []}]}]}]}, {"tag": "If_VALUE", "is_external": false, "used_time": 1, "children": [{"tag": "CONDITION_OP", "is_external": false, "used_time": 1, "children": [{"tag": "XML_VALUE", "is_external": false, "used_time": 1, "children": [{"tag": "repository_Variable", "is_external": true, "used_time": 2, "resdescid": "10319", "children": []}]}, {"tag": "XML_VALUE", "is_external": false, "used_time": 1, "children": []}]}]}]}, {"tag": "If_VALUE", "is_external": false, "used_time": 1, "children": [{"tag": "CustomObject", "is_external": false, "used_time": 1, "children": [{"tag": "CONTENT", "is_external": false, "used_time": 1, "children": [{"tag": "repository_CustomLibrary", "is_external": true, "used_time": 603, "resdescid": "97", "children": [{"tag": "CustomObject", "is_external": false, "used_time": 1, "children": []}]}, {"tag": "XML_VALUE", "is_external": false, "used_time": 1, "children": []}, {"tag": "XML_VALUE", "is_external": false, "used_time": 1, "children": []}]}]}]}, {"tag": "If_VALUE", "is_external": false, "used_time": 1, "children": [{"tag": "CustomObject", "is_external": false, "used_time": 1, "children": [{"tag": "CONTENT", "is_external": false, "used_time": 1, "children": [{"tag": "repository_CustomLibrary", "is_external": true, "used_time": 603, "resdescid": "97", "children": [{"tag": "CustomObject", "is_external": false, "used_time": 1, "children": []}]}, {"tag": "XML_VALUE", "is_external": false, "used_time": 1, "children": []}, {"tag": "XML_VALUE", "is_external": false, "used_time": 1, "children": []}]}]}]}]}]}]}, {"tag": "Paragraph", "is_external": false, "used_time": 1, "children": [{"tag": "CONTENT", "is_external": false, "used_time": 1, "children": [{"tag": "repository_DataManager", "is_external": true, "used_time": 11, "resdescid": "10434", "children": []}, {"tag": "LocalVars", "is_external": false, "used_time": 1, "children": []}, {"tag": "STYLE-AUTOMATIC", "is_external": false, "used_time": 1, "children": []}, {"tag": "TEXT", "is_external": false, "used_time": 1, "children": [{"tag": "repository_TextStyle", "is_external": true, "used_time": 88, "resdescid": "5235", "children": [{"tag": "TextStyle", "is_external": false, "used_time": 1, "children": [{"tag": "CONTENT", "is_external": false, "used_time": 1, "children": [{"tag": "PROPERTIES_FONT", "is_external": false, "used_time": 1, "children": []}]}]}, {"tag": "tab", "is_external": false, "used_time": 1, "children": []}, {"tag": "TextStyle", "is_external": false, "used_time": 1, "children": [{"tag": "CONTENT", "is_external": false, "used_time": 1, "children": [{"tag": "PROPERTIES_FONT", "is_external": false, "used_time": 1, "children": []}]}, {"tag": "repository_Variable", "is_external": true, "used_time": 3, "resdescid": "10321", "children": []}]}, {"tag": "TextStyle", "is_external": false, "used_time": 1, "children": [{"tag": "CONTENT", "is_external": false, "used_time": 1, "children": [{"tag": "PROPERTIES_FONT", "is_external": false, "used_time": 1, "children": []}]}]}, {"tag": "repository_Variable", "is_external": true, "used_time": 3, "resdescid": "10322", "children": []}]}, {"tag": "repository_TextStyle", "is_external": true, "used_time": 88, "resdescid": "5235", "children": [{"tag": "tab", "is_external": false, "used_time": 1, "children": []}, {"tag": "CustomFunc", "is_external": false, "used_time": 1, "children": [{"tag": "CONTENT", "is_external": false, "used_time": 1, "children": [{"tag": "XML_VALUE", "is_external": false, "used_time": 1, "children": [{"tag": "repository_CustomLibrary", "is_external": true, "used_time": 257, "resdescid": "74", "children": [{"tag": "XML_VALUE", "is_external": false, "used_time": 1, "children": [{"tag": "repository_Variable", "is_external": true, "used_time": 3, "resdescid": "10321", "children": []}]}, {"tag": "XML_VALUE", "is_external": false, "used_time": 1, "children": []}, {"tag": "XML_VALUE", "is_external": false, "used_time": 1, "children": [{"tag": "repository_Variable", "is_external": true, "used_time": 2, "resdescid": "10319", "children": []}]}, {"tag": "XML_VALUE", "is_external": false, "used_time": 1, "children": []}, {"tag": "CustomFunc", "is_external": false, "used_time": 1, "children": []}]}]}, {"tag": "WIZARD_VALUE", "is_external": false, "used_time": 1, "children": [{"tag": "Parameter", "is_external": false, "used_time": 1, "children": []}]}]}]}]}]}]}]}]}, {"tag": "repository_TemplateSubSet", "is_external": true, "used_time": 51, "resdescid": "51882", "children": [{"tag": "CONTENT", "is_external": false, "used_time": 1, "children": []}]}, {"tag": "repository_TemplateSubSet", "is_external": true, "used_time": 10, "resdescid": "31986", "children": [{"tag": "CONTENT", "is_external": false, "used_time": 1, "children": []}]}, {"tag": "Paragraph", "is_external": false, "used_time": 1, "children": [{"tag": "CONTENT", "is_external": false, "used_time": 1, "children": [{"tag": "LocalVars", "is_external": false, "used_time": 1, "children": []}, {"tag": "STYLE-AUTOMATIC", "is_external": false, "used_time": 1, "children": []}, {"tag": "TEXT", "is_external": false, "used_time": 1, "children": [{"tag": "repository_TextStyle", "is_external": true, "used_time": 280, "resdescid": "4346", "children": [{"tag": "TextStyle", "is_external": false, "used_time": 1, "children": [{"tag": "CONTENT", "is_external": false, "used_time": 1, "children": [{"tag": "PROPERTIES_FONT", "is_external": false, "used_time": 1, "children": []}]}]}, {"tag": "CustomFunc", "is_external": false, "used_time": 1, "children": [{"tag": "CONTENT", "is_external": false, "used_time": 1, "children": [{"tag": "XML_VALUE", "is_external": false, "used_time": 1, "children": [{"tag": "repository_CustomLibrary", "is_external": true, "used_time": 257, "resdescid": "74", "children": [{"tag": "XML_VALUE", "is_external": false, "used_time": 1, "children": [{"tag": "repository_Variable", "is_external": true, "used_time": 3, "resdescid": "10321", "children": []}]}, {"tag": "XML_VALUE", "is_external": false, "used_time": 1, "children": []}, {"tag": "XML_VALUE", "is_external": false, "used_time": 1, "children": [{"tag": "repository_Variable", "is_external": true, "used_time": 2, "resdescid": "10319", "children": []}]}, {"tag": "XML_VALUE", "is_external": false, "used_time": 1, "children": []}, {"tag": "CustomFunc", "is_external": false, "used_time": 1, "children": []}]}]}, {"tag": "WIZARD_VALUE", "is_external": false, "used_time": 1, "children": [{"tag": "Parameter", "is_external": false, "used_time": 1, "children": []}]}]}]}]}, {"tag": "repository_TextStyle", "is_external": true, "used_time": 24, "resdescid": "19556", "children": []}, {"tag": "repository_TextStyle", "is_external": true, "used_time": 280, "resdescid": "4346", "children": []}]}]}]}, {"tag": "LocalContext", "is_external": false, "used_time": 1, "children": [{"tag": "CONTENT", "is_external": false, "used_time": 1, "children": []}, {"tag": "repository_Paragraph", "is_external": true, "used_time": 2, "resdescid": "422185", "children": [{"tag": "CONTENT", "is_external": false, "used_time": 1, "children": []}]}, {"tag": "repository_TemplateSubSet", "is_external": true, "used_time": 7, "resdescid": "290742", "children": [{"tag": "CONTENT", "is_external": false, "used_time": 1, "children": []}]}]}, {"tag": "LocalContext", "is_external": false, "used_time": 1, "children": [{"tag": "CONTENT", "is_external": false, "used_time": 1, "children": []}, {"tag": "If", "is_external": false, "used_time": 1, "children": [{"tag": "CONTENT", "is_external": false, "used_time": 1, "children": [{"tag": "If_VALUE", "is_external": false, "used_time": 1, "children": [{"tag": "CONDITION_OP", "is_external": false, "used_time": 1, "children": [{"tag": "XML_VALUE", "is_external": false, "used_time": 1, "children": [{"tag": "repository_Variable", "is_external": true, "used_time": 2, "resdescid": "4687", "children": []}]}, {"tag": "XML_VALUE", "is_external": false, "used_time": 1, "children": []}]}, {"tag": "CONDITION_OP", "is_external": false, "used_time": 1, "children": [{"tag": "XML_VALUE", "is_external": false, "used_time": 1, "children": [{"tag": "repository_Variable", "is_external": true, "used_time": 10, "resdescid": "10388", "children": []}]}, {"tag": "XML_VALUE", "is_external": false, "used_time": 1, "children": []}]}, {"tag": "CONDITION_OP", "is_external": false, "used_time": 1, "children": [{"tag": "CONDITION_OP", "is_external": false, "used_time": 1, "children": [{"tag": "XML_VALUE", "is_external": false, "used_time": 1, "children": [{"tag": "repository_Variable", "is_external": true, "used_time": 2, "resdescid": "4687", "children": []}]}, {"tag": "XML_VALUE", "is_external": false, "used_time": 1, "children": []}]}, {"tag": "CONDITION_OP", "is_external": false, "used_time": 1, "children": [{"tag": "XML_VALUE", "is_external": false, "used_time": 1, "children": [{"tag": "repository_Variable", "is_external": true, "used_time": 10, "resdescid": "10388", "children": []}]}, {"tag": "XML_VALUE", "is_external": false, "used_time": 1, "children": []}]}]}]}]}, {"tag": "If_VALUE", "is_external": false, "used_time": 1, "children": [{"tag": "CustomObject", "is_external": false, "used_time": 1, "children": [{"tag": "CONTENT", "is_external": false, "used_time": 1, "children": [{"tag": "repository_CustomLibrary", "is_external": true, "used_time": 365, "resdescid": "679", "children": [{"tag": "CustomObject", "is_external": false, "used_time": 1, "children": []}]}]}]}, {"tag": "Paragraph", "is_external": false, "used_time": 1, "children": [{"tag": "CONTENT", "is_external": false, "used_time": 1, "children": [{"tag": "LocalVars", "is_external": false, "used_time": 1, "children": []}, {"tag": "STYLE-AUTOMATIC", "is_external": false, "used_time": 1, "children": []}, {"tag": "TEXT", "is_external": false, "used_time": 1, "children": [{"tag": "repository_TextStyle", "is_external": true, "used_time": 174, "resdescid": "4246", "children": [{"tag": "TextStyle", "is_external": false, "used_time": 1, "children": [{"tag": "CONTENT", "is_external": false, "used_time": 1, "children": [{"tag": "PROPERTIES_FONT", "is_external": false, "used_time": 1, "children": []}]}]}]}, {"tag": "repository_TextStyle", "is_external": true, "used_time": 174, "resdescid": "4246", "children": []}, {"tag": "repository_TextStyle", "is_external": true, "used_time": 174, "resdescid": "4246", "children": [{"tag": "CustomFunc", "is_external": false, "used_time": 1, "children": [{"tag": "CONTENT", "is_external": false, "used_time": 1, "children": [{"tag": "XML_VALUE", "is_external": false, "used_time": 1, "children": [{"tag": "repository_CustomLibrary", "is_external": true, "used_time": 93, "resdescid": "675", "children": [{"tag": "XML_VALUE", "is_external": false, "used_time": 1, "children": [{"tag": "repository_Variable", "is_external": true, "used_time": 2, "resdescid": "4675", "children": []}]}, {"tag": "CustomFunc", "is_external": false, "used_time": 1, "children": []}]}]}, {"tag": "WIZARD_VALUE", "is_external": false, "used_time": 1, "children": [{"tag": "Parameter", "is_external": false, "used_time": 1, "children": []}]}]}]}]}]}]}]}]}]}]}]}, {"tag": "Footer", "is_external": false, "used_time": 1, "children": [{"tag": "repository_LocalContext", "is_external": true, "used_time": 61, "resdescid": "5378", "children": []}, {"tag": "CustomObject", "is_external": false, "used_time": 1, "children": [{"tag": "CONTENT", "is_external": false, "used_time": 1, "children": [{"tag": "repository_CustomLibrary", "is_external": true, "used_time": 207, "resdescid": "40", "children": [{"tag": "Custom", "is_external": false, "used_time": 1, "children": []}]}, {"tag": "XML_VALUE", "is_external": false, "used_time": 1, "children": []}, {"tag": "XML_VALUE", "is_external": false, "used_time": 1, "children": []}, {"tag": "XML_VALUE", "is_external": false, "used_time": 1, "children": []}]}]}]}]}]}]}