{"tag": "repository_Template", "attributes": {"activated": "false", "date": "2021-01-04 10_26_29.975", "description": "", "domainid": "1743", "id": "25807", "isPlugin": "false", "lastFunctionDate": "2021-01-04 10_26_30.006", "lastFunctionParent": "30", "lastFunctionUser": "1", "name": "TestCalc1", "resdescid": "20949", "subtypes": "63", "version": "1.5"}, "children": [{"tag": "CONTENT", "attributes": {"debugMode": "0", "maxIdTemplate": "6", "messageFilter": "", "monoDataLoader": "true", "tagVersion": "E_P3_1_1_5_2q17"}, "children": [{"tag": "repository_TextStyle", "is_external": true, "used_time": 2, "resdescid": "20947", "children": []}, {"tag": "repository_DataManager", "is_external": true, "used_time": 24, "resdescid": "4199", "children": []}, {"tag": "inputData", "is_external": false, "used_time": 1, "children": []}, {"tag": "PageContext", "is_external": false, "used_time": 1, "children": [{"tag": "CONTENT", "is_external": false, "used_time": 1, "children": [{"tag": "Header", "is_external": false, "used_time": 1, "children": []}, {"tag": "Footer", "is_external": false, "used_time": 1, "children": []}, {"tag": "Body", "is_external": false, "used_time": 1, "children": []}, {"tag": "FirstHeader", "is_external": false, "used_time": 1, "children": []}, {"tag": "LastFooter", "is_external": false, "used_time": 1, "children": []}]}, {"tag": "Body", "is_external": false, "used_time": 1, "children": [{"tag": "repository_TemplateSubSet", "is_external": true, "used_time": 1, "resdescid": "20948", "children": []}]}]}]}]}