{"tag": "repository_Template", "attributes": {"activated": "false", "date": "2023-04-10 19_58_07.839", "description": "SGAM - Metamodele SGAM - Lettre envoi projet", "domainid": "347", "id": "5713820", "isPlugin": "false", "lastFunctionDate": "2023-04-10 19_58_07.839", "lastFunctionParent": "30", "lastFunctionUser": "9", "name": "MPG16LP01 -marque2017", "resdescid": "20743", "subtypes": "", "version": "1.10"}, "children": [{"tag": "CONTENT", "attributes": {"currentZoom": "100", "debugMode": "0", "maxIdTemplate": "903", "messageFilter": "", "monoDataLoader": "false", "tagVersion": "E_P3_1_2_2_3q11"}, "children": [{"tag": "repository_TextStyle", "is_external": true, "used_time": 496, "resdescid": "4249", "children": []}, {"tag": "repository_DataManager", "is_external": true, "used_time": 141, "resdescid": "4185", "children": []}, {"tag": "repository_DataManager", "is_external": true, "used_time": 102, "resdescid": "11165", "children": []}, {"tag": "inputData", "is_external": false, "used_time": 1, "children": []}, {"tag": "repository_TemplateClass", "is_external": true, "used_time": 390, "resdescid": "1092488", "children": [{"tag": "CONTENT", "is_external": false, "used_time": 1, "children": []}, {"tag": "TemplateClass_Anchor", "is_external": false, "used_time": 1, "children": []}, {"tag": "TemplateClass_Anchor", "is_external": false, "used_time": 1, "children": [{"tag": "repository_TemplateSubSet", "is_external": true, "used_time": 107, "resdescid": "1097074", "children": [{"tag": "CONTENT", "is_external": false, "used_time": 1, "children": []}]}, {"tag": "repository_CustomObject", "is_external": true, "used_time": 233, "resdescid": "1097084", "children": []}, {"tag": "repository_CustomObject", "is_external": true, "used_time": 354, "resdescid": "837347", "children": []}, {"tag": "repository_CustomObject", "is_external": true, "used_time": 354, "resdescid": "837348", "children": []}, {"tag": "MultipleText", "is_external": false, "used_time": 1, "children": [{"tag": "CONTENT", "is_external": false, "used_time": 1, "children": [{"tag": "If_VALUE", "is_external": false, "used_time": 1, "children": [{"tag": "CONDITION_OP", "is_external": false, "used_time": 1, "children": [{"tag": "XML_VALUE", "is_external": false, "used_time": 1, "children": []}, {"tag": "XML_VALUE", "is_external": false, "used_time": 1, "children": []}]}]}, {"tag": "If_VALUE", "is_external": false, "used_time": 1, "children": [{"tag": "CONDITION_OP", "is_external": false, "used_time": 1, "children": [{"tag": "XML_VALUE", "is_external": false, "used_time": 1, "children": []}, {"tag": "XML_VALUE", "is_external": false, "used_time": 1, "children": []}]}]}, {"tag": "If_VALUE", "is_external": false, "used_time": 1, "children": [{"tag": "CONDITION_OP", "is_external": false, "used_time": 1, "children": [{"tag": "XML_VALUE", "is_external": false, "used_time": 1, "children": []}, {"tag": "XML_VALUE", "is_external": false, "used_time": 1, "children": []}]}]}, {"tag": "If_VALUE", "is_external": false, "used_time": 1, "children": [{"tag": "CONDITION_OP", "is_external": false, "used_time": 1, "children": [{"tag": "XML_VALUE", "is_external": false, "used_time": 1, "children": []}, {"tag": "XML_VALUE", "is_external": false, "used_time": 1, "children": []}]}]}, {"tag": "If_VALUE", "is_external": false, "used_time": 1, "children": [{"tag": "CONDITION_OP", "is_external": false, "used_time": 1, "children": [{"tag": "XML_VALUE", "is_external": false, "used_time": 1, "children": []}, {"tag": "XML_VALUE", "is_external": false, "used_time": 1, "children": []}]}]}, {"tag": "If_VALUE", "is_external": false, "used_time": 1, "children": [{"tag": "CONDITION_OP", "is_external": false, "used_time": 1, "children": [{"tag": "XML_VALUE", "is_external": false, "used_time": 1, "children": [{"tag": "repository_Variable", "is_external": true, "used_time": 118, "resdescid": "3928", "children": []}]}, {"tag": "XML_VALUE", "is_external": false, "used_time": 1, "children": []}]}]}, {"tag": "If_VALUE", "is_external": false, "used_time": 1, "children": [{"tag": "CONDITION_OP", "is_external": false, "used_time": 1, "children": [{"tag": "XML_VALUE", "is_external": false, "used_time": 1, "children": [{"tag": "repository_Variable", "is_external": true, "used_time": 118, "resdescid": "3928", "children": []}]}, {"tag": "XML_VALUE", "is_external": false, "used_time": 1, "children": []}]}]}, {"tag": "If_VALUE", "is_external": false, "used_time": 1, "children": [{"tag": "CONDITION_OP", "is_external": false, "used_time": 1, "children": [{"tag": "XML_VALUE", "is_external": false, "used_time": 1, "children": [{"tag": "repository_Variable", "is_external": true, "used_time": 118, "resdescid": "3928", "children": []}]}, {"tag": "XML_VALUE", "is_external": false, "used_time": 1, "children": []}]}]}, {"tag": "If_VALUE", "is_external": false, "used_time": 1, "children": [{"tag": "CONDITION_OP", "is_external": false, "used_time": 1, "children": [{"tag": "XML_VALUE", "is_external": false, "used_time": 1, "children": [{"tag": "repository_Variable", "is_external": true, "used_time": 118, "resdescid": "3928", "children": []}]}, {"tag": "XML_VALUE", "is_external": false, "used_time": 1, "children": []}]}]}]}, {"tag": "If_VALUE", "is_external": false, "used_time": 1, "children": [{"tag": "repository_CustomObject", "is_external": true, "used_time": 25, "resdescid": "4302688", "children": []}, {"tag": "repository_CustomObject", "is_external": true, "used_time": 40, "resdescid": "1408452", "children": []}, {"tag": "repository_CustomObject", "is_external": true, "used_time": 6, "resdescid": "996704", "children": []}, {"tag": "repository_CustomObject", "is_external": true, "used_time": 60, "resdescid": "996703", "children": []}, {"tag": "repository_CustomObject", "is_external": true, "used_time": 70, "resdescid": "1097094", "children": []}, {"tag": "repository_CustomObject", "is_external": true, "used_time": 76, "resdescid": "996702", "children": []}]}, {"tag": "If_VALUE", "is_external": false, "used_time": 1, "children": [{"tag": "repository_CustomObject", "is_external": true, "used_time": 25, "resdescid": "4302688", "children": []}, {"tag": "repository_CustomObject", "is_external": true, "used_time": 9, "resdescid": "1097106", "children": []}, {"tag": "repository_CustomObject", "is_external": true, "used_time": 41, "resdescid": "996710", "children": []}, {"tag": "repository_CustomObject", "is_external": true, "used_time": 60, "resdescid": "996703", "children": []}, {"tag": "repository_CustomObject", "is_external": true, "used_time": 70, "resdescid": "1097094", "children": []}, {"tag": "repository_CustomObject", "is_external": true, "used_time": 76, "resdescid": "996702", "children": []}]}, {"tag": "If_VALUE", "is_external": false, "used_time": 1, "children": [{"tag": "repository_CustomObject", "is_external": true, "used_time": 39, "resdescid": "1097093", "children": []}, {"tag": "repository_CustomObject", "is_external": true, "used_time": 52, "resdescid": "1097092", "children": []}, {"tag": "repository_CustomObject", "is_external": true, "used_time": 70, "resdescid": "1097094", "children": []}, {"tag": "repository_CustomObject", "is_external": true, "used_time": 76, "resdescid": "996702", "children": []}]}, {"tag": "If_VALUE", "is_external": false, "used_time": 1, "children": [{"tag": "repository_CustomObject", "is_external": true, "used_time": 39, "resdescid": "1097093", "children": []}, {"tag": "repository_CustomObject", "is_external": true, "used_time": 52, "resdescid": "1097092", "children": []}, {"tag": "repository_CustomObject", "is_external": true, "used_time": 70, "resdescid": "1097094", "children": []}, {"tag": "repository_CustomObject", "is_external": true, "used_time": 76, "resdescid": "996702", "children": []}]}, {"tag": "If_VALUE", "is_external": false, "used_time": 1, "children": [{"tag": "repository_CustomObject", "is_external": true, "used_time": 40, "resdescid": "1097091", "children": []}, {"tag": "repository_CustomObject", "is_external": true, "used_time": 6, "resdescid": "996704", "children": []}, {"tag": "repository_CustomObject", "is_external": true, "used_time": 60, "resdescid": "996703", "children": []}, {"tag": "repository_CustomObject", "is_external": true, "used_time": 41, "resdescid": "1097096", "children": []}, {"tag": "CustomObject", "is_external": false, "used_time": 1, "children": [{"tag": "CONTENT", "is_external": false, "used_time": 1, "children": [{"tag": "repository_CustomLibrary", "is_external": true, "used_time": 603, "resdescid": "97", "children": [{"tag": "CustomObject", "is_external": false, "used_time": 1, "children": []}]}, {"tag": "XML_VALUE", "is_external": false, "used_time": 1, "children": []}, {"tag": "XML_VALUE", "is_external": false, "used_time": 1, "children": []}]}]}, {"tag": "repository_CustomObject", "is_external": true, "used_time": 70, "resdescid": "1097094", "children": []}, {"tag": "repository_CustomObject", "is_external": true, "used_time": 76, "resdescid": "996702", "children": []}]}, {"tag": "If_VALUE", "is_external": false, "used_time": 1, "children": []}, {"tag": "If_VALUE", "is_external": false, "used_time": 1, "children": []}, {"tag": "If_VALUE", "is_external": false, "used_time": 1, "children": []}, {"tag": "If_VALUE", "is_external": false, "used_time": 1, "children": []}]}, {"tag": "MessageLoop", "is_external": false, "used_time": 1, "children": [{"tag": "CONTENT", "is_external": false, "used_time": 1, "children": [{"tag": "repository_DataManager", "is_external": true, "used_time": 46, "resdescid": "12884", "children": [{"tag": "repository_DataMessageIterative", "is_external": true, "used_time": 0, "resdescid": "4070", "children": []}]}]}]}, {"tag": "MessageLoop", "is_external": false, "used_time": 1, "children": [{"tag": "CONTENT", "is_external": false, "used_time": 1, "children": [{"tag": "repository_DataManager", "is_external": true, "used_time": 46, "resdescid": "12884", "children": [{"tag": "repository_DataMessageIterative", "is_external": true, "used_time": 0, "resdescid": "8084", "children": []}]}]}]}, {"tag": "If", "is_external": false, "used_time": 1, "children": [{"tag": "CONTENT", "is_external": false, "used_time": 1, "children": [{"tag": "If_VALUE", "is_external": false, "used_time": 1, "children": [{"tag": "CONDITION_OP", "is_external": false, "used_time": 1, "children": [{"tag": "XML_VALUE", "is_external": false, "used_time": 1, "children": []}, {"tag": "XML_VALUE", "is_external": false, "used_time": 1, "children": []}]}, {"tag": "CONDITION_OP", "is_external": false, "used_time": 1, "children": [{"tag": "XML_VALUE", "is_external": false, "used_time": 1, "children": []}, {"tag": "XML_VALUE", "is_external": false, "used_time": 1, "children": []}]}, {"tag": "CONDITION_OP", "is_external": false, "used_time": 1, "children": [{"tag": "XML_VALUE", "is_external": false, "used_time": 1, "children": []}, {"tag": "XML_VALUE", "is_external": false, "used_time": 1, "children": []}]}, {"tag": "CONDITION_OP", "is_external": false, "used_time": 1, "children": [{"tag": "XML_VALUE", "is_external": false, "used_time": 1, "children": []}, {"tag": "XML_VALUE", "is_external": false, "used_time": 1, "children": []}]}, {"tag": "CONDITION_OP", "is_external": false, "used_time": 1, "children": [{"tag": "XML_VALUE", "is_external": false, "used_time": 1, "children": [{"tag": "repository_Variable", "is_external": true, "used_time": 25, "resdescid": "3832", "children": []}]}, {"tag": "XML_VALUE", "is_external": false, "used_time": 1, "children": []}]}, {"tag": "CONDITION_OP", "is_external": false, "used_time": 1, "children": [{"tag": "XML_VALUE", "is_external": false, "used_time": 1, "children": [{"tag": "repository_Variable", "is_external": true, "used_time": 10, "resdescid": "931", "children": []}]}, {"tag": "XML_VALUE", "is_external": false, "used_time": 1, "children": []}]}, {"tag": "CONDITION_OP", "is_external": false, "used_time": 1, "children": [{"tag": "CONDITION_OP", "is_external": false, "used_time": 1, "children": [{"tag": "XML_VALUE", "is_external": false, "used_time": 1, "children": []}, {"tag": "XML_VALUE", "is_external": false, "used_time": 1, "children": []}]}, {"tag": "CONDITION_OP", "is_external": false, "used_time": 1, "children": [{"tag": "XML_VALUE", "is_external": false, "used_time": 1, "children": [{"tag": "repository_Variable", "is_external": true, "used_time": 25, "resdescid": "3832", "children": []}]}, {"tag": "XML_VALUE", "is_external": false, "used_time": 1, "children": []}]}]}, {"tag": "CONDITION_OP", "is_external": false, "used_time": 1, "children": [{"tag": "CONDITION_OP", "is_external": false, "used_time": 1, "children": [{"tag": "XML_VALUE", "is_external": false, "used_time": 1, "children": []}, {"tag": "XML_VALUE", "is_external": false, "used_time": 1, "children": []}]}, {"tag": "CONDITION_OP", "is_external": false, "used_time": 1, "children": [{"tag": "XML_VALUE", "is_external": false, "used_time": 1, "children": [{"tag": "repository_Variable", "is_external": true, "used_time": 25, "resdescid": "3832", "children": []}]}, {"tag": "XML_VALUE", "is_external": false, "used_time": 1, "children": []}]}]}, {"tag": "CONDITION_OP", "is_external": false, "used_time": 1, "children": [{"tag": "CONDITION_OP", "is_external": false, "used_time": 1, "children": [{"tag": "XML_VALUE", "is_external": false, "used_time": 1, "children": []}, {"tag": "XML_VALUE", "is_external": false, "used_time": 1, "children": []}]}, {"tag": "CONDITION_OP", "is_external": false, "used_time": 1, "children": [{"tag": "XML_VALUE", "is_external": false, "used_time": 1, "children": [{"tag": "repository_Variable", "is_external": true, "used_time": 25, "resdescid": "3832", "children": []}]}, {"tag": "XML_VALUE", "is_external": false, "used_time": 1, "children": []}]}]}, {"tag": "CONDITION_OP", "is_external": false, "used_time": 1, "children": [{"tag": "CONDITION_OP", "is_external": false, "used_time": 1, "children": [{"tag": "CONDITION_OP", "is_external": false, "used_time": 1, "children": [{"tag": "XML_VALUE", "is_external": false, "used_time": 1, "children": []}, {"tag": "XML_VALUE", "is_external": false, "used_time": 1, "children": []}]}, {"tag": "CONDITION_OP", "is_external": false, "used_time": 1, "children": [{"tag": "XML_VALUE", "is_external": false, "used_time": 1, "children": [{"tag": "repository_Variable", "is_external": true, "used_time": 25, "resdescid": "3832", "children": []}]}, {"tag": "XML_VALUE", "is_external": false, "used_time": 1, "children": []}]}]}, {"tag": "CONDITION_OP", "is_external": false, "used_time": 1, "children": [{"tag": "XML_VALUE", "is_external": false, "used_time": 1, "children": [{"tag": "repository_Variable", "is_external": true, "used_time": 10, "resdescid": "931", "children": []}]}, {"tag": "XML_VALUE", "is_external": false, "used_time": 1, "children": []}]}]}, {"tag": "CONDITION_OP", "is_external": false, "used_time": 1, "children": [{"tag": "CONDITION_OP", "is_external": false, "used_time": 1, "children": [{"tag": "XML_VALUE", "is_external": false, "used_time": 1, "children": []}, {"tag": "XML_VALUE", "is_external": false, "used_time": 1, "children": []}]}, {"tag": "CONDITION_OP", "is_external": false, "used_time": 1, "children": [{"tag": "CONDITION_OP", "is_external": false, "used_time": 1, "children": [{"tag": "XML_VALUE", "is_external": false, "used_time": 1, "children": []}, {"tag": "XML_VALUE", "is_external": false, "used_time": 1, "children": []}]}, {"tag": "CONDITION_OP", "is_external": false, "used_time": 1, "children": [{"tag": "XML_VALUE", "is_external": false, "used_time": 1, "children": [{"tag": "repository_Variable", "is_external": true, "used_time": 25, "resdescid": "3832", "children": []}]}, {"tag": "XML_VALUE", "is_external": false, "used_time": 1, "children": []}]}]}]}, {"tag": "CONDITION_OP", "is_external": false, "used_time": 1, "children": [{"tag": "CONDITION_OP", "is_external": false, "used_time": 1, "children": [{"tag": "CONDITION_OP", "is_external": false, "used_time": 1, "children": [{"tag": "CONDITION_OP", "is_external": false, "used_time": 1, "children": [{"tag": "XML_VALUE", "is_external": false, "used_time": 1, "children": []}, {"tag": "XML_VALUE", "is_external": false, "used_time": 1, "children": []}]}, {"tag": "CONDITION_OP", "is_external": false, "used_time": 1, "children": [{"tag": "XML_VALUE", "is_external": false, "used_time": 1, "children": [{"tag": "repository_Variable", "is_external": true, "used_time": 25, "resdescid": "3832", "children": []}]}, {"tag": "XML_VALUE", "is_external": false, "used_time": 1, "children": []}]}]}, {"tag": "CONDITION_OP", "is_external": false, "used_time": 1, "children": [{"tag": "XML_VALUE", "is_external": false, "used_time": 1, "children": [{"tag": "repository_Variable", "is_external": true, "used_time": 10, "resdescid": "931", "children": []}]}, {"tag": "XML_VALUE", "is_external": false, "used_time": 1, "children": []}]}]}, {"tag": "CONDITION_OP", "is_external": false, "used_time": 1, "children": [{"tag": "CONDITION_OP", "is_external": false, "used_time": 1, "children": [{"tag": "XML_VALUE", "is_external": false, "used_time": 1, "children": []}, {"tag": "XML_VALUE", "is_external": false, "used_time": 1, "children": []}]}, {"tag": "CONDITION_OP", "is_external": false, "used_time": 1, "children": [{"tag": "XML_VALUE", "is_external": false, "used_time": 1, "children": [{"tag": "repository_Variable", "is_external": true, "used_time": 25, "resdescid": "3832", "children": []}]}, {"tag": "XML_VALUE", "is_external": false, "used_time": 1, "children": []}]}]}]}, {"tag": "CONDITION_OP", "is_external": false, "used_time": 1, "children": [{"tag": "CONDITION_OP", "is_external": false, "used_time": 1, "children": [{"tag": "CONDITION_OP", "is_external": false, "used_time": 1, "children": [{"tag": "XML_VALUE", "is_external": false, "used_time": 1, "children": []}, {"tag": "XML_VALUE", "is_external": false, "used_time": 1, "children": []}]}, {"tag": "CONDITION_OP", "is_external": false, "used_time": 1, "children": [{"tag": "CONDITION_OP", "is_external": false, "used_time": 1, "children": [{"tag": "XML_VALUE", "is_external": false, "used_time": 1, "children": []}, {"tag": "XML_VALUE", "is_external": false, "used_time": 1, "children": []}]}, {"tag": "CONDITION_OP", "is_external": false, "used_time": 1, "children": [{"tag": "XML_VALUE", "is_external": false, "used_time": 1, "children": [{"tag": "repository_Variable", "is_external": true, "used_time": 25, "resdescid": "3832", "children": []}]}, {"tag": "XML_VALUE", "is_external": false, "used_time": 1, "children": []}]}]}]}, {"tag": "CONDITION_OP", "is_external": false, "used_time": 1, "children": [{"tag": "CONDITION_OP", "is_external": false, "used_time": 1, "children": [{"tag": "CONDITION_OP", "is_external": false, "used_time": 1, "children": [{"tag": "CONDITION_OP", "is_external": false, "used_time": 1, "children": [{"tag": "XML_VALUE", "is_external": false, "used_time": 1, "children": []}, {"tag": "XML_VALUE", "is_external": false, "used_time": 1, "children": []}]}, {"tag": "CONDITION_OP", "is_external": false, "used_time": 1, "children": [{"tag": "XML_VALUE", "is_external": false, "used_time": 1, "children": [{"tag": "repository_Variable", "is_external": true, "used_time": 25, "resdescid": "3832", "children": []}]}, {"tag": "XML_VALUE", "is_external": false, "used_time": 1, "children": []}]}]}, {"tag": "CONDITION_OP", "is_external": false, "used_time": 1, "children": [{"tag": "XML_VALUE", "is_external": false, "used_time": 1, "children": [{"tag": "repository_Variable", "is_external": true, "used_time": 10, "resdescid": "931", "children": []}]}, {"tag": "XML_VALUE", "is_external": false, "used_time": 1, "children": []}]}]}, {"tag": "CONDITION_OP", "is_external": false, "used_time": 1, "children": [{"tag": "CONDITION_OP", "is_external": false, "used_time": 1, "children": [{"tag": "XML_VALUE", "is_external": false, "used_time": 1, "children": []}, {"tag": "XML_VALUE", "is_external": false, "used_time": 1, "children": []}]}, {"tag": "CONDITION_OP", "is_external": false, "used_time": 1, "children": [{"tag": "XML_VALUE", "is_external": false, "used_time": 1, "children": [{"tag": "repository_Variable", "is_external": true, "used_time": 25, "resdescid": "3832", "children": []}]}, {"tag": "XML_VALUE", "is_external": false, "used_time": 1, "children": []}]}]}]}]}, {"tag": "CONDITION_OP", "is_external": false, "used_time": 1, "children": [{"tag": "XML_VALUE", "is_external": false, "used_time": 1, "children": [{"tag": "CustomFunc", "is_external": false, "used_time": 1, "children": [{"tag": "CONTENT", "is_external": false, "used_time": 1, "children": [{"tag": "XML_VALUE", "is_external": false, "used_time": 1, "children": [{"tag": "repository_CustomLibrary", "is_external": true, "used_time": 257, "resdescid": "74", "children": [{"tag": "XML_VALUE", "is_external": false, "used_time": 1, "children": [{"tag": "repository_Variable", "is_external": true, "used_time": 8, "resdescid": "945", "children": []}]}, {"tag": "XML_VALUE", "is_external": false, "used_time": 1, "children": []}, {"tag": "CustomFunc", "is_external": false, "used_time": 1, "children": []}]}]}, {"tag": "WIZARD_VALUE", "is_external": false, "used_time": 1, "children": [{"tag": "Parameter", "is_external": false, "used_time": 1, "children": []}]}]}]}]}, {"tag": "XML_VALUE", "is_external": false, "used_time": 1, "children": []}]}, {"tag": "CONDITION_OP", "is_external": false, "used_time": 1, "children": [{"tag": "XML_VALUE", "is_external": false, "used_time": 1, "children": [{"tag": "CustomFunc", "is_external": false, "used_time": 1, "children": [{"tag": "CONTENT", "is_external": false, "used_time": 1, "children": [{"tag": "XML_VALUE", "is_external": false, "used_time": 1, "children": [{"tag": "repository_CustomLibrary", "is_external": true, "used_time": 257, "resdescid": "74", "children": [{"tag": "XML_VALUE", "is_external": false, "used_time": 1, "children": [{"tag": "repository_Variable", "is_external": true, "used_time": 8, "resdescid": "6556", "children": []}]}, {"tag": "XML_VALUE", "is_external": false, "used_time": 1, "children": []}, {"tag": "CustomFunc", "is_external": false, "used_time": 1, "children": []}]}]}, {"tag": "WIZARD_VALUE", "is_external": false, "used_time": 1, "children": [{"tag": "Parameter", "is_external": false, "used_time": 1, "children": []}]}]}]}]}, {"tag": "XML_VALUE", "is_external": false, "used_time": 1, "children": []}]}, {"tag": "CONDITION_OP", "is_external": false, "used_time": 1, "children": [{"tag": "XML_VALUE", "is_external": false, "used_time": 1, "children": [{"tag": "repository_Variable", "is_external": true, "used_time": 8, "resdescid": "945", "children": []}]}, {"tag": "XML_VALUE", "is_external": false, "used_time": 1, "children": []}]}, {"tag": "CONDITION_OP", "is_external": false, "used_time": 1, "children": [{"tag": "XML_VALUE", "is_external": false, "used_time": 1, "children": [{"tag": "repository_Variable", "is_external": true, "used_time": 8, "resdescid": "6556", "children": []}]}, {"tag": "XML_VALUE", "is_external": false, "used_time": 1, "children": []}]}, {"tag": "CONDITION_OP", "is_external": false, "used_time": 1, "children": [{"tag": "CONDITION_OP", "is_external": false, "used_time": 1, "children": [{"tag": "XML_VALUE", "is_external": false, "used_time": 1, "children": [{"tag": "CustomFunc", "is_external": false, "used_time": 1, "children": [{"tag": "CONTENT", "is_external": false, "used_time": 1, "children": [{"tag": "XML_VALUE", "is_external": false, "used_time": 1, "children": [{"tag": "repository_CustomLibrary", "is_external": true, "used_time": 257, "resdescid": "74", "children": [{"tag": "XML_VALUE", "is_external": false, "used_time": 1, "children": [{"tag": "repository_Variable", "is_external": true, "used_time": 8, "resdescid": "945", "children": []}]}, {"tag": "XML_VALUE", "is_external": false, "used_time": 1, "children": []}, {"tag": "CustomFunc", "is_external": false, "used_time": 1, "children": []}]}]}, {"tag": "WIZARD_VALUE", "is_external": false, "used_time": 1, "children": [{"tag": "Parameter", "is_external": false, "used_time": 1, "children": []}]}]}]}]}, {"tag": "XML_VALUE", "is_external": false, "used_time": 1, "children": []}]}, {"tag": "CONDITION_OP", "is_external": false, "used_time": 1, "children": [{"tag": "XML_VALUE", "is_external": false, "used_time": 1, "children": [{"tag": "CustomFunc", "is_external": false, "used_time": 1, "children": [{"tag": "CONTENT", "is_external": false, "used_time": 1, "children": [{"tag": "XML_VALUE", "is_external": false, "used_time": 1, "children": [{"tag": "repository_CustomLibrary", "is_external": true, "used_time": 257, "resdescid": "74", "children": [{"tag": "XML_VALUE", "is_external": false, "used_time": 1, "children": [{"tag": "repository_Variable", "is_external": true, "used_time": 8, "resdescid": "6556", "children": []}]}, {"tag": "XML_VALUE", "is_external": false, "used_time": 1, "children": []}, {"tag": "CustomFunc", "is_external": false, "used_time": 1, "children": []}]}]}, {"tag": "WIZARD_VALUE", "is_external": false, "used_time": 1, "children": [{"tag": "Parameter", "is_external": false, "used_time": 1, "children": []}]}]}]}]}, {"tag": "XML_VALUE", "is_external": false, "used_time": 1, "children": []}]}]}, {"tag": "CONDITION_OP", "is_external": false, "used_time": 1, "children": [{"tag": "CONDITION_OP", "is_external": false, "used_time": 1, "children": [{"tag": "XML_VALUE", "is_external": false, "used_time": 1, "children": [{"tag": "repository_Variable", "is_external": true, "used_time": 8, "resdescid": "945", "children": []}]}, {"tag": "XML_VALUE", "is_external": false, "used_time": 1, "children": []}]}, {"tag": "CONDITION_OP", "is_external": false, "used_time": 1, "children": [{"tag": "XML_VALUE", "is_external": false, "used_time": 1, "children": [{"tag": "repository_Variable", "is_external": true, "used_time": 8, "resdescid": "6556", "children": []}]}, {"tag": "XML_VALUE", "is_external": false, "used_time": 1, "children": []}]}]}, {"tag": "CONDITION_OP", "is_external": false, "used_time": 1, "children": [{"tag": "CONDITION_OP", "is_external": false, "used_time": 1, "children": [{"tag": "CONDITION_OP", "is_external": false, "used_time": 1, "children": [{"tag": "XML_VALUE", "is_external": false, "used_time": 1, "children": [{"tag": "CustomFunc", "is_external": false, "used_time": 1, "children": [{"tag": "CONTENT", "is_external": false, "used_time": 1, "children": [{"tag": "XML_VALUE", "is_external": false, "used_time": 1, "children": [{"tag": "repository_CustomLibrary", "is_external": true, "used_time": 257, "resdescid": "74", "children": [{"tag": "XML_VALUE", "is_external": false, "used_time": 1, "children": [{"tag": "repository_Variable", "is_external": true, "used_time": 8, "resdescid": "945", "children": []}]}, {"tag": "XML_VALUE", "is_external": false, "used_time": 1, "children": []}, {"tag": "CustomFunc", "is_external": false, "used_time": 1, "children": []}]}]}, {"tag": "WIZARD_VALUE", "is_external": false, "used_time": 1, "children": [{"tag": "Parameter", "is_external": false, "used_time": 1, "children": []}]}]}]}]}, {"tag": "XML_VALUE", "is_external": false, "used_time": 1, "children": []}]}, {"tag": "CONDITION_OP", "is_external": false, "used_time": 1, "children": [{"tag": "XML_VALUE", "is_external": false, "used_time": 1, "children": [{"tag": "CustomFunc", "is_external": false, "used_time": 1, "children": [{"tag": "CONTENT", "is_external": false, "used_time": 1, "children": [{"tag": "XML_VALUE", "is_external": false, "used_time": 1, "children": [{"tag": "repository_CustomLibrary", "is_external": true, "used_time": 257, "resdescid": "74", "children": [{"tag": "XML_VALUE", "is_external": false, "used_time": 1, "children": [{"tag": "repository_Variable", "is_external": true, "used_time": 8, "resdescid": "6556", "children": []}]}, {"tag": "XML_VALUE", "is_external": false, "used_time": 1, "children": []}, {"tag": "CustomFunc", "is_external": false, "used_time": 1, "children": []}]}]}, {"tag": "WIZARD_VALUE", "is_external": false, "used_time": 1, "children": [{"tag": "Parameter", "is_external": false, "used_time": 1, "children": []}]}]}]}]}, {"tag": "XML_VALUE", "is_external": false, "used_time": 1, "children": []}]}]}, {"tag": "CONDITION_OP", "is_external": false, "used_time": 1, "children": [{"tag": "CONDITION_OP", "is_external": false, "used_time": 1, "children": [{"tag": "XML_VALUE", "is_external": false, "used_time": 1, "children": [{"tag": "repository_Variable", "is_external": true, "used_time": 8, "resdescid": "945", "children": []}]}, {"tag": "XML_VALUE", "is_external": false, "used_time": 1, "children": []}]}, {"tag": "CONDITION_OP", "is_external": false, "used_time": 1, "children": [{"tag": "XML_VALUE", "is_external": false, "used_time": 1, "children": [{"tag": "repository_Variable", "is_external": true, "used_time": 8, "resdescid": "6556", "children": []}]}, {"tag": "XML_VALUE", "is_external": false, "used_time": 1, "children": []}]}]}]}, {"tag": "CONDITION_OP", "is_external": false, "used_time": 1, "children": [{"tag": "CONDITION_OP", "is_external": false, "used_time": 1, "children": [{"tag": "CONDITION_OP", "is_external": false, "used_time": 1, "children": [{"tag": "CONDITION_OP", "is_external": false, "used_time": 1, "children": [{"tag": "XML_VALUE", "is_external": false, "used_time": 1, "children": [{"tag": "CustomFunc", "is_external": false, "used_time": 1, "children": [{"tag": "CONTENT", "is_external": false, "used_time": 1, "children": [{"tag": "XML_VALUE", "is_external": false, "used_time": 1, "children": [{"tag": "repository_CustomLibrary", "is_external": true, "used_time": 257, "resdescid": "74", "children": [{"tag": "XML_VALUE", "is_external": false, "used_time": 1, "children": [{"tag": "repository_Variable", "is_external": true, "used_time": 8, "resdescid": "945", "children": []}]}, {"tag": "XML_VALUE", "is_external": false, "used_time": 1, "children": []}, {"tag": "CustomFunc", "is_external": false, "used_time": 1, "children": []}]}]}, {"tag": "WIZARD_VALUE", "is_external": false, "used_time": 1, "children": [{"tag": "Parameter", "is_external": false, "used_time": 1, "children": []}]}]}]}]}, {"tag": "XML_VALUE", "is_external": false, "used_time": 1, "children": []}]}, {"tag": "CONDITION_OP", "is_external": false, "used_time": 1, "children": [{"tag": "XML_VALUE", "is_external": false, "used_time": 1, "children": [{"tag": "CustomFunc", "is_external": false, "used_time": 1, "children": [{"tag": "CONTENT", "is_external": false, "used_time": 1, "children": [{"tag": "XML_VALUE", "is_external": false, "used_time": 1, "children": [{"tag": "repository_CustomLibrary", "is_external": true, "used_time": 257, "resdescid": "74", "children": [{"tag": "XML_VALUE", "is_external": false, "used_time": 1, "children": [{"tag": "repository_Variable", "is_external": true, "used_time": 8, "resdescid": "6556", "children": []}]}, {"tag": "XML_VALUE", "is_external": false, "used_time": 1, "children": []}, {"tag": "CustomFunc", "is_external": false, "used_time": 1, "children": []}]}]}, {"tag": "WIZARD_VALUE", "is_external": false, "used_time": 1, "children": [{"tag": "Parameter", "is_external": false, "used_time": 1, "children": []}]}]}]}]}, {"tag": "XML_VALUE", "is_external": false, "used_time": 1, "children": []}]}]}, {"tag": "CONDITION_OP", "is_external": false, "used_time": 1, "children": [{"tag": "CONDITION_OP", "is_external": false, "used_time": 1, "children": [{"tag": "XML_VALUE", "is_external": false, "used_time": 1, "children": [{"tag": "repository_Variable", "is_external": true, "used_time": 8, "resdescid": "945", "children": []}]}, {"tag": "XML_VALUE", "is_external": false, "used_time": 1, "children": []}]}, {"tag": "CONDITION_OP", "is_external": false, "used_time": 1, "children": [{"tag": "XML_VALUE", "is_external": false, "used_time": 1, "children": [{"tag": "repository_Variable", "is_external": true, "used_time": 8, "resdescid": "6556", "children": []}]}, {"tag": "XML_VALUE", "is_external": false, "used_time": 1, "children": []}]}]}]}, {"tag": "CONDITION_OP", "is_external": false, "used_time": 1, "children": [{"tag": "CONDITION_OP", "is_external": false, "used_time": 1, "children": [{"tag": "CONDITION_OP", "is_external": false, "used_time": 1, "children": [{"tag": "XML_VALUE", "is_external": false, "used_time": 1, "children": []}, {"tag": "XML_VALUE", "is_external": false, "used_time": 1, "children": []}]}, {"tag": "CONDITION_OP", "is_external": false, "used_time": 1, "children": [{"tag": "CONDITION_OP", "is_external": false, "used_time": 1, "children": [{"tag": "XML_VALUE", "is_external": false, "used_time": 1, "children": []}, {"tag": "XML_VALUE", "is_external": false, "used_time": 1, "children": []}]}, {"tag": "CONDITION_OP", "is_external": false, "used_time": 1, "children": [{"tag": "XML_VALUE", "is_external": false, "used_time": 1, "children": [{"tag": "repository_Variable", "is_external": true, "used_time": 25, "resdescid": "3832", "children": []}]}, {"tag": "XML_VALUE", "is_external": false, "used_time": 1, "children": []}]}]}]}, {"tag": "CONDITION_OP", "is_external": false, "used_time": 1, "children": [{"tag": "CONDITION_OP", "is_external": false, "used_time": 1, "children": [{"tag": "CONDITION_OP", "is_external": false, "used_time": 1, "children": [{"tag": "CONDITION_OP", "is_external": false, "used_time": 1, "children": [{"tag": "XML_VALUE", "is_external": false, "used_time": 1, "children": []}, {"tag": "XML_VALUE", "is_external": false, "used_time": 1, "children": []}]}, {"tag": "CONDITION_OP", "is_external": false, "used_time": 1, "children": [{"tag": "XML_VALUE", "is_external": false, "used_time": 1, "children": [{"tag": "repository_Variable", "is_external": true, "used_time": 25, "resdescid": "3832", "children": []}]}, {"tag": "XML_VALUE", "is_external": false, "used_time": 1, "children": []}]}]}, {"tag": "CONDITION_OP", "is_external": false, "used_time": 1, "children": [{"tag": "XML_VALUE", "is_external": false, "used_time": 1, "children": [{"tag": "repository_Variable", "is_external": true, "used_time": 10, "resdescid": "931", "children": []}]}, {"tag": "XML_VALUE", "is_external": false, "used_time": 1, "children": []}]}]}, {"tag": "CONDITION_OP", "is_external": false, "used_time": 1, "children": [{"tag": "CONDITION_OP", "is_external": false, "used_time": 1, "children": [{"tag": "XML_VALUE", "is_external": false, "used_time": 1, "children": []}, {"tag": "XML_VALUE", "is_external": false, "used_time": 1, "children": []}]}, {"tag": "CONDITION_OP", "is_external": false, "used_time": 1, "children": [{"tag": "XML_VALUE", "is_external": false, "used_time": 1, "children": [{"tag": "repository_Variable", "is_external": true, "used_time": 25, "resdescid": "3832", "children": []}]}, {"tag": "XML_VALUE", "is_external": false, "used_time": 1, "children": []}]}]}]}]}]}]}, {"tag": "If_DEFAULT", "is_external": false, "used_time": 1, "children": []}]}, {"tag": "If_VALUE", "is_external": false, "used_time": 1, "children": [{"tag": "CustomObject", "is_external": false, "used_time": 1, "children": [{"tag": "CONTENT", "is_external": false, "used_time": 1, "children": [{"tag": "repository_CustomLibrary", "is_external": true, "used_time": 603, "resdescid": "97", "children": [{"tag": "CustomObject", "is_external": false, "used_time": 1, "children": []}]}, {"tag": "XML_VALUE", "is_external": false, "used_time": 1, "children": []}, {"tag": "XML_VALUE", "is_external": false, "used_time": 1, "children": []}]}]}, {"tag": "repository_CustomObject", "is_external": true, "used_time": 49, "resdescid": "1097149", "children": []}]}, {"tag": "If_DEFAULT", "is_external": false, "used_time": 1, "children": [{"tag": "CustomObject", "is_external": false, "used_time": 1, "children": [{"tag": "CONTENT", "is_external": false, "used_time": 1, "children": [{"tag": "repository_CustomLibrary", "is_external": true, "used_time": 603, "resdescid": "97", "children": [{"tag": "CustomObject", "is_external": false, "used_time": 1, "children": []}]}, {"tag": "XML_VALUE", "is_external": false, "used_time": 1, "children": []}, {"tag": "XML_VALUE", "is_external": false, "used_time": 1, "children": []}]}]}]}]}]}, {"tag": "TemplateClass_Anchor", "is_external": false, "used_time": 1, "children": []}, {"tag": "TemplateClass_Anchor", "is_external": false, "used_time": 1, "children": [{"tag": "MessageLoop", "is_external": false, "used_time": 1, "children": [{"tag": "CONTENT", "is_external": false, "used_time": 1, "children": []}]}, {"tag": "MessageLoop", "is_external": false, "used_time": 1, "children": [{"tag": "CONTENT", "is_external": false, "used_time": 1, "children": []}]}, {"tag": "MessageLoop", "is_external": false, "used_time": 1, "children": [{"tag": "CONTENT", "is_external": false, "used_time": 1, "children": []}]}, {"tag": "MessageLoop", "is_external": false, "used_time": 1, "children": [{"tag": "CONTENT", "is_external": false, "used_time": 1, "children": [{"tag": "repository_DataManager", "is_external": true, "used_time": 141, "resdescid": "4185", "children": [{"tag": "repository_DataMessageIterative", "is_external": true, "used_time": 0, "resdescid": "4100", "children": []}]}]}]}, {"tag": "MessageLoop", "is_external": false, "used_time": 1, "children": [{"tag": "CONTENT", "is_external": false, "used_time": 1, "children": []}]}, {"tag": "MessageLoop", "is_external": false, "used_time": 1, "children": [{"tag": "CONTENT", "is_external": false, "used_time": 1, "children": []}]}, {"tag": "MessageLoop", "is_external": false, "used_time": 1, "children": [{"tag": "CONTENT", "is_external": false, "used_time": 1, "children": [{"tag": "repository_DataManager", "is_external": true, "used_time": 141, "resdescid": "4185", "children": [{"tag": "repository_DataMessageIterative", "is_external": true, "used_time": 0, "resdescid": "4077", "children": []}]}]}]}, {"tag": "If", "is_external": false, "used_time": 1, "children": [{"tag": "CONTENT", "is_external": false, "used_time": 1, "children": [{"tag": "If_VALUE", "is_external": false, "used_time": 1, "children": [{"tag": "CONDITION_OP", "is_external": false, "used_time": 1, "children": [{"tag": "XML_VALUE", "is_external": false, "used_time": 1, "children": [{"tag": "repository_Variable", "is_external": true, "used_time": 1, "resdescid": "1678", "children": []}]}, {"tag": "XML_VALUE", "is_external": false, "used_time": 1, "children": []}]}, {"tag": "CONDITION_OP", "is_external": false, "used_time": 1, "children": [{"tag": "XML_VALUE", "is_external": false, "used_time": 1, "children": [{"tag": "repository_Variable", "is_external": true, "used_time": 1, "resdescid": "1594", "children": []}]}, {"tag": "XML_VALUE", "is_external": false, "used_time": 1, "children": []}]}, {"tag": "CONDITION_OP", "is_external": false, "used_time": 1, "children": [{"tag": "XML_VALUE", "is_external": false, "used_time": 1, "children": [{"tag": "repository_Variable", "is_external": true, "used_time": 1, "resdescid": "1610", "children": []}]}, {"tag": "XML_VALUE", "is_external": false, "used_time": 1, "children": []}]}, {"tag": "CONDITION_OP", "is_external": false, "used_time": 1, "children": [{"tag": "CONDITION_OP", "is_external": false, "used_time": 1, "children": [{"tag": "XML_VALUE", "is_external": false, "used_time": 1, "children": [{"tag": "repository_Variable", "is_external": true, "used_time": 1, "resdescid": "1678", "children": []}]}, {"tag": "XML_VALUE", "is_external": false, "used_time": 1, "children": []}]}, {"tag": "CONDITION_OP", "is_external": false, "used_time": 1, "children": [{"tag": "XML_VALUE", "is_external": false, "used_time": 1, "children": [{"tag": "repository_Variable", "is_external": true, "used_time": 1, "resdescid": "1594", "children": []}]}, {"tag": "XML_VALUE", "is_external": false, "used_time": 1, "children": []}]}]}, {"tag": "CONDITION_OP", "is_external": false, "used_time": 1, "children": [{"tag": "CONDITION_OP", "is_external": false, "used_time": 1, "children": [{"tag": "CONDITION_OP", "is_external": false, "used_time": 1, "children": [{"tag": "XML_VALUE", "is_external": false, "used_time": 1, "children": [{"tag": "repository_Variable", "is_external": true, "used_time": 1, "resdescid": "1678", "children": []}]}, {"tag": "XML_VALUE", "is_external": false, "used_time": 1, "children": []}]}, {"tag": "CONDITION_OP", "is_external": false, "used_time": 1, "children": [{"tag": "XML_VALUE", "is_external": false, "used_time": 1, "children": [{"tag": "repository_Variable", "is_external": true, "used_time": 1, "resdescid": "1594", "children": []}]}, {"tag": "XML_VALUE", "is_external": false, "used_time": 1, "children": []}]}]}, {"tag": "CONDITION_OP", "is_external": false, "used_time": 1, "children": [{"tag": "XML_VALUE", "is_external": false, "used_time": 1, "children": [{"tag": "repository_Variable", "is_external": true, "used_time": 1, "resdescid": "1610", "children": []}]}, {"tag": "XML_VALUE", "is_external": false, "used_time": 1, "children": []}]}]}]}]}, {"tag": "If_VALUE", "is_external": false, "used_time": 1, "children": [{"tag": "Paragraph", "is_external": false, "used_time": 1, "children": [{"tag": "CONTENT", "is_external": false, "used_time": 1, "children": [{"tag": "repository_DataManager", "is_external": true, "used_time": 141, "resdescid": "4185", "children": []}, {"tag": "LocalVars", "is_external": false, "used_time": 1, "children": []}, {"tag": "STYLE-AUTOMATIC", "is_external": false, "used_time": 1, "children": []}, {"tag": "TEXT", "is_external": false, "used_time": 1, "children": [{"tag": "repository_TextStyle", "is_external": true, "used_time": 31, "resdescid": "4969", "children": []}, {"tag": "repository_TextStyle", "is_external": true, "used_time": 31, "resdescid": "4969", "children": [{"tag": "repository_Variable", "is_external": true, "used_time": 1, "resdescid": "1610", "children": []}, {"tag": "repository_Variable", "is_external": true, "used_time": 1, "resdescid": "1594", "children": []}, {"tag": "repository_Variable", "is_external": true, "used_time": 1, "resdescid": "1678", "children": []}]}]}]}]}]}]}, {"tag": "repository_MultipleText", "is_external": true, "used_time": 2, "resdescid": "5414191", "children": [{"tag": "If_VALUE", "is_external": false, "used_time": 1, "children": [{"tag": "Paragraph", "is_external": false, "used_time": 1, "children": [{"tag": "CONTENT", "is_external": false, "used_time": 1, "children": [{"tag": "repository_DataManager", "is_external": true, "used_time": 141, "resdescid": "4185", "children": []}, {"tag": "LocalVars", "is_external": false, "used_time": 1, "children": []}, {"tag": "STYLE-AUTOMATIC", "is_external": false, "used_time": 1, "children": []}, {"tag": "TEXT", "is_external": false, "used_time": 1, "children": [{"tag": "repository_TextStyle", "is_external": true, "used_time": 43, "resdescid": "5137", "children": [{"tag": "repository_TextStyle", "is_external": true, "used_time": 16, "resdescid": "20734", "children": []}, {"tag": "repository_TextStyle", "is_external": true, "used_time": 13, "resdescid": "20733", "children": []}, {"tag": "TextStyle", "is_external": false, "used_time": 1, "children": [{"tag": "CONTENT", "is_external": false, "used_time": 1, "children": [{"tag": "PROPERTIES_FONT", "is_external": false, "used_time": 1, "children": []}]}, {"tag": "repository_Variable", "is_external": true, "used_time": 209, "resdescid": "3858", "children": []}]}]}]}]}]}]}, {"tag": "If_VALUE", "is_external": false, "used_time": 1, "children": [{"tag": "repository_Paragraph", "is_external": true, "used_time": 1, "resdescid": "5427395", "children": [{"tag": "CONTENT", "is_external": false, "used_time": 1, "children": []}]}]}, {"tag": "If_VALUE", "is_external": false, "used_time": 1, "children": [{"tag": "If", "is_external": false, "used_time": 1, "children": [{"tag": "CONTENT", "is_external": false, "used_time": 1, "children": [{"tag": "If_VALUE", "is_external": false, "used_time": 1, "children": [{"tag": "CONDITION_OP", "is_external": false, "used_time": 1, "children": [{"tag": "XML_VALUE", "is_external": false, "used_time": 1, "children": [{"tag": "repository_Variable", "is_external": true, "used_time": 25, "resdescid": "3832", "children": []}]}, {"tag": "XML_VALUE", "is_external": false, "used_time": 1, "children": []}]}]}, {"tag": "If_DEFAULT", "is_external": false, "used_time": 1, "children": []}]}, {"tag": "If_VALUE", "is_external": false, "used_time": 1, "children": [{"tag": "Paragraph", "is_external": false, "used_time": 1, "children": [{"tag": "CONTENT", "is_external": false, "used_time": 1, "children": [{"tag": "repository_DataManager", "is_external": true, "used_time": 141, "resdescid": "4185", "children": []}, {"tag": "LocalVars", "is_external": false, "used_time": 1, "children": []}, {"tag": "STYLE-AUTOMATIC", "is_external": false, "used_time": 1, "children": []}, {"tag": "TEXT", "is_external": false, "used_time": 1, "children": [{"tag": "repository_TextStyle", "is_external": true, "used_time": 43, "resdescid": "5137", "children": [{"tag": "repository_TextStyle", "is_external": true, "used_time": 16, "resdescid": "20734", "children": []}, {"tag": "repository_TextStyle", "is_external": true, "used_time": 13, "resdescid": "20733", "children": []}, {"tag": "TextStyle", "is_external": false, "used_time": 1, "children": [{"tag": "CONTENT", "is_external": false, "used_time": 1, "children": [{"tag": "PROPERTIES_FONT", "is_external": false, "used_time": 1, "children": []}]}, {"tag": "repository_Variable", "is_external": true, "used_time": 209, "resdescid": "3858", "children": []}]}]}]}]}]}]}, {"tag": "If_DEFAULT", "is_external": false, "used_time": 1, "children": [{"tag": "Paragraph", "is_external": false, "used_time": 1, "children": [{"tag": "CONTENT", "is_external": false, "used_time": 1, "children": [{"tag": "repository_DataManager", "is_external": true, "used_time": 141, "resdescid": "4185", "children": []}, {"tag": "LocalVars", "is_external": false, "used_time": 1, "children": []}, {"tag": "STYLE-AUTOMATIC", "is_external": false, "used_time": 1, "children": []}, {"tag": "TEXT", "is_external": false, "used_time": 1, "children": [{"tag": "repository_TextStyle", "is_external": true, "used_time": 43, "resdescid": "5137", "children": [{"tag": "TextStyle", "is_external": false, "used_time": 1, "children": [{"tag": "CONTENT", "is_external": false, "used_time": 1, "children": [{"tag": "PROPERTIES_FONT", "is_external": false, "used_time": 1, "children": []}]}]}, {"tag": "TextStyle", "is_external": false, "used_time": 1, "children": [{"tag": "CONTENT", "is_external": false, "used_time": 1, "children": [{"tag": "PROPERTIES_FONT", "is_external": false, "used_time": 1, "children": []}]}]}, {"tag": "TextStyle", "is_external": false, "used_time": 1, "children": [{"tag": "CONTENT", "is_external": false, "used_time": 1, "children": [{"tag": "PROPERTIES_FONT", "is_external": false, "used_time": 1, "children": []}]}, {"tag": "repository_Variable", "is_external": true, "used_time": 209, "resdescid": "3858", "children": []}]}, {"tag": "TextStyle", "is_external": false, "used_time": 1, "children": [{"tag": "CONTENT", "is_external": false, "used_time": 1, "children": [{"tag": "PROPERTIES_FONT", "is_external": false, "used_time": 1, "children": []}]}]}]}, {"tag": "repository_TextStyle", "is_external": true, "used_time": 43, "resdescid": "5137", "children": [{"tag": "tab", "is_external": false, "used_time": 1, "children": []}, {"tag": "TextStyle", "is_external": false, "used_time": 1, "children": [{"tag": "CONTENT", "is_external": false, "used_time": 1, "children": [{"tag": "PROPERTIES_FONT", "is_external": false, "used_time": 1, "children": []}]}]}, {"tag": "repository_Variable", "is_external": true, "used_time": 14, "resdescid": "914", "children": []}]}]}]}]}]}]}]}, {"tag": "If_VALUE", "is_external": false, "used_time": 1, "children": [{"tag": "If", "is_external": false, "used_time": 1, "children": [{"tag": "CONTENT", "is_external": false, "used_time": 1, "children": [{"tag": "If_VALUE", "is_external": false, "used_time": 1, "children": [{"tag": "CONDITION_OP", "is_external": false, "used_time": 1, "children": [{"tag": "XML_VALUE", "is_external": false, "used_time": 1, "children": [{"tag": "repository_Variable", "is_external": true, "used_time": 25, "resdescid": "3832", "children": []}]}, {"tag": "XML_VALUE", "is_external": false, "used_time": 1, "children": []}]}]}, {"tag": "If_DEFAULT", "is_external": false, "used_time": 1, "children": []}]}, {"tag": "If_VALUE", "is_external": false, "used_time": 1, "children": [{"tag": "Paragraph", "is_external": false, "used_time": 1, "children": [{"tag": "CONTENT", "is_external": false, "used_time": 1, "children": [{"tag": "LocalVars", "is_external": false, "used_time": 1, "children": []}, {"tag": "STYLE-AUTOMATIC", "is_external": false, "used_time": 1, "children": []}, {"tag": "TEXT", "is_external": false, "used_time": 1, "children": [{"tag": "repository_TextStyle", "is_external": true, "used_time": 43, "resdescid": "5137", "children": [{"tag": "repository_TextStyle", "is_external": true, "used_time": 16, "resdescid": "20734", "children": []}, {"tag": "repository_TextStyle", "is_external": true, "used_time": 13, "resdescid": "20733", "children": []}, {"tag": "TextStyle", "is_external": false, "used_time": 1, "children": [{"tag": "CONTENT", "is_external": false, "used_time": 1, "children": [{"tag": "PROPERTIES_FONT", "is_external": false, "used_time": 1, "children": []}]}, {"tag": "repository_Variable", "is_external": true, "used_time": 209, "resdescid": "3858", "children": []}]}]}]}]}]}]}, {"tag": "If_DEFAULT", "is_external": false, "used_time": 1, "children": [{"tag": "Paragraph", "is_external": false, "used_time": 1, "children": [{"tag": "CONTENT", "is_external": false, "used_time": 1, "children": [{"tag": "repository_DataManager", "is_external": true, "used_time": 141, "resdescid": "4185", "children": []}, {"tag": "LocalVars", "is_external": false, "used_time": 1, "children": []}, {"tag": "STYLE-AUTOMATIC", "is_external": false, "used_time": 1, "children": []}, {"tag": "TEXT", "is_external": false, "used_time": 1, "children": [{"tag": "repository_TextStyle", "is_external": true, "used_time": 43, "resdescid": "5137", "children": [{"tag": "TextStyle", "is_external": false, "used_time": 1, "children": [{"tag": "CONTENT", "is_external": false, "used_time": 1, "children": [{"tag": "PROPERTIES_FONT", "is_external": false, "used_time": 1, "children": []}]}]}, {"tag": "TextStyle", "is_external": false, "used_time": 1, "children": [{"tag": "CONTENT", "is_external": false, "used_time": 1, "children": [{"tag": "PROPERTIES_FONT", "is_external": false, "used_time": 1, "children": []}]}]}, {"tag": "TextStyle", "is_external": false, "used_time": 1, "children": [{"tag": "CONTENT", "is_external": false, "used_time": 1, "children": [{"tag": "PROPERTIES_FONT", "is_external": false, "used_time": 1, "children": []}]}, {"tag": "repository_Variable", "is_external": true, "used_time": 209, "resdescid": "3858", "children": []}]}, {"tag": "TextStyle", "is_external": false, "used_time": 1, "children": [{"tag": "CONTENT", "is_external": false, "used_time": 1, "children": [{"tag": "PROPERTIES_FONT", "is_external": false, "used_time": 1, "children": []}]}]}]}, {"tag": "repository_TextStyle", "is_external": true, "used_time": 43, "resdescid": "5137", "children": [{"tag": "tab", "is_external": false, "used_time": 1, "children": []}, {"tag": "TextStyle", "is_external": false, "used_time": 1, "children": [{"tag": "CONTENT", "is_external": false, "used_time": 1, "children": [{"tag": "PROPERTIES_FONT", "is_external": false, "used_time": 1, "children": []}]}]}, {"tag": "repository_Variable", "is_external": true, "used_time": 14, "resdescid": "914", "children": []}]}]}]}]}]}]}]}, {"tag": "If_VALUE", "is_external": false, "used_time": 1, "children": [{"tag": "If", "is_external": false, "used_time": 1, "children": [{"tag": "CONTENT", "is_external": false, "used_time": 1, "children": [{"tag": "If_VALUE", "is_external": false, "used_time": 1, "children": [{"tag": "CONDITION_OP", "is_external": false, "used_time": 1, "children": [{"tag": "XML_VALUE", "is_external": false, "used_time": 1, "children": [{"tag": "repository_Variable", "is_external": true, "used_time": 25, "resdescid": "3832", "children": []}]}, {"tag": "XML_VALUE", "is_external": false, "used_time": 1, "children": []}]}]}, {"tag": "If_DEFAULT", "is_external": false, "used_time": 1, "children": []}]}, {"tag": "If_VALUE", "is_external": false, "used_time": 1, "children": [{"tag": "Paragraph", "is_external": false, "used_time": 1, "children": [{"tag": "CONTENT", "is_external": false, "used_time": 1, "children": [{"tag": "repository_DataManager", "is_external": true, "used_time": 141, "resdescid": "4185", "children": []}, {"tag": "LocalVars", "is_external": false, "used_time": 1, "children": []}, {"tag": "STYLE-AUTOMATIC", "is_external": false, "used_time": 1, "children": []}, {"tag": "TEXT", "is_external": false, "used_time": 1, "children": [{"tag": "repository_TextStyle", "is_external": true, "used_time": 43, "resdescid": "5137", "children": [{"tag": "repository_TextStyle", "is_external": true, "used_time": 16, "resdescid": "20734", "children": []}, {"tag": "repository_TextStyle", "is_external": true, "used_time": 13, "resdescid": "20733", "children": []}, {"tag": "TextStyle", "is_external": false, "used_time": 1, "children": [{"tag": "CONTENT", "is_external": false, "used_time": 1, "children": [{"tag": "PROPERTIES_FONT", "is_external": false, "used_time": 1, "children": []}]}, {"tag": "repository_Variable", "is_external": true, "used_time": 209, "resdescid": "3858", "children": []}]}]}]}]}]}]}, {"tag": "If_DEFAULT", "is_external": false, "used_time": 1, "children": [{"tag": "Paragraph", "is_external": false, "used_time": 1, "children": [{"tag": "CONTENT", "is_external": false, "used_time": 1, "children": [{"tag": "repository_DataManager", "is_external": true, "used_time": 141, "resdescid": "4185", "children": []}, {"tag": "LocalVars", "is_external": false, "used_time": 1, "children": []}, {"tag": "STYLE-AUTOMATIC", "is_external": false, "used_time": 1, "children": []}, {"tag": "TEXT", "is_external": false, "used_time": 1, "children": [{"tag": "repository_TextStyle", "is_external": true, "used_time": 43, "resdescid": "5137", "children": [{"tag": "TextStyle", "is_external": false, "used_time": 1, "children": [{"tag": "CONTENT", "is_external": false, "used_time": 1, "children": [{"tag": "PROPERTIES_FONT", "is_external": false, "used_time": 1, "children": []}]}]}, {"tag": "TextStyle", "is_external": false, "used_time": 1, "children": [{"tag": "CONTENT", "is_external": false, "used_time": 1, "children": [{"tag": "PROPERTIES_FONT", "is_external": false, "used_time": 1, "children": []}]}]}, {"tag": "TextStyle", "is_external": false, "used_time": 1, "children": [{"tag": "CONTENT", "is_external": false, "used_time": 1, "children": [{"tag": "PROPERTIES_FONT", "is_external": false, "used_time": 1, "children": []}]}, {"tag": "repository_Variable", "is_external": true, "used_time": 209, "resdescid": "3858", "children": []}]}, {"tag": "TextStyle", "is_external": false, "used_time": 1, "children": [{"tag": "CONTENT", "is_external": false, "used_time": 1, "children": [{"tag": "PROPERTIES_FONT", "is_external": false, "used_time": 1, "children": []}]}]}]}, {"tag": "repository_TextStyle", "is_external": true, "used_time": 43, "resdescid": "5137", "children": [{"tag": "tab", "is_external": false, "used_time": 1, "children": []}, {"tag": "TextStyle", "is_external": false, "used_time": 1, "children": [{"tag": "CONTENT", "is_external": false, "used_time": 1, "children": [{"tag": "PROPERTIES_FONT", "is_external": false, "used_time": 1, "children": []}]}]}, {"tag": "repository_Variable", "is_external": true, "used_time": 14, "resdescid": "914", "children": []}]}]}]}]}]}]}]}]}, {"tag": "repository_TemplateSubSet", "is_external": true, "used_time": 69, "resdescid": "841887", "children": [{"tag": "CONTENT", "is_external": false, "used_time": 1, "children": []}]}, {"tag": "If", "is_external": false, "used_time": 1, "children": [{"tag": "CONTENT", "is_external": false, "used_time": 1, "children": [{"tag": "If_VALUE", "is_external": false, "used_time": 1, "children": [{"tag": "CONDITION_OP", "is_external": false, "used_time": 1, "children": [{"tag": "XML_VALUE", "is_external": false, "used_time": 1, "children": [{"tag": "repository_Variable", "is_external": true, "used_time": 25, "resdescid": "3832", "children": []}]}, {"tag": "XML_VALUE", "is_external": false, "used_time": 1, "children": []}]}, {"tag": "CONDITION_OP", "is_external": false, "used_time": 1, "children": [{"tag": "XML_VALUE", "is_external": false, "used_time": 1, "children": [{"tag": "repository_Variable", "is_external": true, "used_time": 44, "resdescid": "798", "children": []}]}, {"tag": "XML_VALUE", "is_external": false, "used_time": 1, "children": []}]}, {"tag": "CONDITION_OP", "is_external": false, "used_time": 1, "children": [{"tag": "XML_VALUE", "is_external": false, "used_time": 1, "children": [{"tag": "repository_Variable", "is_external": true, "used_time": 44, "resdescid": "798", "children": []}]}, {"tag": "XML_VALUE", "is_external": false, "used_time": 1, "children": []}]}, {"tag": "CONDITION_OP", "is_external": false, "used_time": 1, "children": [{"tag": "XML_VALUE", "is_external": false, "used_time": 1, "children": [{"tag": "repository_Variable", "is_external": true, "used_time": 44, "resdescid": "798", "children": []}]}, {"tag": "XML_VALUE", "is_external": false, "used_time": 1, "children": []}]}, {"tag": "CONDITION_OP", "is_external": false, "used_time": 1, "children": [{"tag": "XML_VALUE", "is_external": false, "used_time": 1, "children": [{"tag": "repository_Variable", "is_external": true, "used_time": 44, "resdescid": "798", "children": []}]}, {"tag": "XML_VALUE", "is_external": false, "used_time": 1, "children": []}]}, {"tag": "CONDITION_OP", "is_external": false, "used_time": 1, "children": [{"tag": "CONDITION_OP", "is_external": false, "used_time": 1, "children": [{"tag": "XML_VALUE", "is_external": false, "used_time": 1, "children": [{"tag": "repository_Variable", "is_external": true, "used_time": 44, "resdescid": "798", "children": []}]}, {"tag": "XML_VALUE", "is_external": false, "used_time": 1, "children": []}]}, {"tag": "CONDITION_OP", "is_external": false, "used_time": 1, "children": [{"tag": "XML_VALUE", "is_external": false, "used_time": 1, "children": [{"tag": "repository_Variable", "is_external": true, "used_time": 44, "resdescid": "798", "children": []}]}, {"tag": "XML_VALUE", "is_external": false, "used_time": 1, "children": []}]}]}, {"tag": "CONDITION_OP", "is_external": false, "used_time": 1, "children": [{"tag": "CONDITION_OP", "is_external": false, "used_time": 1, "children": [{"tag": "CONDITION_OP", "is_external": false, "used_time": 1, "children": [{"tag": "XML_VALUE", "is_external": false, "used_time": 1, "children": [{"tag": "repository_Variable", "is_external": true, "used_time": 44, "resdescid": "798", "children": []}]}, {"tag": "XML_VALUE", "is_external": false, "used_time": 1, "children": []}]}, {"tag": "CONDITION_OP", "is_external": false, "used_time": 1, "children": [{"tag": "XML_VALUE", "is_external": false, "used_time": 1, "children": [{"tag": "repository_Variable", "is_external": true, "used_time": 44, "resdescid": "798", "children": []}]}, {"tag": "XML_VALUE", "is_external": false, "used_time": 1, "children": []}]}]}, {"tag": "CONDITION_OP", "is_external": false, "used_time": 1, "children": [{"tag": "XML_VALUE", "is_external": false, "used_time": 1, "children": [{"tag": "repository_Variable", "is_external": true, "used_time": 44, "resdescid": "798", "children": []}]}, {"tag": "XML_VALUE", "is_external": false, "used_time": 1, "children": []}]}]}, {"tag": "CONDITION_OP", "is_external": false, "used_time": 1, "children": [{"tag": "CONDITION_OP", "is_external": false, "used_time": 1, "children": [{"tag": "CONDITION_OP", "is_external": false, "used_time": 1, "children": [{"tag": "CONDITION_OP", "is_external": false, "used_time": 1, "children": [{"tag": "XML_VALUE", "is_external": false, "used_time": 1, "children": [{"tag": "repository_Variable", "is_external": true, "used_time": 44, "resdescid": "798", "children": []}]}, {"tag": "XML_VALUE", "is_external": false, "used_time": 1, "children": []}]}, {"tag": "CONDITION_OP", "is_external": false, "used_time": 1, "children": [{"tag": "XML_VALUE", "is_external": false, "used_time": 1, "children": [{"tag": "repository_Variable", "is_external": true, "used_time": 44, "resdescid": "798", "children": []}]}, {"tag": "XML_VALUE", "is_external": false, "used_time": 1, "children": []}]}]}, {"tag": "CONDITION_OP", "is_external": false, "used_time": 1, "children": [{"tag": "XML_VALUE", "is_external": false, "used_time": 1, "children": [{"tag": "repository_Variable", "is_external": true, "used_time": 44, "resdescid": "798", "children": []}]}, {"tag": "XML_VALUE", "is_external": false, "used_time": 1, "children": []}]}]}, {"tag": "CONDITION_OP", "is_external": false, "used_time": 1, "children": [{"tag": "XML_VALUE", "is_external": false, "used_time": 1, "children": [{"tag": "repository_Variable", "is_external": true, "used_time": 44, "resdescid": "798", "children": []}]}, {"tag": "XML_VALUE", "is_external": false, "used_time": 1, "children": []}]}]}, {"tag": "CONDITION_OP", "is_external": false, "used_time": 1, "children": [{"tag": "CONDITION_OP", "is_external": false, "used_time": 1, "children": [{"tag": "XML_VALUE", "is_external": false, "used_time": 1, "children": [{"tag": "repository_Variable", "is_external": true, "used_time": 25, "resdescid": "3832", "children": []}]}, {"tag": "XML_VALUE", "is_external": false, "used_time": 1, "children": []}]}, {"tag": "CONDITION_OP", "is_external": false, "used_time": 1, "children": [{"tag": "CONDITION_OP", "is_external": false, "used_time": 1, "children": [{"tag": "CONDITION_OP", "is_external": false, "used_time": 1, "children": [{"tag": "CONDITION_OP", "is_external": false, "used_time": 1, "children": [{"tag": "XML_VALUE", "is_external": false, "used_time": 1, "children": [{"tag": "repository_Variable", "is_external": true, "used_time": 44, "resdescid": "798", "children": []}]}, {"tag": "XML_VALUE", "is_external": false, "used_time": 1, "children": []}]}, {"tag": "CONDITION_OP", "is_external": false, "used_time": 1, "children": [{"tag": "XML_VALUE", "is_external": false, "used_time": 1, "children": [{"tag": "repository_Variable", "is_external": true, "used_time": 44, "resdescid": "798", "children": []}]}, {"tag": "XML_VALUE", "is_external": false, "used_time": 1, "children": []}]}]}, {"tag": "CONDITION_OP", "is_external": false, "used_time": 1, "children": [{"tag": "XML_VALUE", "is_external": false, "used_time": 1, "children": [{"tag": "repository_Variable", "is_external": true, "used_time": 44, "resdescid": "798", "children": []}]}, {"tag": "XML_VALUE", "is_external": false, "used_time": 1, "children": []}]}]}, {"tag": "CONDITION_OP", "is_external": false, "used_time": 1, "children": [{"tag": "XML_VALUE", "is_external": false, "used_time": 1, "children": [{"tag": "repository_Variable", "is_external": true, "used_time": 44, "resdescid": "798", "children": []}]}, {"tag": "XML_VALUE", "is_external": false, "used_time": 1, "children": []}]}]}]}]}, {"tag": "If_DEFAULT", "is_external": false, "used_time": 1, "children": []}]}, {"tag": "If_VALUE", "is_external": false, "used_time": 1, "children": [{"tag": "repository_Paragraph", "is_external": true, "used_time": 6, "resdescid": "5427384", "children": [{"tag": "CONTENT", "is_external": false, "used_time": 1, "children": []}]}]}, {"tag": "If_DEFAULT", "is_external": false, "used_time": 1, "children": [{"tag": "If", "is_external": false, "used_time": 1, "children": [{"tag": "CONTENT", "is_external": false, "used_time": 1, "children": [{"tag": "If_VALUE", "is_external": false, "used_time": 1, "children": [{"tag": "CONDITION_OP", "is_external": false, "used_time": 1, "children": [{"tag": "XML_VALUE", "is_external": false, "used_time": 1, "children": [{"tag": "repository_Variable", "is_external": true, "used_time": 25, "resdescid": "3832", "children": []}]}, {"tag": "XML_VALUE", "is_external": false, "used_time": 1, "children": []}]}]}]}, {"tag": "If_VALUE", "is_external": false, "used_time": 1, "children": [{"tag": "MultipleText", "is_external": false, "used_time": 1, "children": [{"tag": "CONTENT", "is_external": false, "used_time": 1, "children": [{"tag": "If_VALUE", "is_external": false, "used_time": 1, "children": [{"tag": "CONDITION_OP", "is_external": false, "used_time": 1, "children": [{"tag": "XML_VALUE", "is_external": false, "used_time": 1, "children": [{"tag": "repository_Variable", "is_external": true, "used_time": 10, "resdescid": "931", "children": []}]}, {"tag": "XML_VALUE", "is_external": false, "used_time": 1, "children": []}]}, {"tag": "CONDITION_OP", "is_external": false, "used_time": 1, "children": [{"tag": "XML_VALUE", "is_external": false, "used_time": 1, "children": [{"tag": "repository_Variable", "is_external": true, "used_time": 44, "resdescid": "798", "children": []}]}, {"tag": "XML_VALUE", "is_external": false, "used_time": 1, "children": []}]}, {"tag": "CONDITION_OP", "is_external": false, "used_time": 1, "children": [{"tag": "XML_VALUE", "is_external": false, "used_time": 1, "children": [{"tag": "repository_Variable", "is_external": true, "used_time": 44, "resdescid": "798", "children": []}]}, {"tag": "XML_VALUE", "is_external": false, "used_time": 1, "children": []}]}, {"tag": "CONDITION_OP", "is_external": false, "used_time": 1, "children": [{"tag": "XML_VALUE", "is_external": false, "used_time": 1, "children": [{"tag": "repository_Variable", "is_external": true, "used_time": 44, "resdescid": "798", "children": []}]}, {"tag": "XML_VALUE", "is_external": false, "used_time": 1, "children": []}]}, {"tag": "CONDITION_OP", "is_external": false, "used_time": 1, "children": [{"tag": "XML_VALUE", "is_external": false, "used_time": 1, "children": [{"tag": "repository_Variable", "is_external": true, "used_time": 44, "resdescid": "798", "children": []}]}, {"tag": "XML_VALUE", "is_external": false, "used_time": 1, "children": []}]}, {"tag": "CONDITION_OP", "is_external": false, "used_time": 1, "children": [{"tag": "CONDITION_OP", "is_external": false, "used_time": 1, "children": [{"tag": "XML_VALUE", "is_external": false, "used_time": 1, "children": [{"tag": "repository_Variable", "is_external": true, "used_time": 44, "resdescid": "798", "children": []}]}, {"tag": "XML_VALUE", "is_external": false, "used_time": 1, "children": []}]}, {"tag": "CONDITION_OP", "is_external": false, "used_time": 1, "children": [{"tag": "XML_VALUE", "is_external": false, "used_time": 1, "children": [{"tag": "repository_Variable", "is_external": true, "used_time": 44, "resdescid": "798", "children": []}]}, {"tag": "XML_VALUE", "is_external": false, "used_time": 1, "children": []}]}]}, {"tag": "CONDITION_OP", "is_external": false, "used_time": 1, "children": [{"tag": "CONDITION_OP", "is_external": false, "used_time": 1, "children": [{"tag": "CONDITION_OP", "is_external": false, "used_time": 1, "children": [{"tag": "XML_VALUE", "is_external": false, "used_time": 1, "children": [{"tag": "repository_Variable", "is_external": true, "used_time": 44, "resdescid": "798", "children": []}]}, {"tag": "XML_VALUE", "is_external": false, "used_time": 1, "children": []}]}, {"tag": "CONDITION_OP", "is_external": false, "used_time": 1, "children": [{"tag": "XML_VALUE", "is_external": false, "used_time": 1, "children": [{"tag": "repository_Variable", "is_external": true, "used_time": 44, "resdescid": "798", "children": []}]}, {"tag": "XML_VALUE", "is_external": false, "used_time": 1, "children": []}]}]}, {"tag": "CONDITION_OP", "is_external": false, "used_time": 1, "children": [{"tag": "XML_VALUE", "is_external": false, "used_time": 1, "children": [{"tag": "repository_Variable", "is_external": true, "used_time": 44, "resdescid": "798", "children": []}]}, {"tag": "XML_VALUE", "is_external": false, "used_time": 1, "children": []}]}]}, {"tag": "CONDITION_OP", "is_external": false, "used_time": 1, "children": [{"tag": "CONDITION_OP", "is_external": false, "used_time": 1, "children": [{"tag": "CONDITION_OP", "is_external": false, "used_time": 1, "children": [{"tag": "CONDITION_OP", "is_external": false, "used_time": 1, "children": [{"tag": "XML_VALUE", "is_external": false, "used_time": 1, "children": [{"tag": "repository_Variable", "is_external": true, "used_time": 44, "resdescid": "798", "children": []}]}, {"tag": "XML_VALUE", "is_external": false, "used_time": 1, "children": []}]}, {"tag": "CONDITION_OP", "is_external": false, "used_time": 1, "children": [{"tag": "XML_VALUE", "is_external": false, "used_time": 1, "children": [{"tag": "repository_Variable", "is_external": true, "used_time": 44, "resdescid": "798", "children": []}]}, {"tag": "XML_VALUE", "is_external": false, "used_time": 1, "children": []}]}]}, {"tag": "CONDITION_OP", "is_external": false, "used_time": 1, "children": [{"tag": "XML_VALUE", "is_external": false, "used_time": 1, "children": [{"tag": "repository_Variable", "is_external": true, "used_time": 44, "resdescid": "798", "children": []}]}, {"tag": "XML_VALUE", "is_external": false, "used_time": 1, "children": []}]}]}, {"tag": "CONDITION_OP", "is_external": false, "used_time": 1, "children": [{"tag": "XML_VALUE", "is_external": false, "used_time": 1, "children": [{"tag": "repository_Variable", "is_external": true, "used_time": 44, "resdescid": "798", "children": []}]}, {"tag": "XML_VALUE", "is_external": false, "used_time": 1, "children": []}]}]}, {"tag": "CONDITION_OP", "is_external": false, "used_time": 1, "children": [{"tag": "CONDITION_OP", "is_external": false, "used_time": 1, "children": [{"tag": "XML_VALUE", "is_external": false, "used_time": 1, "children": [{"tag": "repository_Variable", "is_external": true, "used_time": 10, "resdescid": "931", "children": []}]}, {"tag": "XML_VALUE", "is_external": false, "used_time": 1, "children": []}]}, {"tag": "CONDITION_OP", "is_external": false, "used_time": 1, "children": [{"tag": "CONDITION_OP", "is_external": false, "used_time": 1, "children": [{"tag": "CONDITION_OP", "is_external": false, "used_time": 1, "children": [{"tag": "CONDITION_OP", "is_external": false, "used_time": 1, "children": [{"tag": "XML_VALUE", "is_external": false, "used_time": 1, "children": [{"tag": "repository_Variable", "is_external": true, "used_time": 44, "resdescid": "798", "children": []}]}, {"tag": "XML_VALUE", "is_external": false, "used_time": 1, "children": []}]}, {"tag": "CONDITION_OP", "is_external": false, "used_time": 1, "children": [{"tag": "XML_VALUE", "is_external": false, "used_time": 1, "children": [{"tag": "repository_Variable", "is_external": true, "used_time": 44, "resdescid": "798", "children": []}]}, {"tag": "XML_VALUE", "is_external": false, "used_time": 1, "children": []}]}]}, {"tag": "CONDITION_OP", "is_external": false, "used_time": 1, "children": [{"tag": "XML_VALUE", "is_external": false, "used_time": 1, "children": [{"tag": "repository_Variable", "is_external": true, "used_time": 44, "resdescid": "798", "children": []}]}, {"tag": "XML_VALUE", "is_external": false, "used_time": 1, "children": []}]}]}, {"tag": "CONDITION_OP", "is_external": false, "used_time": 1, "children": [{"tag": "XML_VALUE", "is_external": false, "used_time": 1, "children": [{"tag": "repository_Variable", "is_external": true, "used_time": 44, "resdescid": "798", "children": []}]}, {"tag": "XML_VALUE", "is_external": false, "used_time": 1, "children": []}]}]}]}]}, {"tag": "If_VALUE", "is_external": false, "used_time": 1, "children": [{"tag": "CONDITION_OP", "is_external": false, "used_time": 1, "children": [{"tag": "XML_VALUE", "is_external": false, "used_time": 1, "children": [{"tag": "repository_Variable", "is_external": true, "used_time": 10, "resdescid": "931", "children": []}]}, {"tag": "XML_VALUE", "is_external": false, "used_time": 1, "children": []}]}, {"tag": "CONDITION_OP", "is_external": false, "used_time": 1, "children": [{"tag": "XML_VALUE", "is_external": false, "used_time": 1, "children": [{"tag": "repository_Variable", "is_external": true, "used_time": 44, "resdescid": "798", "children": []}]}, {"tag": "XML_VALUE", "is_external": false, "used_time": 1, "children": []}]}, {"tag": "CONDITION_OP", "is_external": false, "used_time": 1, "children": [{"tag": "CONDITION_OP", "is_external": false, "used_time": 1, "children": [{"tag": "XML_VALUE", "is_external": false, "used_time": 1, "children": [{"tag": "repository_Variable", "is_external": true, "used_time": 10, "resdescid": "931", "children": []}]}, {"tag": "XML_VALUE", "is_external": false, "used_time": 1, "children": []}]}, {"tag": "CONDITION_OP", "is_external": false, "used_time": 1, "children": [{"tag": "XML_VALUE", "is_external": false, "used_time": 1, "children": [{"tag": "repository_Variable", "is_external": true, "used_time": 44, "resdescid": "798", "children": []}]}, {"tag": "XML_VALUE", "is_external": false, "used_time": 1, "children": []}]}]}]}]}, {"tag": "If_VALUE", "is_external": false, "used_time": 1, "children": [{"tag": "repository_Paragraph", "is_external": true, "used_time": 94, "resdescid": "846433", "children": [{"tag": "CONTENT", "is_external": false, "used_time": 1, "children": []}]}]}, {"tag": "If_VALUE", "is_external": false, "used_time": 1, "children": [{"tag": "repository_Paragraph", "is_external": true, "used_time": 94, "resdescid": "846433", "children": [{"tag": "CONTENT", "is_external": false, "used_time": 1, "children": []}]}]}]}]}]}]}]}, {"tag": "repository_MultipleText", "is_external": true, "used_time": 2, "resdescid": "5414191", "children": [{"tag": "If_VALUE", "is_external": false, "used_time": 1, "children": [{"tag": "repository_Paragraph", "is_external": true, "used_time": 1, "resdescid": "5427398", "children": [{"tag": "CONTENT", "is_external": false, "used_time": 1, "children": []}]}]}, {"tag": "If_VALUE", "is_external": false, "used_time": 1, "children": [{"tag": "repository_Paragraph", "is_external": true, "used_time": 1, "resdescid": "5427399", "children": [{"tag": "CONTENT", "is_external": false, "used_time": 1, "children": []}]}]}, {"tag": "If_VALUE", "is_external": false, "used_time": 1, "children": [{"tag": "If", "is_external": false, "used_time": 1, "children": [{"tag": "CONTENT", "is_external": false, "used_time": 1, "children": [{"tag": "If_VALUE", "is_external": false, "used_time": 1, "children": [{"tag": "CONDITION_OP", "is_external": false, "used_time": 1, "children": [{"tag": "XML_VALUE", "is_external": false, "used_time": 1, "children": [{"tag": "repository_Variable", "is_external": true, "used_time": 25, "resdescid": "3832", "children": []}]}, {"tag": "XML_VALUE", "is_external": false, "used_time": 1, "children": []}]}]}, {"tag": "If_DEFAULT", "is_external": false, "used_time": 1, "children": []}]}, {"tag": "If_VALUE", "is_external": false, "used_time": 1, "children": [{"tag": "repository_Paragraph", "is_external": true, "used_time": 1, "resdescid": "5427398", "children": [{"tag": "CONTENT", "is_external": false, "used_time": 1, "children": []}]}]}, {"tag": "If_DEFAULT", "is_external": false, "used_time": 1, "children": [{"tag": "If", "is_external": false, "used_time": 1, "children": [{"tag": "CONTENT", "is_external": false, "used_time": 1, "children": [{"tag": "If_VALUE", "is_external": false, "used_time": 1, "children": [{"tag": "CONDITION_OP", "is_external": false, "used_time": 1, "children": [{"tag": "XML_VALUE", "is_external": false, "used_time": 1, "children": [{"tag": "repository_Variable", "is_external": true, "used_time": 10, "resdescid": "931", "children": []}]}, {"tag": "XML_VALUE", "is_external": false, "used_time": 1, "children": []}]}]}, {"tag": "If_DEFAULT", "is_external": false, "used_time": 1, "children": []}]}, {"tag": "If_VALUE", "is_external": false, "used_time": 1, "children": [{"tag": "Paragraph", "is_external": false, "used_time": 1, "children": [{"tag": "CONTENT", "is_external": false, "used_time": 1, "children": [{"tag": "repository_DataManager", "is_external": true, "used_time": 141, "resdescid": "4185", "children": []}, {"tag": "LocalVars", "is_external": false, "used_time": 1, "children": []}, {"tag": "STYLE-AUTOMATIC", "is_external": false, "used_time": 1, "children": []}, {"tag": "TEXT", "is_external": false, "used_time": 1, "children": [{"tag": "repository_TextStyle", "is_external": true, "used_time": 206, "resdescid": "4986", "children": [{"tag": "TextStyle", "is_external": false, "used_time": 1, "children": [{"tag": "CONTENT", "is_external": false, "used_time": 1, "children": [{"tag": "PROPERTIES_FONT", "is_external": false, "used_time": 1, "children": []}]}]}]}, {"tag": "repository_TextStyle", "is_external": true, "used_time": 206, "resdescid": "4986", "children": [{"tag": "TextStyle", "is_external": false, "used_time": 1, "children": [{"tag": "CONTENT", "is_external": false, "used_time": 1, "children": [{"tag": "PROPERTIES_FONT", "is_external": false, "used_time": 1, "children": []}]}]}]}, {"tag": "repository_TextStyle", "is_external": true, "used_time": 206, "resdescid": "4986", "children": [{"tag": "TextStyle", "is_external": false, "used_time": 1, "children": [{"tag": "CONTENT", "is_external": false, "used_time": 1, "children": [{"tag": "PROPERTIES_FONT", "is_external": false, "used_time": 1, "children": []}]}]}]}, {"tag": "repository_TextStyle", "is_external": true, "used_time": 206, "resdescid": "4986", "children": [{"tag": "TextStyle", "is_external": false, "used_time": 1, "children": [{"tag": "CONTENT", "is_external": false, "used_time": 1, "children": [{"tag": "PROPERTIES_FONT", "is_external": false, "used_time": 1, "children": []}]}]}]}, {"tag": "repository_TextStyle", "is_external": true, "used_time": 206, "resdescid": "4986", "children": [{"tag": "TextStyle", "is_external": false, "used_time": 1, "children": [{"tag": "CONTENT", "is_external": false, "used_time": 1, "children": [{"tag": "PROPERTIES_FONT", "is_external": false, "used_time": 1, "children": []}]}]}]}, {"tag": "repository_TextStyle", "is_external": true, "used_time": 206, "resdescid": "4986", "children": [{"tag": "TextStyle", "is_external": false, "used_time": 1, "children": [{"tag": "CONTENT", "is_external": false, "used_time": 1, "children": [{"tag": "PROPERTIES_FONT", "is_external": false, "used_time": 1, "children": []}]}]}]}, {"tag": "repository_TextStyle", "is_external": true, "used_time": 206, "resdescid": "4986", "children": [{"tag": "TextStyle", "is_external": false, "used_time": 1, "children": [{"tag": "CONTENT", "is_external": false, "used_time": 1, "children": [{"tag": "PROPERTIES_FONT", "is_external": false, "used_time": 1, "children": []}]}]}, {"tag": "TextStyle", "is_external": false, "used_time": 1, "children": [{"tag": "CONTENT", "is_external": false, "used_time": 1, "children": [{"tag": "PROPERTIES_FONT", "is_external": false, "used_time": 1, "children": []}]}, {"tag": "repository_Variable", "is_external": true, "used_time": 209, "resdescid": "3858", "children": []}]}, {"tag": "TextStyle", "is_external": false, "used_time": 1, "children": [{"tag": "CONTENT", "is_external": false, "used_time": 1, "children": [{"tag": "PROPERTIES_FONT", "is_external": false, "used_time": 1, "children": []}]}]}, {"tag": "TextStyle", "is_external": false, "used_time": 1, "children": [{"tag": "CONTENT", "is_external": false, "used_time": 1, "children": [{"tag": "PROPERTIES_FONT", "is_external": false, "used_time": 1, "children": []}]}, {"tag": "repository_CustomFunc", "is_external": true, "used_time": 4, "resdescid": "837336", "children": []}]}, {"tag": "TextStyle", "is_external": false, "used_time": 1, "children": [{"tag": "CONTENT", "is_external": false, "used_time": 1, "children": [{"tag": "PROPERTIES_FONT", "is_external": false, "used_time": 1, "children": []}]}]}]}, {"tag": "repository_TextStyle", "is_external": true, "used_time": 206, "resdescid": "4986", "children": [{"tag": "TextStyle", "is_external": false, "used_time": 1, "children": [{"tag": "CONTENT", "is_external": false, "used_time": 1, "children": [{"tag": "PROPERTIES_FONT", "is_external": false, "used_time": 1, "children": []}]}]}]}, {"tag": "repository_TextStyle", "is_external": true, "used_time": 206, "resdescid": "4986", "children": [{"tag": "TextStyle", "is_external": false, "used_time": 1, "children": [{"tag": "CONTENT", "is_external": false, "used_time": 1, "children": [{"tag": "PROPERTIES_FONT", "is_external": false, "used_time": 1, "children": []}]}]}]}]}]}]}]}, {"tag": "If_DEFAULT", "is_external": false, "used_time": 1, "children": [{"tag": "repository_Paragraph", "is_external": true, "used_time": 1, "resdescid": "5427397", "children": [{"tag": "CONTENT", "is_external": false, "used_time": 1, "children": []}]}]}]}]}]}]}]}]}, {"tag": "TemplateClass_Anchor", "is_external": false, "used_time": 1, "children": [{"tag": "CustomObject", "is_external": false, "used_time": 1, "children": [{"tag": "CONTENT", "is_external": false, "used_time": 1, "children": [{"tag": "repository_CustomLibrary", "is_external": true, "used_time": 603, "resdescid": "97", "children": [{"tag": "CustomObject", "is_external": false, "used_time": 1, "children": []}]}, {"tag": "XML_VALUE", "is_external": false, "used_time": 1, "children": []}, {"tag": "XML_VALUE", "is_external": false, "used_time": 1, "children": []}]}]}, {"tag": "CustomObject", "is_external": false, "used_time": 1, "children": [{"tag": "CONTENT", "is_external": false, "used_time": 1, "children": [{"tag": "repository_CustomLibrary", "is_external": true, "used_time": 603, "resdescid": "97", "children": [{"tag": "CustomObject", "is_external": false, "used_time": 1, "children": []}]}, {"tag": "XML_VALUE", "is_external": false, "used_time": 1, "children": []}, {"tag": "XML_VALUE", "is_external": false, "used_time": 1, "children": []}]}]}, {"tag": "CustomObject", "is_external": false, "used_time": 1, "children": [{"tag": "CONTENT", "is_external": false, "used_time": 1, "children": [{"tag": "repository_CustomLibrary", "is_external": true, "used_time": 603, "resdescid": "97", "children": [{"tag": "CustomObject", "is_external": false, "used_time": 1, "children": []}]}, {"tag": "XML_VALUE", "is_external": false, "used_time": 1, "children": []}, {"tag": "XML_VALUE", "is_external": false, "used_time": 1, "children": []}]}]}, {"tag": "CustomObject", "is_external": false, "used_time": 1, "children": [{"tag": "CONTENT", "is_external": false, "used_time": 1, "children": [{"tag": "repository_CustomLibrary", "is_external": true, "used_time": 603, "resdescid": "97", "children": [{"tag": "CustomObject", "is_external": false, "used_time": 1, "children": []}]}, {"tag": "XML_VALUE", "is_external": false, "used_time": 1, "children": []}, {"tag": "XML_VALUE", "is_external": false, "used_time": 1, "children": []}]}]}, {"tag": "CustomObject", "is_external": false, "used_time": 1, "children": [{"tag": "CONTENT", "is_external": false, "used_time": 1, "children": [{"tag": "repository_CustomLibrary", "is_external": true, "used_time": 603, "resdescid": "97", "children": [{"tag": "CustomObject", "is_external": false, "used_time": 1, "children": []}]}, {"tag": "XML_VALUE", "is_external": false, "used_time": 1, "children": []}, {"tag": "XML_VALUE", "is_external": false, "used_time": 1, "children": []}]}]}, {"tag": "PageBreak", "is_external": false, "used_time": 1, "children": [{"tag": "CONTENT", "is_external": false, "used_time": 1, "children": []}]}, {"tag": "Paragraph", "is_external": false, "used_time": 1, "children": [{"tag": "CONTENT", "is_external": false, "used_time": 1, "children": [{"tag": "LocalVars", "is_external": false, "used_time": 1, "children": []}, {"tag": "STYLE-AUTOMATIC", "is_external": false, "used_time": 1, "children": []}, {"tag": "TEXT", "is_external": false, "used_time": 1, "children": [{"tag": "repository_TextStyle", "is_external": true, "used_time": 139, "resdescid": "2435463", "children": []}]}]}]}]}, {"tag": "TemplateClass_Anchor", "is_external": false, "used_time": 1, "children": []}, {"tag": "TemplateClass_Anchor", "is_external": false, "used_time": 1, "children": []}, {"tag": "TemplateClass_Anchor", "is_external": false, "used_time": 1, "children": [{"tag": "CustomObject", "is_external": false, "used_time": 1, "children": [{"tag": "CONTENT", "is_external": false, "used_time": 1, "children": [{"tag": "repository_CustomLibrary", "is_external": true, "used_time": 207, "resdescid": "40", "children": [{"tag": "CustomObject", "is_external": false, "used_time": 1, "children": []}]}, {"tag": "XML_VALUE", "is_external": false, "used_time": 1, "children": []}, {"tag": "XML_VALUE", "is_external": false, "used_time": 1, "children": []}, {"tag": "XML_VALUE", "is_external": false, "used_time": 1, "children": []}]}]}]}]}]}]}